id,inn,half,scoreA,scoreB,ball,strk,out,b1,b2,b3,b1Idx,b2Idx,b3Idx,pCnt,pSec,pName,pHand,pType,pPow,spdK,zoneX,zoneY,startX,startY,targetX,targetY,zDist,pitchAngle,pOver,pSide,pUnder,call,balk,sH,sV,gyro,plx,plz,bSwing,bIdx,bPos,bZone,bName,bHCm,batLen,batCen,batType,bFps,bOS,bVR,hSec,rotS,rotL,shS,lgS,prepS,batSpd,ev,ldeg,sdeg,hPos,buntGrip,handDist,angVeloX,angVeloY,angVeloZ,PPosX,PPosY,PThrSpd,CName,CPosX,CPosY,CThrSpd,1BName,1BPosX,1BPosY,1BThrSpd,2BName,2BPosX,2BPosY,2BThrSpd,3BName,3BPosX,3BPosY,3BThrSpd,SSName,SSPosX,SSPosY,SSThrSpd,LFName,LFPosX,LFPosY,LFThrSpd,CFName,CFPosX,CFPosY,CFThrSpd,RFName,RFPosX,RFPosY,RFThrSpd,ltSec,lx,lz,cSec,cPos,cPlr,cx,cz,1BSafe,tag,cpSec,sb2Sec,sb3Sec,sbhSec,ass,result
1,1,1,0,0,0,0,0,0,0,0,255,255,255,0,317.028,"SFIDA",L,34,89,140,1.208,0.111,-0.129,1.794,0.623,1.609,-36.954,10.397,50,50,0,0,0,-74.154,-44.499,0,0,0,0,0,8,R,"Pizzallaris",170,88,0.383,0,73,W,Y,0,0,0,0,0,0,0,0,0,0,0,0,0,0,0,0,0.074,-37.962,0,"559：広告",0.072,-17.723,0,"甲斐野柊太",-21.111,-48.389,0,"柴山犬吉",-16.269,-63.032,0,"Azuner",17.094,-49.484,0,"coder_",9.334,-64.614,0,"YukihiroD",30.306,-91.68,0,"Amellaid",-4.226,-111.696,0,"소솨소솨",-47.754,-90.947,0,0,0,0,0,0,"",0,0,0,0,318.6,,,,0,0
2,1,1,0,0,0,1,0,0,0,0,255,255,255,1,333.324,"SFIDA",L,10,70,100,0.677,-1.509,-0.167,1.821,0.299,1.454,-36.954,22.415,50,50,0,1,0,0,400,0,0.161,-18.397,0,0,8,R,"Pizzallaris",170,88,0.383,0,73,W,Y,0,0,0,0,0,0,0,0,0,0,0,0,0,0,0,0,0.135,-37.998,0,"559：広告",0.104,-17.716,0,"甲斐野柊太",-19.024,-46.664,0,"柴山犬吉",-16.388,-62.746,0,"Azuner",16.219,-49.771,0,"coder_",8.851,-62.551,0,"YukihiroD",30.302,-91.687,0,"Amellaid",-4.169,-110.154,0,"소솨소솨",-46.568,-93.553,0,0,0,0,0,0,"",0,0,0,0,335.111,,,,0,0
3,1,1,0,0,0,2,0,0,0,0,255,255,255,2,350.678,"SFIDA",L,6,53,86,-4.078,0.253,-0.505,1.849,-0.749,1.768,-36.954,38.152,100,0,0,1,0,-390.909,0,0,0,0,0,0,8,R,"Pizzallaris",170,88,0.383,0,73,W,Y,0,0,0,0,0,0,0,0,0,0,0,0,0,0,0,0,0.048,-37.851,0,"559：広告",-0.295,-17.841,0,"甲斐野柊太",-19.34,-48.181,0,"柴山犬吉",-16.342,-62.805,0,"Azuner",16.217,-49.762,0,"coder_",9.109,-63.203,0,"YukihiroD",30.294,-91.68,0,"Amellaid",-4.174,-110.233,0,"소솨소솨",-46.57,-93.542,0,0,0,0,0,0,"",0,0,0,0,352.567,,,,0,0
4,1,1,0,0,1,2,0,0,0,0,255,255,255,3,367.817,"SFIDA",L,34,87,140,-0.599,2.245,-0.293,2.014,-0.141,2.776,-36.954,31.597,88,11,2,1,0,-78.633,-77.035,0,0,0,0,0,8,R,"Pizzallaris",170,88,0.383,0,73,W,Y,0,0,0,0,0,0,0,0,0,0,0,0,0,0,0,0,-0.007,-37.924,0,"559：広告",0.226,-18.063,0,"甲斐野柊太",-21.74,-48.387,0,"柴山犬吉",-16.362,-62.791,0,"Azuner",16.366,-49.636,0,"coder_",9.532,-64.353,0,"YukihiroD",30.044,-91.793,0,"Amellaid",-4.088,-113.198,0,"소솨소솨",-46.553,-93.567,0,0,0,0,0,0,"",0,0,0,0,369.467,,,,0,0
5,1,1,0,0,2,2,0,0,0,0,255,255,255,4,420.734,"SFIDA",L,0,90,140,-2.262,-0.253,-0.461,1.836,-0.922,1.408,-36.954,32.052,87,11,2,1,0,-34.991,-37.852,0,0,0,0,0,8,R,"Pizzallaris",170,88,0.383,0,73,W,Y,0,0,0,0,0,0,0,0,0,0,0,0,0,0,0,0,0.1,-37.819,0,"559：広告",0.002,-17.996,0,"甲斐野柊太",-19.934,-45.761,0,"柴山犬吉",-16.363,-62.777,0,"Azuner",16.216,-50.464,0,"coder_",9.075,-63.495,0,"YukihiroD",29.897,-91.867,0,"Amellaid",-3.953,-110.08,0,"소솨소솨",-45.328,-93.007,0,0,0,0,0,0,"",0,0,0,0,422.333,,,,0,0
6,1,1,0,0,3,2,0,0,0,0,255,255,255,5,440.201,"SFIDA",L,28,89,140,-2.259,1.474,-0.448,1.994,-0.859,2.337,-36.954,39.425,83,16,1,2,0,-78.962,-79.68,0,0,0,0,0,8,R,"Pizzallaris",170,88,0.383,3,73,W,Y,441.311,215,120,81,83,42,145,99,28.539,46.725,0.91,0,0.222,141.606,338.95,-50.423,-0.26,-37.748,0,"559：広告",-0.07,-17.906,0,"甲斐野柊太",-19.448,-46.194,0,"柴山犬吉",-16.413,-62.721,0,"Azuner",16.286,-50.21,0,"coder_",9.689,-63.651,0,"YukihiroD",29.705,-91.89,0,"Amellaid",-3.983,-110.26,0,"소솨소솨",-44.693,-92.31,0,446.078,-67.115,-72.188,0,0,"",0,0,0,0,,,,,0,3
7,1,1,0,0,3,2,0,0,0,0,255,255,255,6,465.359,"SFIDA",L,34,90,140,-0.547,-1.542,-0.294,1.536,-0.141,0.679,-36.954,12.136,94,6,0,1,0,-62.228,-49.896,0,-0.078,-16.581,0,0,8,R,"Pizzallaris",170,88,0.383,0,79,W,Y,0,0,0,0,0,0,0,0,0,0,0,0,0,0,0,0,0.06,-37.819,0,"559：広告",-0.083,-18.013,0,"甲斐野柊太",-19.016,-45.244,0,"柴山犬吉",-16.152,-63.037,0,"Azuner",16.349,-50.177,0,"coder_",9.868,-65.039,0,"YukihiroD",27.898,-89.412,0,"Amellaid",-7.186,-107.795,0,"소솨소솨",-45.907,-90.372,0,0,0,0,0,0,"",0,0,0,0,466.911,,,,0,5
8,1,1,0,0,0,0,0,1,0,0,8,255,255,7,506.918,"SFIDA",L,32,91,140,-1.116,0.711,-0.325,1.88,-0.286,1.922,-36.954,14.404,93,5,2,0,0,-152.182,-69.45,0,0,0,1,1,3,L,"-Alta-",170.4,84,0.479,0,80,W,Y,0,0,0,0,0,0,0,0,0,0,0,0,0,0,0,0,-0.252,-37.757,0,"559：広告",-0.141,-17.964,0,"甲斐野柊太",-15.432,-42.268,0,"柴山犬吉",-5.863,-62.979,0,"Azuner",24.054,-49.699,0,"coder_",11.457,-61.556,0,"YukihiroD",45.662,-94.782,0,"Amellaid",12.989,-111.964,0,"소솨소솨",-37.305,-85.423,0,0,0,0,0,0,"",0,0,0,0,508.422,,,,0,0
9,1,1,0,0,0,1,0,1,0,0,8,255,255,8,542.571,"SFIDA",L,12,64,102,-1.585,-0.006,-0.478,2.036,-0.676,1.787,-36.954,49.232,96,4,0,4,0,0,112.448,0,0,0,1,1,3,L,"-Alta-",170.4,84,0.479,0,80,W,Y,0,0,0,0,0,0,0,0,0,0,0,0,0,0,0,0,0.136,-37.885,0,"559：広告",-0.158,-18.105,0,"甲斐野柊太",-17.491,-42.111,0,"柴山犬吉",-4.348,-61.875,0,"Azuner",24.122,-49.724,0,"coder_",10.279,-62.912,0,"YukihiroD",41.087,-91.79,0,"Amellaid",11.883,-111.082,0,"소솨소솨",-38.151,-85.633,0,0,0,0,0,0,"",0,0,0,0,544.122,,,,0,0
10,1,1,0,0,0,2,0,1,0,0,8,255,255,9,565.195,"SFIDA",L,0,94,128,0.506,-0.104,-0.193,1.753,0.218,1.53,-36.954,21.771,58,42,0,2,0,5.02,0,0,0,0,1,1,3,L,"-Alta-",170.4,84,0.479,5,80,W,Y,566.072,236,116,123,103,0,145,84,0,73.457,0.98,0,0.564,156.171,-386.801,33.422,-0.076,-37.734,0,"559：広告",0.167,-18.128,0,"甲斐野柊太",-15.652,-42.431,0,"柴山犬吉",-7.861,-62.758,0,"Azuner",24.058,-49.688,0,"coder_",12.487,-62.298,0,"YukihiroD",41.095,-91.808,0,"Amellaid",11.788,-110.424,0,"소솨소솨",-38.278,-85.582,0,566.889,-13.242,-24.475,0,0,"",0,0,0,0,,,,,0,3
11,1,1,0,0,0,2,0,1,0,0,8,255,255,10,589.018,"SFIDA",L,3,65,96,2.097,0.37,-0.274,1.922,0.118,1.826,-36.954,49.152,95,5,0,4,0,347.31,0,0,0,0,1,1,3,L,"-Alta-",170.4,84,0.479,0,81,W,Y,0,0,0,0,0,0,0,0,0,0,0,0,0,0,0,0,0.546,-38.133,0,"559：広告",0.019,-18.211,0,"甲斐野柊太",-16.696,-41.237,0,"柴山犬吉",-6.285,-61.642,0,"Azuner",24.641,-50.299,0,"coder_",11.959,-61.893,0,"YukihiroD",41.915,-90.452,0,"Amellaid",11.746,-111.146,0,"소솨소솨",-38.186,-83.964,0,0,0,0,0,0,"",0,0,0,0,590.633,,,,0,0
12,1,1,0,0,0,0,1,1,0,0,8,255,255,11,619.452,"SFIDA",L,28,91,140,-0.13,0.651,-0.254,1.892,0.043,1.937,-36.954,28.713,87,13,0,2,0,-73.957,-81.328,0,0,0,1,2,1,R,"HalF_HearteD",190,82,0.35,3,43,W,Y,620.504,237,106,108,92,50,145,104,16.082,48.672,0.92,0,0.154,-27.599,563.383,-144.619,-0.006,-37.781,0,"559：広告",0,-18.188,0,"甲斐野柊太",-18.223,-42.882,0,"柴山犬吉",-13.499,-59.719,0,"Azuner",17.564,-52.45,0,"coder_",9.062,-65.73,0,"YukihiroD",31.851,-94.892,0,"Amellaid",-7.692,-118.123,0,"소솨소솨",-45.204,-92.591,0,623.811,-40.717,-54.359,0,0,"",0,0,0,0,,623.484,,,32,3
13,1,1,0,0,0,1,1,1,0,0,8,255,255,12,659.289,"SFIDA",L,3,64,94,1.657,-0.599,-0.409,1.621,-0.268,1.259,-36.954,36.203,17,83,0,1,0,422.507,0,0,0,0,0,2,1,R,"HalF_HearteD",190,82,0.35,0,43,W,Y,0,0,0,0,0,0,0,0,0,0,0,0,0,0,0,0,3.108,-38.91,0,"559：広告",0.329,-18.211,0,"甲斐野柊太",-16.765,-41.778,0,"柴山犬吉",-14.334,-60.204,0,"Azuner",19.18,-50.534,0,"coder_",1.227,-64.127,0,"YukihiroD",31.167,-95.809,0,"Amellaid",-9.666,-116.431,0,"소솨소솨",-44.931,-88.588,0,0,0,0,0,0,"",0,0,0,0,661.122,661.584,,,0,0
14,1,1,0,0,1,1,1,0,1,0,255,8,255,13,687.482,"SFIDA",L,33,83,134,-2.806,0.293,-0.488,1.904,-1.014,1.705,-36.954,49.252,88,12,0,1,0,-129.522,-82.009,0,0,0,0,2,1,R,"HalF_HearteD",190,82,0.35,0,43,W,Y,0,0,0,0,0,0,0,0,0,0,0,0,0,0,0,0,-0.049,-37.929,0,"559：広告",0.863,-18.087,0,"甲斐野柊太",-18.398,-44.493,0,"柴山犬吉",-16.486,-62.799,0,"Azuner",19.821,-42.523,0,"coder_",5.407,-64.225,0,"YukihiroD",31.286,-95.727,0,"Amellaid",-10.715,-118.588,0,"소솨소솨",-44.924,-88.629,0,0,0,0,0,0,"",0,0,0,0,689.167,690.868,,,0,0
15,1,1,0,0,2,1,1,0,1,0,255,8,255,14,715.328,"SFIDA",L,33,84,136,-2.048,-0.246,-0.434,1.792,-0.68,1.375,-36.954,43.319,89,11,0,1,0,-135.408,-75.772,0,0,0,0,2,1,R,"HalF_HearteD",190,82,0.35,0,43,W,Y,0,0,0,0,0,0,0,0,0,0,0,0,0,0,0,0,0.26,-37.86,0,"559：広告",0.318,-18.213,0,"甲斐野柊太",-18.053,-44.72,0,"柴山犬吉",-16.482,-62.774,0,"Azuner",17.829,-51.25,0,"coder_",5.131,-63.999,0,"YukihiroD",31.311,-95.713,0,"Amellaid",-9.627,-118.953,0,"소솨소솨",-44.443,-90.315,0,0,0,0,0,0,"",0,0,0,0,716.967,718.784,,,0,0
16,1,1,0,0,3,1,1,0,1,0,255,8,255,15,738.241,"SFIDA",L,27,86,139,-0.523,0.074,-0.341,1.775,-0.076,1.559,-36.954,27.653,59,41,0,0,0,-98.993,-100.029,0,0,0,0,2,1,R,"HalF_HearteD",190,82,0.35,0,43,W,Y,0,0,0,0,0,0,0,0,0,0,0,0,0,0,0,0,0.141,-37.872,0,"559：広告",-0.278,-18.117,0,"甲斐野柊太",-18.062,-45.327,0,"柴山犬吉",-16.436,-62.912,0,"Azuner",19.6,-49.644,0,"coder_",5.436,-64.968,0,"YukihiroD",31.113,-95.899,0,"Amellaid",-9.152,-118.907,0,"소솨소솨",-44.483,-90.224,0,0,0,0,0,0,"",0,0,0,0,739.856,741.569,,,0,0
17,1,1,0,0,3,2,1,0,1,0,255,8,255,16,758.382,"SFIDA",L,33,95,140,0.159,-0.751,-0.275,1.621,0.234,1.062,-36.954,24.853,42,58,0,0,0,-110.548,-79.414,0,0,0,0,2,1,R,"HalF_HearteD",190,82,0.35,0,43,W,Y,0,0,0,0,0,0,0,0,0,0,0,0,0,0,0,0,0.288,-37.919,0,"559：広告",0.084,-18.089,0,"甲斐野柊太",-18.727,-46.74,0,"柴山犬吉",-16.47,-62.971,0,"Azuner",19.542,-49.308,0,"coder_",5.167,-65.393,0,"YukihiroD",31.025,-95.942,0,"Amellaid",-11.489,-117.859,0,"소솨소솨",-44.607,-91.018,0,0,0,0,0,0,"",0,0,0,0,759.978,761.715,,,0,0
18,1,1,0,0,0,0,2,0,1,0,255,8,255,17,784.002,"SFIDA",L,28,82,133,-0.686,0.254,-0.339,1.919,-0.209,1.687,-36.954,24.635,92,8,0,2,0,-55.346,-74.024,0,0,0,0,3,9,L,"Pring__",190,93.089,0.485,3,83,W,Y,784.917,241,120,102,106,62,145,108,18.679,-38.083,0.03,0,0.27,-19.599,-478.799,136.47,-0.198,-37.372,0,"559：広告",-0.243,-18.079,0,"甲斐野柊太",-19.139,-45.297,85,"柴山犬吉",-6.445,-62.929,0,"Azuner",25.638,-50.848,120,"coder_",11.594,-65.743,0,"YukihiroD",44.42,-98.591,102,"Amellaid",7.185,-120.727,0,"소솨소솨",-39.24,-88.687,0,788.689,55.333,-79.041,791.445,6,"YukihiroD",70.755,-93.502,1,0,,795.372,788.757,793.491,52,2
19,1,1,1,0,0,0,2,0,0,1,255,255,9,18,835.362,"SFIDA",L,33,91,140,-1.577,0.771,-0.377,1.913,-0.529,2.007,-36.954,41.279,84,12,4,1,0,-116.799,-87.852,0,0,0,0,4,4,R,"magimari",190,84.655,0.353,0,84,W,Y,0,0,0,0,0,0,0,0,0,0,0,0,0,0,0,0,0.091,-37.867,0,"559：広告",0.189,-18.148,0,"甲斐野柊太",-19.414,-45.364,0,"柴山犬吉",-15.961,-62.973,0,"Azuner",18.701,-46.437,0,"coder_",7.599,-70.699,0,"YukihiroD",35.462,-92.883,0,"Amellaid",-7.725,-117.177,0,"소솨소솨",-43.618,-91.078,0,0,0,0,0,0,"",0,0,0,0,836.833,,837.701,,0,0
20,1,1,1,0,1,0,2,0,0,1,255,255,9,19,853.755,"SFIDA",L,33,83,134,-1.894,0.812,-0.405,1.921,-0.658,2.032,-36.954,39.962,80,9,11,2,0,-103.499,-82.888,0,0,0,1,4,4,R,"magimari",190,84.655,0.353,3,84,W,Y,854.89,255,100,109,62,43,145,130,18.322,19.062,0.31,0,0.544,11.909,-93.551,17.168,-0.076,-37.759,0,"559：広告",-0.278,-18.146,0,"甲斐野柊太",-18.729,-45.391,0,"柴山犬吉",-15.891,-62.96,0,"Azuner",16.393,-50.294,0,"coder_",10.403,-69.057,73,"YukihiroD",35.482,-92.926,0,"Amellaid",-5.94,-115.728,95,"소솨소솨",-43.932,-90.901,0,859.8,-34.621,-126.073,861.7,7,"Amellaid",-29.736,-118.448,1,0,,,,860.469,257,2
21,1,1,2,0,0,0,2,1,0,0,4,255,255,20,895.157,"SFIDA",L,3,72,100,0.585,-0.071,-0.447,1.794,-0.52,1.576,-36.954,55.826,91,9,0,0,0,414.162,0,0,0.285,-17.241,0,5,5,R,"Pugeuk",170.3,86.201,0.347,0,84,W,Y,0,0,0,0,0,0,0,0,0,0,0,0,0,0,0,0,0.301,-37.829,0,"559：広告",0.056,-18.198,0,"甲斐野柊太",-17.5,-42.111,0,"柴山犬吉",-16.859,-62.212,0,"Azuner",17.129,-50.924,0,"coder_",5.832,-63.197,0,"YukihiroD",29.764,-91.434,0,"Amellaid",-13.462,-121.122,0,"소솨소솨",-43.291,-91.022,0,0,0,0,0,0,"",0,0,0,0,900.833,,,,0,0
22,1,1,2,0,0,1,2,1,0,0,4,255,255,21,919.322,"SFIDA",L,0,66,106,0.531,0.441,-0.187,1.887,0.237,1.853,-36.954,30.567,100,0,0,2,0,0,0,0,0,0,1,5,5,R,"Pugeuk",170.3,86.201,0.347,3,84,W,Y,920.415,228,41,136,72,22,145,93,37.1,39.808,-0.34,0,0.625,335.601,33.624,60.675,0.048,-37.795,0,"559：広告",-0.044,-18.042,0,"甲斐野柊太",-17.362,-41.748,0,"柴山犬吉",-16.818,-62.07,0,"Azuner",16.962,-50.937,0,"coder_",8.585,-61.943,0,"YukihiroD",29.726,-92.068,0,"Amellaid",-13.285,-121.131,0,"소솨소솨",-43.286,-91.038,0,0,0,0,925.578,8,"소솨소솨",-47.76,-74.908,0,0,979.822,926.704,,,204,1
23,1,0,2,0,0,0,0,0,0,0,255,255,255,0,1187.613,"mochi_2929",R,26,89,140,0.471,-0.51,0.214,1.557,0.065,1.122,-36.47,21.532,59,41,0,2,0,100.129,-200,-0.577,0,0,1,0,5,R,"coder_",160,82,0.273,3,79,W,Y,1188.685,18,15,2,0,0,1,30,22.352,40.826,0.33,1,0.613,48.224,15.415,-63.161,-0.301,-36.124,118,"HalF_HearteD",0.057,-17.018,0,"ame_3",-20.49,-43.515,51,"-Alta-",-10.435,-54.31,0,"magimari",14.371,-43.302,0,"Pugeuk",8.03,-58.259,0,"alcohol500",33.578,-98.226,0,"紅さかな",-2.747,-111.623,0,"Pizzallaris",-40.344,-91.278,0,1190.267,-6.34,-27.729,1191.945,0,"mochi_2929",-10.013,-32.353,0,0,,,,,128,2
24,1,0,2,0,0,0,1,0,0,0,255,255,255,1,1219.432,"mochi_2929",R,14,84,123,2.523,-1.209,0.377,1.491,0.824,0.993,-36.47,33.058,60,40,0,1,0,390.434,312.348,-64.879,0,0,0,1,9,L,"눈꽃",190,85,0.497,0,79,W,Y,0,0,0,0,0,0,0,0,0,0,0,0,0,0,0,0,0.154,-37.54,0,"HalF_HearteD",0.183,-16.663,0,"ame_3",-20.983,-45.302,0,"-Alta-",-11.03,-63.679,0,"magimari",17.001,-45.19,0,"Pugeuk",12.218,-62.956,0,"alcohol500",42.26,-105.465,0,"紅さかな",0.86,-117.945,0,"Pizzallaris",-42.705,-99.891,0,0,0,0,0,0,"",0,0,0,0,1220.978,,,,0,0
25,1,0,2,0,1,0,1,0,0,0,255,255,255,2,1234.909,"mochi_2929",R,32,93,140,0.348,-1.213,0.174,1.395,-0.121,0.68,-36.47,15.987,49,51,0,1,0,200.498,-200,10.836,0,0,0,1,9,L,"눈꽃",190,85,0.497,0,79,W,Y,0,0,0,0,0,0,0,0,0,0,0,0,0,0,0,0,0.095,-37.778,0,"HalF_HearteD",0.18,-16.752,0,"ame_3",-21.057,-45.322,0,"-Alta-",-10.796,-63.068,0,"magimari",16.89,-45.234,0,"Pugeuk",12.428,-62.769,0,"alcohol500",42.576,-103.327,0,"紅さかな",0.29,-117.938,0,"Pizzallaris",-43.132,-101.584,0,0,0,0,0,0,"",0,0,0,0,1236.367,,,,0,0
26,1,0,2,0,2,0,1,0,0,0,255,255,255,3,1247.07,"mochi_2929",R,32,89,140,-0.642,-1.414,0.079,1.356,-0.561,0.554,-36.47,17.303,52,48,0,1,0,208.603,-200,16.662,0,0,0,1,9,L,"눈꽃",190,85,0.497,0,79,W,Y,0,0,0,0,0,0,0,0,0,0,0,0,0,0,0,0,0.043,-37.758,0,"HalF_HearteD",0.05,-16.693,0,"ame_3",-21.031,-45.327,0,"-Alta-",-11.728,-63.686,0,"magimari",16.879,-45.199,0,"Pugeuk",12.452,-62.767,0,"alcohol500",42.5,-102.922,0,"紅さかな",0.3,-117.919,0,"Pizzallaris",-43.132,-102.12,0,0,0,0,0,0,"",0,0,0,0,1248.533,,,,0,0
27,1,0,2,0,3,0,1,0,0,0,255,255,255,4,1258.424,"mochi_2929",R,26,88,140,1.394,0.145,0.278,1.657,0.362,1.53,-36.47,19.339,49,51,0,0,0,177.568,-200,6.06,0,0,0,1,9,L,"눈꽃",190,85,0.497,0,79,W,Y,0,0,0,0,0,0,0,0,0,0,0,0,0,0,0,0,0.034,-37.845,0,"HalF_HearteD",0.085,-16.738,0,"ame_3",-21.001,-45.286,0,"-Alta-",-11.721,-63.682,0,"magimari",16.498,-45.378,0,"Pugeuk",8.912,-60.307,0,"alcohol500",42.984,-103.328,0,"紅さかな",2.349,-119.697,0,"Pizzallaris",-43.047,-102.158,0,0,0,0,0,0,"",0,0,0,0,1259.867,,,,0,0
28,1,0,2,0,3,1,1,0,0,0,255,255,255,5,1272.036,"mochi_2929",R,10,72,114,1.775,0.548,0.364,1.94,0.762,2.445,-36.47,45.015,100,0,0,2,0,0,400,-30.671,0,0,1,1,9,L,"눈꽃",190,85,0.497,3,79,W,Y,1273.116,255,109,93,97,46,145,95,-30,-50.994,0.96,0,0.583,22.173,458.028,95.432,0.308,-37.599,0,"HalF_HearteD",-0.048,-16.761,0,"ame_3",-20.968,-45.121,0,"-Alta-",-11.52,-62.03,0,"magimari",16.227,-45.515,0,"Pugeuk",9.912,-61.532,0,"alcohol500",42.627,-101.719,0,"紅さかな",2.891,-121.238,0,"Pizzallaris",-43.827,-101.497,0,1273.389,2.67,-21.859,0,0,"",0,0,0,0,,,,,0,3
29,1,0,2,0,3,2,1,0,0,0,255,255,255,6,1289.875,"mochi_2929",R,26,90,140,1.412,-0.258,0.305,1.579,0.49,1.278,-36.47,22.254,48,52,0,0,0,86.927,-200,4.505,0,0,0,1,9,L,"눈꽃",190,85,0.497,0,78,W,Y,0,0,0,0,0,0,0,0,0,0,0,0,0,0,0,0,0.101,-37.632,0,"HalF_HearteD",0.188,-16.549,0,"ame_3",-21.354,-45.185,0,"-Alta-",-10.731,-63.922,0,"magimari",17.13,-44.804,0,"Pugeuk",12.613,-61.898,0,"alcohol500",47.713,-98.283,0,"紅さかな",1.647,-118.899,0,"Pizzallaris",-41.577,-100.002,0,0,0,0,0,0,"",0,0,0,0,1291.3,,,,0,0
30,1,0,2,0,0,0,2,0,0,0,255,255,255,7,1311.155,"mochi_2929",R,10,68,111,2.017,1.161,0.386,2.026,0.867,2.725,-36.47,51.402,100,0,0,1,0,0,400,-28.169,0,0,0,2,4,L,"Azuner",190,80,0.298,0,77,W,Y,0,0,0,0,0,0,0,0,0,0,0,0,0,0,0,0,-0.04,-37.869,0,"HalF_HearteD",0.119,-16.772,0,"ame_3",-21.223,-44.876,0,"-Alta-",-9.91,-63.564,0,"magimari",16.83,-45.071,0,"Pugeuk",14.092,-61.321,0,"alcohol500",48.044,-99.928,0,"紅さかな",0.28,-119.365,0,"Pizzallaris",-48.247,-94.429,0,0,0,0,0,0,"",0,0,0,0,1312.822,,,,0,0
31,1,0,2,0,1,0,2,0,0,0,255,255,255,8,1328.406,"mochi_2929",R,14,76,103,2.413,-0.778,0.294,1.665,0.29,1.589,-36.47,26.479,52,48,0,4,0,365.589,312.348,-30.404,0,0,1,2,4,L,"Azuner",190,80,0.298,0,77,W,Y,0,0,0,0,0,0,0,0,0,0,0,0,0,0,0,0,0.043,-37.809,0,"HalF_HearteD",0.096,-16.767,0,"ame_3",-21.228,-44.821,0,"-Alta-",-9.995,-62.505,0,"magimari",16.871,-44.977,0,"Pugeuk",14.431,-62.946,0,"alcohol500",46.322,-101.732,0,"紅さかな",6.705,-121.482,0,"Pizzallaris",-42.77,-99.214,0,0,0,0,0,0,"",0,0,0,0,1330.167,,,,0,0
32,1,0,2,0,1,1,2,0,0,0,255,255,255,9,1341.441,"mochi_2929",R,26,85,137,0.862,0.819,0.254,1.785,0.249,1.946,-36.47,31.347,100,0,0,2,0,86.898,-200,-4.879,0,0,1,2,4,L,"Azuner",190,80,0.298,3,77,W,Y,1342.588,203,75,105,41,38,145,130,102.783,76.681,0.52,0,0.291,115.421,-572.799,71.543,0.113,-37.64,0,"HalF_HearteD",0.074,-16.813,0,"ame_3",-21.265,-44.905,0,"-Alta-",-10.053,-63.767,0,"magimari",17.006,-45.192,0,"Pugeuk",14.401,-62.849,0,"alcohol500",45.615,-101.766,0,"紅さかな",6.089,-124.786,0,"Pizzallaris",-42.774,-99.226,0,0,0,0,0,0,"",0,0,0,0,,,,,0,3
33,1,0,2,0,1,2,2,0,0,0,255,255,255,10,1359.315,"mochi_2929",R,32,89,140,2.483,-0.504,0.294,1.53,0.74,1.123,-36.47,28.312,50,50,0,1,0,250,-200,0.872,0,0,0,2,4,L,"Azuner",190,80,0.298,0,77,W,Y,0,0,0,0,0,0,0,0,0,0,0,0,0,0,0,0,0.087,-37.851,0,"HalF_HearteD",0.237,-16.794,0,"ame_3",-21.425,-45.253,0,"-Alta-",-10.543,-61.038,0,"magimari",17.224,-44.797,0,"Pugeuk",15.832,-61.744,0,"alcohol500",51.855,-103.065,0,"紅さかな",5.852,-123.503,0,"Pizzallaris",-42.796,-99.099,0,0,0,0,0,0,"",0,0,0,0,1360.855,,,,0,0
34,1,0,2,0,2,2,2,0,0,0,255,255,255,11,1373.382,"mochi_2929",R,26,71,123,1.514,2.203,0.3,2.046,0.465,2.789,-36.47,53.213,100,0,0,1,0,118.015,-200,-0.049,0,0,0,2,4,L,"Azuner",190,80,0.298,0,77,W,Y,0,0,0,0,0,0,0,0,0,0,0,0,0,0,0,0,-0.183,-37.766,0,"HalF_HearteD",-0.095,-16.783,0,"ame_3",-21.466,-45.227,0,"-Alta-",-10.411,-60.916,0,"magimari",16.984,-45.077,0,"Pugeuk",14.596,-62.444,0,"alcohol500",51.708,-102.717,0,"紅さかな",7.292,-123.263,0,"Pizzallaris",-42.741,-99.311,0,0,0,0,0,0,"",0,0,0,0,1375.022,,,,0,0
35,1,0,2,0,3,2,2,0,0,0,255,255,255,12,1421.153,"mochi_2929",R,26,83,134,-1.913,-0.761,-0.035,1.479,-1.094,0.953,-36.47,11.347,43,57,0,1,0,185.129,-200,-1.41,0,0,0,2,4,L,"Azuner",190,80,0.298,0,76,W,Y,0,0,0,0,0,0,0,0,0,0,0,0,0,0,0,0,-0.177,-37.888,0,"HalF_HearteD",-0.172,-16.991,0,"ame_3",-21.403,-45.14,0,"-Alta-",-8.704,-60.213,0,"magimari",16.446,-45.366,0,"Pugeuk",14.64,-62.962,0,"alcohol500",49.757,-100.385,0,"紅さかな",8.118,-122.783,0,"Pizzallaris",-42.747,-99.315,0,0,0,0,0,0,"",0,0,0,0,1422.722,,,,0,5
36,1,0,2,0,0,0,2,1,0,0,14,255,255,13,1447.789,"mochi_2929",R,32,89,140,-0.433,-0.08,0.102,1.614,-0.458,1.384,-36.47,23.118,49,51,0,0,0,230.659,-200,-4.659,0,0,0,3,8,R,"소솨소솨",185.6,80,0.498,0,76,W,Y,0,0,0,0,0,0,0,0,0,0,0,0,0,0,0,0,-0.256,-37.681,0,"HalF_HearteD",0.112,-16.968,0,"ame_3",-19.683,-40.416,0,"-Alta-",-12.524,-59.46,0,"magimari",16.157,-46.037,0,"Pugeuk",8.97,-62.702,0,"alcohol500",44.724,-102.756,0,"紅さかな",-0.986,-121.233,0,"Pizzallaris",-43.23,-99.787,0,0,0,0,0,0,"",0,0,0,0,1449.267,,,,0,0
37,1,0,2,0,0,1,2,1,0,0,14,255,255,14,1467.526,"mochi_2929",R,26,79,129,1.245,1.017,0.265,1.811,0.303,2.038,-36.47,42.121,100,0,0,2,0,156.375,-200,-4.736,0,0,1,3,8,R,"소솨소솨",185.6,80,0.498,3,76,W,Y,1468.623,201,72,85,39,25,141,101,29.816,-6.34,0.92,0,0.53,42.087,195.549,-67.041,0.231,-37.48,0,"HalF_HearteD",0.159,-16.985,0,"ame_3",-20.327,-42.707,0,"-Alta-",-12.728,-59.752,0,"magimari",16.176,-45.904,0,"Pugeuk",10.46,-63.847,0,"alcohol500",45.076,-103.463,0,"紅さかな",-0.232,-119.745,88,"Pizzallaris",-43.113,-99.979,0,1473.578,6.027,-102.224,1473.878,7,"紅さかな",6,-101.012,0,0,,1473.189,,,64,1
38,2,1,2,0,0,0,0,0,0,0,255,255,255,22,1528.364,"SFIDA",L,28,91,140,-0.569,1.214,-0.393,1.956,-0.137,2.205,-36.954,40.684,85,13,2,1,0,-78.98,-81.184,0,0,0,0,6,7,R,"紅さかな",172.6,86,0.402,0,75,W,Y,0,0,0,0,0,0,0,0,0,0,0,0,0,0,0,0,0.088,-37.904,0,"559：広告",0.106,-17.761,0,"甲斐野柊太",-18.774,-45.272,0,"柴山犬吉",-16.815,-62.376,0,"Azuner",21.546,-51.065,0,"coder_",11.01,-66.182,0,"YukihiroD",33.227,-87.558,0,"Amellaid",-6.26,-107.321,0,"소솨소솨",-42.006,-91.861,0,0,0,0,0,0,"",0,0,0,0,1529.811,,,,0,0
39,2,1,2,0,1,0,0,0,0,0,255,255,255,23,1542.521,"SFIDA",L,0,90,140,-1.173,0.17,-0.467,1.808,-0.481,1.679,-36.954,51.583,88,10,2,0,0,-10.815,-12.112,0,0,0,0,6,7,R,"紅さかな",172.6,86,0.402,0,75,W,Y,0,0,0,0,0,0,0,0,0,0,0,0,0,0,0,0,0.126,-37.921,0,"559：広告",0.129,-17.749,0,"甲斐野柊太",-17.905,-45.507,0,"柴山犬吉",-16.789,-62.371,0,"Azuner",21.593,-51.144,0,"coder_",11.032,-66.204,0,"YukihiroD",33.88,-87.476,0,"Amellaid",-6.235,-107.417,0,"소솨소솨",-41.983,-91.864,0,0,0,0,0,0,"",0,0,0,0,1544.067,,,,0,0
40,2,1,2,0,1,1,0,0,0,0,255,255,255,24,1559.305,"SFIDA",L,14,66,95,-0.169,-2.703,-0.149,1.406,0.663,0.715,-36.954,29.253,41,59,0,1,0,-312.57,344.98,0,-0.036,-20.253,0,6,7,R,"紅さかな",172.6,86,0.402,0,75,W,Y,0,0,0,0,0,0,0,0,0,0,0,0,0,0,0,0,0.274,-37.946,0,"559：広告",-0.131,-17.669,0,"甲斐野柊太",-18.288,-45.21,0,"柴山犬吉",-16.808,-62.375,0,"Azuner",21.416,-51.298,0,"coder_",10.95,-66.232,0,"YukihiroD",33.852,-87.509,0,"Amellaid",-6.244,-107.439,0,"소솨소솨",-41.961,-91.841,0,0,0,0,0,0,"",0,0,0,0,1561.1,,,,0,0
41,2,1,2,0,2,1,0,0,0,0,255,255,255,25,1575.415,"SFIDA",L,3,92,115,1.467,-0.405,-0.417,1.682,-0.165,1.371,-36.954,30.68,35,65,0,2,0,447.228,0,0,0,0,1,6,7,R,"紅さかな",172.6,86,0.402,3,75,W,Y,1576.574,255,121,106,130,76,145,126,-30,35.33,0.46,0,0.292,19.771,-322.69,-273.357,-0.015,-37.929,0,"559：広告",0.215,-17.688,0,"甲斐野柊太",-17.974,-45.711,78,"柴山犬吉",-16.8,-62.358,0,"Azuner",20.969,-51.474,0,"coder_",10.354,-65.942,0,"YukihiroD",34.01,-87.476,0,"Amellaid",-6.252,-107.445,0,"소솨소솨",-41.938,-91.861,0,1576.711,-0.622,-21.634,1578,2,"甲斐野柊太",-14.632,-41.475,0,0,,,,,32,2
42,2,1,2,0,0,0,1,0,0,0,255,255,255,26,1598.277,"SFIDA",L,13,79,106,1.246,-2.529,-0.276,1.341,0.271,0.66,-36.954,22.627,59,41,0,1,0,157.882,400,0,0.252,-19.961,0,7,2,L,"ame_3",190,80,0.21,0,74,W,Y,0,0,0,0,0,0,0,0,0,0,0,0,0,0,0,0,0.067,-37.967,0,"559：広告",-0.142,-17.846,0,"甲斐野柊太",-18.266,-45.474,0,"柴山犬吉",-11.422,-65.703,0,"Azuner",26.092,-51.778,0,"coder_",13.38,-68.767,0,"YukihiroD",40.789,-90.393,0,"Amellaid",-2.582,-109.53,0,"소솨소솨",-38.421,-85.33,0,0,0,0,0,0,"",0,0,0,0,1599.922,,,,0,0
43,2,1,2,0,1,0,1,0,0,0,255,255,255,27,1613.377,"SFIDA",L,3,76,104,-0.582,0.001,-0.717,1.787,-1.098,1.622,-36.954,40.465,50,50,0,0,0,416.571,0,0,0,0,0,7,2,L,"ame_3",190,80,0.21,0,74,W,Y,0,0,0,0,0,0,0,0,0,0,0,0,0,0,0,0,0.032,-37.947,0,"559：広告",-0.194,-17.813,0,"甲斐野柊太",-17.271,-46.067,0,"柴山犬吉",-11.419,-65.676,0,"Azuner",25.186,-52.93,0,"coder_",13.391,-68.127,0,"YukihiroD",40.267,-90.644,0,"Amellaid",-2.539,-109.563,0,"소솨소솨",-38.443,-85.384,0,0,0,0,0,0,"",0,0,0,0,1615.056,,,,0,0
44,2,1,2,0,1,1,1,0,0,0,255,255,255,28,1629.099,"SFIDA",L,33,91,140,1.078,0.182,-0.219,1.808,0.67,1.674,-36.954,8.278,59,39,2,0,0,-136.878,-47.05,0,0,0,0,7,2,L,"ame_3",190,80,0.21,0,74,W,Y,0,0,0,0,0,0,0,0,0,0,0,0,0,0,0,0,-0.178,-38.004,0,"559：広告",-0.151,-17.811,0,"甲斐野柊太",-22.944,-49.878,0,"柴山犬吉",-11.43,-65.674,0,"Azuner",25.398,-53.328,0,"coder_",13.819,-70.147,0,"YukihiroD",40.251,-90.585,0,"Amellaid",-2.564,-109.574,0,"소솨소솨",-38.409,-85.415,0,0,0,0,0,0,"",0,0,0,0,1631.133,,,,0,0
45,2,1,2,0,1,2,1,0,0,0,255,255,255,29,1645.152,"SFIDA",L,13,90,112,2.646,-2.529,-0.226,1.221,0.425,0.4,-36.954,29.46,54,16,30,4,0,390.434,312.348,0,0.474,-20.661,1,7,2,L,"ame_3",190,80,0.21,0,74,W,Y,0,0,0,0,0,0,0,0,0,0,0,0,0,0,0,0,-0.152,-38.035,0,"559：広告",-0.954,-19.13,0,"甲斐野柊太",-18.644,-45.235,0,"柴山犬吉",-11.413,-65.713,0,"Azuner",25.356,-53.306,0,"coder_",12.767,-67.872,0,"YukihiroD",40.209,-90.662,0,"Amellaid",-2.524,-109.603,0,"소솨소솨",-38.397,-85.402,0,0,0,0,0,0,"",0,0,1,128,1647.011,,,,0,0
46,2,1,2,0,0,0,2,0,0,0,255,255,255,30,1681.382,"SFIDA",L,0,57,99,-0.159,0.654,-0.382,1.918,-0.058,1.952,-36.954,31.886,100,0,0,0,0,0,0,0,0,0,0,8,6,L,"alcohol500",160,82.32,0.398,0,73,W,Y,0,0,0,0,0,0,0,0,0,0,0,0,0,0,0,0,0.055,-37.883,0,"559：広告",-0.105,-17.927,0,"甲斐野柊太",-15.217,-47.805,0,"柴山犬吉",-9.074,-63.967,0,"Azuner",23.404,-48.542,0,"coder_",10.785,-59.953,0,"YukihiroD",43.262,-89.179,0,"Amellaid",7.756,-107.964,0,"소솨소솨",-32.693,-86.569,0,0,0,0,0,0,"",0,0,0,0,1682.933,,,,0,0
47,2,1,2,0,0,1,2,0,0,0,255,255,255,31,1697.934,"SFIDA",L,34,91,140,-1.223,1.283,-0.451,1.843,-0.409,2.188,-36.954,31.107,90,10,1,1,0,-77.793,-72.664,0,0,0,0,8,6,L,"alcohol500",160,82.32,0.398,0,73,W,Y,0,0,0,0,0,0,0,0,0,0,0,0,0,0,0,0,-0.273,-37.896,0,"559：広告",0.072,-17.869,0,"甲斐野柊太",-15.982,-50.559,0,"柴山犬吉",-8.748,-63.749,0,"Azuner",21.205,-46.268,0,"coder_",11.516,-60.488,0,"YukihiroD",40.773,-84.768,0,"Amellaid",7.744,-107.925,0,"소솨소솨",-31.151,-84.209,0,0,0,0,0,0,"",0,0,0,0,1699.311,,,,0,0
48,2,1,2,0,1,1,2,0,0,0,255,255,255,32,1713.229,"SFIDA",L,0,86,121,-2.32,0.093,-0.694,1.794,-1.024,1.629,-36.954,35.943,56,44,0,1,0,20.375,0,0,0,0,0,8,6,L,"alcohol500",160,82.32,0.398,0,73,W,Y,0,0,0,0,0,0,0,0,0,0,0,0,0,0,0,0,-0.031,-37.901,0,"559：広告",-0.225,-18.046,0,"甲斐野柊太",-18.063,-50.167,0,"柴山犬吉",-8.738,-63.783,0,"Azuner",20.98,-46.326,0,"coder_",11.486,-60.367,0,"YukihiroD",40.748,-85.229,0,"Amellaid",7.765,-107.878,0,"소솨소솨",-31.076,-84.265,0,0,0,0,0,0,"",0,0,0,0,1714.633,,,,0,0
49,2,1,2,0,2,1,2,0,0,0,255,255,255,33,1729.384,"SFIDA",L,34,91,140,-0.731,0.368,-0.413,1.823,-0.23,1.728,-36.954,20.17,92,8,0,2,0,-53.322,-47.184,0,0,0,1,8,6,L,"alcohol500",160,82.32,0.398,3,73,W,Y,1730.356,180,60,79,68,34,145,76,26.356,26.089,1,0,0.121,67.487,146.02,-23.695,-0.315,-37.754,0,"559：広告",-0.034,-17.99,0,"甲斐野柊太",-17.988,-50.03,0,"柴山犬吉",-8.755,-63.766,0,"Azuner",20.95,-46.329,0,"coder_",11.446,-60.328,0,"YukihiroD",40.664,-85.282,0,"Amellaid",8.198,-107.858,0,"소솨소솨",-31.114,-84.281,0,1734.411,-26.784,-69.568,1734.689,8,"소솨소솨",-26.01,-68.185,0,0,,,,,8,1
50,2,0,2,0,0,0,0,0,0,0,255,255,255,15,1802.567,"mochi_2929",R,10,67,98,0.962,-0.05,0.329,1.849,0.399,2.016,-36.47,37.287,100,0,0,2,0,7.401,400,-45.987,0,0,1,4,6,R,"YukihiroD",173.8,80,0.4,3,72,W,Y,1803.783,255,114,87,107,30,145,106,29.052,-6.708,0.88,0,0.588,208.465,154.853,540.891,0.07,-37.501,0,"HalF_HearteD",0.141,-16.816,0,"ame_3",-21.664,-44.486,0,"-Alta-",-12.321,-60.005,0,"magimari",16.263,-46.449,0,"Pugeuk",11.861,-63.027,103,"alcohol500",41.436,-99.82,0,"紅さかな",0.815,-116.96,111,"Pizzallaris",-41.592,-100.629,0,1808.956,5.29,-112.036,1809.156,7,"紅さかな",5.162,-109.494,0,0,,,,,96,1
51,2,0,2,0,0,0,1,0,0,0,255,255,255,16,1832.312,"mochi_2929",R,26,83,135,0.769,0.528,0.236,1.729,0.169,1.763,-36.47,22.532,100,0,0,0,0,131.226,-200,6.32,0,0,1,5,2,R,"甲斐野柊太",190,80,0.2,0,23,W,Y,0,0,0,0,0,0,0,0,0,0,0,0,0,0,0,0,0.057,-37.972,0,"HalF_HearteD",-0.103,-16.742,0,"ame_3",-21.465,-44.851,0,"-Alta-",-13.517,-61.808,0,"magimari",16.898,-46.932,0,"Pugeuk",10.211,-64.892,0,"alcohol500",46.866,-99.898,0,"紅さかな",0.01,-119.76,0,"Pizzallaris",-41.676,-99.259,0,0,0,0,0,0,"",0,0,0,0,1833.9,,,,0,0
52,2,0,2,0,0,1,1,0,0,0,255,255,255,17,1846.997,"mochi_2929",R,26,81,131,0.1,-0.141,0.214,1.598,0.065,1.339,-36.47,14.023,54,46,0,2,0,-20.285,-200,-36.24,0,0,1,5,2,R,"甲斐野柊太",190,80,0.2,3,23,W,Y,1848.121,211,72,92,63,29,145,117,-30,45.084,0.85,0,0.184,-257.077,233.108,-95.717,0.241,-37.322,0,"HalF_HearteD",0.056,-16.821,0,"ame_3",-21.446,-44.956,0,"-Alta-",-13.669,-61.938,0,"magimari",16.73,-46.918,0,"Pugeuk",10.114,-65.004,0,"alcohol500",46.07,-99.953,0,"紅さかな",0.855,-119.102,0,"Pizzallaris",-41.706,-99.274,88,1848.344,-1.389,-19.64,1853.511,8,"Pizzallaris",-64.754,-86.143,0,0,,,,,1,2
53,2,0,2,0,0,2,1,0,0,0,255,255,255,18,1869.282,"mochi_2929",R,15,80,108,-1.205,0.393,0.03,1.595,-0.526,1.438,-36.47,11.59,54,46,0,2,0,0,-400,-118.357,0,0,1,5,2,R,"甲斐野柊太",190,80,0.2,3,23,W,Y,1870.477,197,78,121,83,52,145,130,25.311,30.662,0.53,0,0.189,286.487,455.86,133.923,0.081,-37.681,0,"HalF_HearteD",-0.574,-16.797,0,"ame_3",-21.025,-44.704,0,"-Alta-",-16.06,-61.568,0,"magimari",16.956,-46.355,0,"Pugeuk",9.737,-64.82,0,"alcohol500",45.638,-99.443,0,"紅さかな",-0.743,-121.465,0,"Pizzallaris",-38.649,-95.426,0,1875.567,-70.624,-112.49,0,0,"",0,0,0,0,,1881.966,1890.075,,0,4
54,2,0,2,1,0,0,1,0,0,0,255,255,255,19,1916.034,"mochi_2929",R,13,67,108,-1.276,-1.141,0.205,1.62,0.023,1.382,-36.47,19.599,23,77,0,1,0,-368.904,329.883,-4.872,0,0,0,6,3,R,"柴山犬吉",169.9,90.243,0.6,0,71,W,Y,0,0,0,0,0,0,0,0,0,0,0,0,0,0,0,0,0.149,-37.711,0,"HalF_HearteD",-0.524,-16.785,0,"ame_3",-20.878,-44.534,0,"-Alta-",-14.212,-58.785,0,"magimari",16.527,-46.111,0,"Pugeuk",9.318,-64.855,0,"alcohol500",40.156,-99.759,0,"紅さかな",-0.187,-113.793,0,"Pizzallaris",-41.597,-95.019,0,0,0,0,0,0,"",0,0,0,0,1917.689,,,,0,0
55,2,0,2,1,1,0,1,0,0,0,255,255,255,20,1930.424,"mochi_2929",R,10,68,110,1.941,1.571,0.402,1.988,1.049,3.072,-36.47,54.779,100,0,0,1,0,-116.285,400,-32.523,0.155,-13.382,0,6,3,R,"柴山犬吉",169.9,90.243,0.6,0,71,W,Y,0,0,0,0,0,0,0,0,0,0,0,0,0,0,0,0,0.127,-36.9,0,"HalF_HearteD",-0.377,-16.796,0,"ame_3",-20.951,-44.595,0,"-Alta-",-14.964,-58.492,0,"magimari",16.501,-46.153,0,"Pugeuk",9.27,-64.8,0,"alcohol500",42.331,-101.174,0,"紅さかな",0.118,-113.824,0,"Pizzallaris",-42.888,-93.942,0,0,0,0,0,0,"",0,0,0,0,1935.567,,,,0,0
56,2,0,2,1,2,0,1,0,0,0,255,255,255,21,1950.628,"mochi_2929",R,13,75,114,-0.083,0.144,0.337,1.822,0.637,2.111,-36.47,34.987,100,0,0,2,0,-390.434,312.348,-27.726,0,0,1,6,3,R,"柴山犬吉",169.9,90.243,0.6,3,71,W,Y,1951.801,255,110,119,76,33,145,124,30.414,-32.144,0.49,0,0.215,39.069,-265.217,150.277,0.267,-37.347,0,"HalF_HearteD",-0.378,-16.903,0,"ame_3",-20.935,-44.458,0,"-Alta-",-14.16,-58.56,0,"magimari",16.498,-46.293,0,"Pugeuk",9.37,-64.168,94,"alcohol500",41.931,-101.575,95,"紅さかな",-2.208,-115.227,0,"Pizzallaris",-42.775,-93.981,0,1957.1,60.25,-107.436,1959.378,6,"alcohol500",51.371,-103.54,1,0,,1961.428,,,288,2
57,2,0,2,1,0,0,1,0,1,0,255,13,255,22,1985.057,"mochi_2929",R,26,82,133,0.453,0.503,0.21,1.723,0.048,1.743,-36.47,24.722,70,30,0,0,0,116.074,-200,-1.596,0,0,0,7,1,R,"559：広告",190,85.487,0.398,0,71,W,Y,0,0,0,0,0,0,0,0,0,0,0,0,0,0,0,0,-0.053,-37.821,0,"HalF_HearteD",0.028,-16.75,0,"ame_3",-21.577,-44.928,0,"-Alta-",-11.999,-59.993,0,"magimari",17.58,-44.32,0,"Pugeuk",4.93,-62.91,0,"alcohol500",45.983,-100.353,0,"紅さかな",1.858,-118.825,0,"Pizzallaris",-42.634,-100.451,0,0,0,0,0,0,"",0,0,0,0,1986.522,1987.965,,,0,0
58,2,0,2,1,0,1,1,0,1,0,255,13,255,23,2003.657,"mochi_2929",R,3,63,96,2.829,0.693,0.555,1.861,1.972,2.064,-36.47,64.881,100,0,0,1,0,-347.713,0,3.121,0,0,0,7,1,R,"559：広告",190,85.487,0.398,0,71,W,Y,0,0,0,0,0,0,0,0,0,0,0,0,0,0,0,0,0.207,-37.746,0,"HalF_HearteD",-0.301,-16.731,0,"ame_3",-21.611,-44.913,0,"-Alta-",-12.761,-61.429,0,"magimari",18.647,-43.689,0,"Pugeuk",5.12,-62.179,0,"alcohol500",43.528,-101.458,0,"紅さかな",1.652,-117.554,0,"Pizzallaris",-43.1,-100.55,0,0,0,0,0,0,"",0,0,0,0,2005.356,2006.564,,,0,0
59,2,0,2,1,1,1,1,0,1,0,255,13,255,24,2022.804,"mochi_2929",R,13,69,109,2.097,0.792,0.396,1.86,1.597,2.533,-36.47,59.3,100,0,0,1,0,-378.019,323.214,-9.502,0,0,0,7,1,R,"559：広告",190,85.487,0.398,0,71,W,Y,0,0,0,0,0,0,0,0,0,0,0,0,0,0,0,0,0.02,-37.821,0,"HalF_HearteD",0.183,-16.925,0,"ame_3",-21.645,-44.885,0,"-Alta-",-12.036,-61.307,0,"magimari",18.691,-43.142,0,"Pugeuk",5.288,-61.912,0,"alcohol500",44.591,-100.696,0,"紅さかな",1.304,-119.728,0,"Pizzallaris",-43.101,-100.543,0,0,0,0,0,0,"",0,0,0,0,2024.478,2025.838,,,0,0
60,2,0,2,1,2,1,1,0,1,0,255,13,255,25,2049.871,"mochi_2929",R,13,71,110,0.271,-0.399,0.369,1.737,0.788,1.788,-36.47,41.541,100,0,0,2,0,-375.119,330.584,-10.817,0,0,1,7,1,R,"559：広告",190,85.487,0.398,3,71,W,Y,2050.992,255,44,59,76,41,138,86,-71.257,10.507,-0.8,0,0.179,-379.433,253.609,87.177,-0.201,-37.236,120,"HalF_HearteD",-0.439,-16.83,0,"ame_3",-21.535,-44.831,73,"-Alta-",-12.519,-61.883,0,"magimari",18.915,-44.429,0,"Pugeuk",7.886,-62.427,0,"alcohol500",43.687,-100.007,0,"紅さかな",0.16,-120.101,0,"Pizzallaris",-43.11,-100.548,0,2051.111,-0.09,-20.156,2053.934,0,"mochi_2929",-2.951,-35.462,0,128,,,2054.85,,128,2
61,2,0,2,1,0,0,2,0,0,1,255,255,13,26,2077.925,"mochi_2929",R,26,79,129,0.767,-0.015,0.219,1.62,0.088,1.362,-36.47,21.387,49,51,0,0,0,187.995,-200,4.902,0,0,0,8,7,L,"Amellaid",160,86.447,0.439,0,70,W,Y,0,0,0,0,0,0,0,0,0,0,0,0,0,0,0,0,0.002,-37.74,0,"HalF_HearteD",0.147,-16.713,0,"ame_3",-21.794,-44.804,0,"-Alta-",-9.854,-60.905,0,"magimari",18.831,-42.748,0,"Pugeuk",13.134,-61.634,0,"alcohol500",47.29,-92.585,0,"紅さかな",6.395,-111.823,0,"Pizzallaris",-40.173,-93.756,0,0,0,0,0,0,"",0,0,0,0,2079.233,,2080.264,,0,0
62,2,0,2,1,0,1,2,0,0,1,255,255,13,27,2092.153,"mochi_2929",R,0,82,118,0.049,-0.606,0.214,1.547,0.042,1.274,-36.47,21.228,51,49,0,2,0,-20.252,0,-87.653,0,0,1,8,7,L,"Amellaid",160,86.447,0.439,3,70,W,Y,2093.054,255,137,118,74,0,145,123,-30,17.018,0.54,0,0.508,-209.925,117.319,38.903,-0.048,-37.431,0,"HalF_HearteD",0.152,-16.782,0,"ame_3",-21.781,-44.575,0,"-Alta-",-9.82,-60.662,103,"magimari",17.456,-44.392,0,"Pugeuk",13.154,-61.574,0,"alcohol500",47.153,-93.585,0,"紅さかな",0.597,-110.341,0,"Pizzallaris",-39.513,-94.184,0,2093.178,-0.343,-21.487,2095.078,3,"-Alta-",-10.099,-54.012,0,256,,,,2097.198,130,2
63,3,1,2,1,0,0,0,0,0,0,255,255,255,34,2137.414,"SFIDA",L,34,93,140,0.708,-0.299,-0.266,1.715,0.454,1.333,-36.954,18.302,39,60,1,2,0,-96.485,-91.337,0,0,0,0,0,8,R,"Pizzallaris",169.9,88,0.383,3,69,W,Y,2138.463,77,137,37,89,65,106,98,90.958,-88.485,0.67,0.143,0.402,93.261,541.916,-134.124,-0.194,-37.516,0,"559：広告",0.03,-17.856,0,"甲斐野柊太",-19.309,-45.801,0,"柴山犬吉",-16.1,-62.931,0,"Azuner",17.965,-48.198,0,"coder_",9.694,-63.225,0,"YukihiroD",34.822,-86.707,0,"Amellaid",-4.32,-105.07,0,"소솨소솨",-42.383,-88.95,0,0,0,0,0,0,"",0,0,0,0,,,,,0,3
64,3,1,2,1,0,1,0,0,0,0,255,255,255,35,2157.94,"SFIDA",L,34,85,138,0.313,1.514,-0.31,1.906,0.247,2.386,-36.954,34.068,89,10,1,1,0,-70.468,-56.098,0,0,0,0,0,8,R,"Pizzallaris",169.9,88,0.383,0,69,W,Y,0,0,0,0,0,0,0,0,0,0,0,0,0,0,0,0,0.046,-37.871,0,"559：広告",0.608,-17.963,0,"甲斐野柊太",-23.318,-49.847,0,"柴山犬吉",-16.603,-62.67,0,"Azuner",17.549,-48.748,0,"coder_",8.761,-63.657,0,"YukihiroD",33.988,-86.143,0,"Amellaid",-5.799,-103.54,0,"소솨소솨",-42.23,-88.066,0,0,0,0,0,0,"",0,0,0,0,2159.378,,,,0,0
65,3,1,2,1,1,1,0,0,0,0,255,255,255,36,2176.299,"SFIDA",L,3,85,112,0.512,-0.208,-0.512,1.735,-0.461,1.486,-36.954,36.098,57,43,0,0,0,371.033,0,0,0.718,-13.569,0,0,8,R,"Pizzallaris",169.9,88,0.383,0,69,W,Y,0,0,0,0,0,0,0,0,0,0,0,0,0,0,0,0,0.126,-37.908,0,"559：広告",-0.089,-17.817,0,"甲斐野柊太",-22.055,-49.536,0,"柴山犬吉",-16.603,-62.677,0,"Azuner",17.527,-48.715,0,"coder_",8.188,-63.15,0,"YukihiroD",34.108,-86.107,0,"Amellaid",-5.802,-103.539,0,"소솨소솨",-41.666,-89.062,0,0,0,0,0,0,"",0,0,0,0,2178.989,,,,0,0
66,3,1,2,1,1,2,0,0,0,0,255,255,255,37,2193.661,"SFIDA",L,6,57,89,-3.225,0.132,-0.485,1.823,-0.378,1.698,-36.954,33.729,100,0,0,4,0,-404.546,0,0,0,0,1,0,8,R,"Pizzallaris",169.9,88,0.383,0,69,W,Y,0,0,0,0,0,0,0,0,0,0,0,0,0,0,0,0,0.008,-37.914,0,"559：広告",0.362,-19.331,0,"甲斐野柊太",-22.743,-47.489,0,"柴山犬吉",-16.526,-62.845,0,"Azuner",17.049,-49.176,0,"coder_",6.583,-63.586,0,"YukihiroD",34.081,-86.052,0,"Amellaid",-5.82,-103.562,0,"소솨소솨",-41.666,-89.066,0,0,0,0,0,0,"",0,0,0,1,2195.333,,,,0,0
67,3,1,2,1,0,0,1,0,0,0,255,255,255,38,2218.3,"SFIDA",L,28,91,140,-1.789,0.742,-0.51,1.886,-0.682,1.946,-36.954,23.864,89,10,1,4,0,-57.606,-62.743,0,0,0,1,1,3,L,"-Alta-",170.4,84,0.479,0,69,W,Y,0,0,0,0,0,0,0,0,0,0,0,0,0,0,0,0,-0.218,-37.875,0,"559：広告",-0.27,-17.878,0,"甲斐野柊太",-17.771,-45.462,0,"柴山犬吉",-12.393,-65.29,0,"Azuner",23.052,-48.573,0,"coder_",12.368,-60.318,0,"YukihiroD",41.313,-86.17,0,"Amellaid",12.977,-107.98,0,"소솨소솨",-32.833,-84.307,0,0,0,0,0,0,"",0,0,0,0,2219.544,,,,0,0
68,3,1,2,1,0,1,1,0,0,0,255,255,255,39,2233.727,"SFIDA",L,0,84,120,-1.501,-0.368,-0.569,1.693,-0.638,1.384,-36.954,27.483,50,50,0,2,0,0.938,0,0,0,0,1,1,3,L,"-Alta-",170.4,84,0.479,0,69,W,Y,2234.643,255,70,123,109,0,145,80,32.375,-8.564,-1,0,0.474,277.78,226.59,185.826,-0.257,-37.676,0,"559：広告",-0.182,-17.803,0,"甲斐野柊太",-17.565,-46.014,0,"柴山犬吉",-12.406,-65.207,0,"Azuner",22.966,-48.527,0,"coder_",11.188,-61.009,0,"YukihiroD",40.997,-86.258,0,"Amellaid",12.908,-108.588,91,"소솨소솨",-32.961,-84.2,0,2239.544,5.759,-84.25,2241.233,7,"Amellaid",4.861,-91.73,1,0,,,,,352,2
69,3,1,2,1,0,0,1,1,0,0,3,255,255,40,2288.891,"SFIDA",L,34,95,140,-0.477,-0.465,-0.388,1.686,-0.114,1.27,-36.954,22.382,58,42,0,2,0,-57.99,-46.721,0,0,0,1,2,1,R,"HalF_HearteD",190,82,0.35,3,69,W,Y,2289.916,255,150,70,108,68,145,112,25.372,31.41,0.1,0,0.386,108.133,-93.067,15.862,-0.008,-37.805,0,"559：広告",0.002,-18.162,0,"甲斐野柊太",-16.859,-42.19,86,"柴山犬吉",-12.211,-59.273,0,"Azuner",18.758,-52.324,0,"coder_",8.048,-64.013,0,"YukihiroD",34.126,-89.843,0,"Amellaid",-10.488,-117.752,0,"소솨소솨",-42.806,-94.285,125,0,0,0,2295.056,8,"소솨소솨",-48.749,-102.124,0,0,,,,,40,1
70,3,1,2,1,0,0,2,1,0,0,3,255,255,41,2324.753,"SFIDA",L,0,75,113,-2.156,-0.707,-0.66,1.58,-0.919,1.169,-36.954,29.9,45,55,0,1,0,0,0,0,0,0,0,3,9,L,"Pring__",190,93.089,0.485,0,68,W,Y,0,0,0,0,0,0,0,0,0,0,0,0,0,0,0,0,-0.111,-37.873,0,"559：広告",0.01,-17.879,0,"甲斐野柊太",-16.287,-43.098,0,"柴山犬吉",-11.988,-65.328,0,"Azuner",26.003,-52.041,0,"coder_",13.624,-66.058,0,"YukihiroD",44.928,-94.13,0,"Amellaid",12.264,-119.213,0,"소솨소솨",-34.068,-87.833,0,0,0,0,0,0,"",0,0,0,0,2326.145,,,,0,0
71,3,1,2,1,1,0,2,1,0,0,3,255,255,42,2345.563,"SFIDA",L,34,92,140,-2.614,0.208,-0.585,1.816,-1.032,1.691,-36.954,27.337,87,12,1,2,0,-62.451,-47.187,0,0,0,0,3,9,L,"Pring__",190,93.089,0.485,3,68,W,Y,2346.415,254,135,111,116,92,145,119,28.497,29.451,0.19,0,0.426,548.271,-173.604,-171.058,-0.424,-37.521,0,"559：広告",-0.2,-17.866,0,"甲斐野柊太",-18.674,-39.756,89,"柴山犬吉",-12.011,-65.303,0,"Azuner",25.905,-52.024,0,"coder_",12.751,-65.167,0,"YukihiroD",44.721,-94.355,0,"Amellaid",13.578,-116.935,0,"소솨소솨",-34.703,-86.953,108,2351.922,-51.344,-117.68,2353.722,8,"소솨소솨",-48.65,-112.588,1,0,,2350.089,2355.335,,40,2
72,3,1,2,1,0,0,2,0,1,1,255,9,3,43,2390.443,"SFIDA",L,11,55,92,-0.835,-0.002,-0.346,2.086,-0.354,2.013,-36.954,55.05,100,0,0,0,0,0,230.995,0,0,0,1,4,4,R,"magimari",190,84.655,0.353,0,69,W,Y,0,0,0,0,0,0,0,0,0,0,0,0,0,0,0,0,0.153,-37.972,0,"559：広告",-0.12,-18.389,0,"甲斐野柊太",-18.401,-45.814,0,"柴山犬吉",-16.531,-62.804,0,"Azuner",18.932,-48.311,0,"coder_",1.729,-70.424,0,"YukihiroD",32.832,-86.737,0,"Amellaid",-11.406,-119.859,0,"소솨소솨",-43.48,-97.853,0,0,0,0,0,0,"",0,0,0,0,2392.067,2393.261,,,0,0
73,3,1,2,1,0,1,2,0,1,1,255,9,3,44,2409.043,"SFIDA",L,0,60,101,0.566,0.027,-0.255,1.87,0.294,1.636,-36.954,43.853,88,12,0,2,0,-18.269,0,0,0,0,1,4,4,R,"magimari",190,84.655,0.353,3,69,W,Y,2410.24,221,104,132,80,42,145,91,19.559,1.765,-0.76,0,0.663,100.479,355.13,387.274,0.07,-37.76,0,"559：広告",0.001,-18.433,120,"甲斐野柊太",-18.866,-44.844,0,"柴山犬吉",-16.417,-62.739,91,"Azuner",17.398,-51.141,0,"coder_",5.784,-71.766,0,"YukihiroD",33.163,-86.528,0,"Amellaid",-11.351,-119.895,88,"소솨소솨",-43.335,-98.899,0,2414.211,-7.929,-91.598,2415.156,7,"Amellaid",-9.025,-97.922,1,0,2420.611,,2415.65,2415.884,448,2
74,3,1,3,1,0,0,2,1,0,1,4,255,9,45,2447.888,"SFIDA",L,33,97,140,-0.523,-0.45,-0.288,1.701,-0.074,1.28,-36.954,21.723,31,68,1,0,0,-102.501,-58.931,0,0,0,1,5,5,R,"Pugeuk",170.3,86.201,0.347,0,70,W,Y,0,0,0,0,0,0,0,0,0,0,0,0,0,0,0,0,0.142,-37.893,0,"559：広告",0.069,-18.182,0,"甲斐野柊太",-18.436,-41.37,0,"柴山犬吉",-15.86,-62.901,0,"Azuner",19.321,-47.358,0,"coder_",6.813,-63.697,0,"YukihiroD",31.116,-86.623,0,"Amellaid",-8.406,-119.278,0,"소솨소솨",-39.756,-93.641,0,0,0,0,0,0,"",0,0,0,0,2449.178,,2450.395,,0,0
75,3,1,3,1,0,1,2,1,0,1,4,255,9,46,2464.883,"SFIDA",L,34,90,140,-1.633,-0.51,-0.392,1.691,-0.558,1.244,-36.954,28.02,91,9,0,2,0,-99.863,-61.915,0,0,0,1,5,5,R,"Pugeuk",170.3,86.201,0.347,3,70,W,Y,2465.885,188,37,75,59,16,142,104,-30,37.117,0.92,0,0.576,-187.923,56.511,-16.633,-0.155,-37.645,0,"559：広告",-0.046,-18.295,0,"甲斐野柊太",-16.854,-42.3,0,"柴山犬吉",-15.797,-62.871,0,"Azuner",17.312,-50.84,0,"coder_",7.596,-64.519,0,"YukihiroD",32.416,-86.942,0,"Amellaid",-7.843,-118.645,0,"소솨소솨",-39.747,-93.659,0,2465.978,-1.182,-19.907,2467.589,2,"甲斐野柊太",-16.487,-37.196,0,0,,,,2471.299,32,2
76,3,0,3,1,0,0,0,0,0,0,255,255,255,28,2514.956,"mochi_2929",R,26,83,135,1.461,-0.884,0.293,1.504,0.432,0.916,-36.47,29.999,53,47,0,0,0,143.532,-200,-26.265,0,0,0,0,5,R,"coder_",160,82,0.273,0,49,W,Y,0,0,0,0,0,0,0,0,0,0,0,0,0,0,0,0,-0.012,-37.838,0,"HalF_HearteD",0.06,-16.687,0,"ame_3",-20.017,-42.397,0,"-Alta-",-10.571,-50.554,0,"magimari",15.399,-45.298,0,"Pugeuk",8.788,-59.586,0,"alcohol500",35.918,-96.804,0,"紅さかな",0.09,-110.325,0,"Pizzallaris",-39.68,-95.848,0,0,0,0,0,0,"",0,0,0,0,2516.434,,,,0,0
77,3,0,3,1,0,1,0,0,0,0,255,255,255,29,2530.345,"mochi_2929",R,26,86,139,-0.169,-1.666,0.126,1.398,-0.343,0.51,-36.47,14.154,52,48,0,1,0,196.795,-200,4.833,0,0,0,0,5,R,"coder_",160,82,0.273,0,49,W,Y,0,0,0,0,0,0,0,0,0,0,0,0,0,0,0,0,0.108,-37.608,0,"HalF_HearteD",0.01,-16.792,0,"ame_3",-21.302,-43.985,0,"-Alta-",-8.837,-42.511,0,"magimari",14.884,-44.835,0,"Pugeuk",8.892,-59.561,0,"alcohol500",40.071,-97.094,0,"紅さかな",0.663,-110.846,0,"Pizzallaris",-39.68,-95.846,0,0,0,0,0,0,"",0,0,0,0,2531.845,,,,0,0
78,3,0,3,1,1,1,0,0,0,0,255,255,255,30,2544.959,"mochi_2929",R,13,77,115,-0.765,-1.442,0.263,1.608,0.295,1.317,-36.47,25.08,61,39,0,2,0,-369.862,336.455,-2.849,0,0,1,0,5,R,"coder_",160,82,0.273,3,49,W,Y,2546.069,223,156,135,100,41,145,119,22.055,43.173,0.68,0,0.358,208.534,83.239,282.081,-0.25,-37.616,0,"HalF_HearteD",-0.447,-16.922,0,"ame_3",-20.336,-42.804,0,"-Alta-",-10.9,-52.131,88,"magimari",14.909,-45.188,0,"Pugeuk",9.432,-61.776,0,"alcohol500",40.729,-97.402,0,"紅さかな",1.039,-110.461,0,"Pizzallaris",-39.68,-95.833,98,2550.089,-66.75,-88.114,2552.4,8,"Pizzallaris",-66.266,-89.406,1,0,,2555.468,,,3,2
79,3,0,3,1,0,0,0,0,1,0,255,15,255,31,2577.477,"mochi_2929",R,26,85,138,-1.526,-0.347,0.023,1.561,-0.821,1.219,-36.47,11.251,49,51,0,1,0,114.351,-200,11.587,0,0,0,1,9,L,"눈꽃",190,85,0.497,0,70,W,Y,0,0,0,0,0,0,0,0,0,0,0,0,0,0,0,0,0.098,-37.765,0,"HalF_HearteD",-0.284,-16.694,0,"ame_3",-21.351,-44.612,0,"-Alta-",-7.841,-59.571,0,"magimari",18.529,-43.434,0,"Pugeuk",10.813,-59.632,0,"alcohol500",51.171,-101.935,0,"紅さかな",3.098,-119.408,0,"Pizzallaris",-44.539,-105.439,0,0,0,0,0,0,"",0,0,0,0,2578.9,2579.946,,,0,0
80,3,0,3,1,1,0,0,0,1,0,255,15,255,32,2593.345,"mochi_2929",R,26,83,135,-0.416,0.679,0.13,1.758,-0.326,1.857,-36.47,23.322,100,0,0,0,0,100.836,-200,2.281,0,0,1,1,9,L,"눈꽃",190,85,0.497,0,70,W,Y,0,0,0,0,0,0,0,0,0,0,0,0,0,0,0,0,0.114,-37.802,0,"HalF_HearteD",-0.153,-16.631,0,"ame_3",-21.416,-44.484,0,"-Alta-",-5.415,-60.614,0,"magimari",19.049,-43.577,0,"Pugeuk",12.312,-60.317,0,"alcohol500",49.675,-103.103,0,"紅さかな",2.375,-120.132,0,"Pizzallaris",-44.544,-105.426,0,0,0,0,0,0,"",0,0,0,0,2594.656,2596.356,,,0,0
81,3,0,3,1,1,1,0,0,1,0,255,15,255,33,2607.683,"mochi_2929",R,13,63,93,-0.156,0.343,0.344,1.955,0.617,2.446,-36.47,48.153,100,0,0,2,0,-293.505,359.837,-28.029,0,0,1,1,9,L,"눈꽃",190,85,0.497,3,70,W,Y,2608.876,247,105,89,83,44,145,130,-6.722,33.311,0.48,0,0.554,-394.962,-120.604,435.27,0.21,-37.642,0,"HalF_HearteD",0.316,-16.978,120,"ame_3",-21.39,-44.359,0,"-Alta-",-7.936,-62.66,0,"magimari",18.483,-44.904,0,"Pugeuk",11.835,-60.598,103,"alcohol500",50.644,-102.546,0,"紅さかな",3.11,-120.579,0,"Pizzallaris",-44.544,-105.468,104,2609.133,-4.685,-27.829,2612.567,8,"Pizzallaris",-50.474,-91.108,1,0,2618.456,2620.805,2613.594,,37,2
82,3,0,3,1,0,0,0,0,1,1,255,19,15,34,2650.074,"mochi_2929",R,32,86,140,0.667,-0.185,0.19,1.593,-0.048,1.322,-36.47,20.528,50,50,0,0,0,250,-200,4.228,0,0,1,2,4,L,"Azuner",190,80,0.298,0,69,W,Y,0,0,0,0,0,0,0,0,0,0,0,0,0,0,0,0,-0.069,-37.789,0,"HalF_HearteD",0.185,-16.605,0,"ame_3",-21.11,-44.657,0,"-Alta-",-10.357,-61.304,0,"magimari",19.03,-42.118,0,"Pugeuk",10.091,-59.477,0,"alcohol500",45.953,-100.895,0,"紅さかな",1.296,-116.404,0,"Pizzallaris",-46.346,-99.809,0,0,0,0,0,0,"",0,0,0,0,2651.5,2653.068,2652.052,,0,0
83,3,0,3,1,0,1,0,0,1,1,255,19,15,35,2663.015,"mochi_2929",R,26,72,123,3.616,0.833,0.48,1.79,1.304,1.961,-36.47,50.156,100,0,0,1,0,163.649,-169.193,-3.276,0,0,0,2,4,L,"Azuner",190,80,0.298,0,69,W,Y,0,0,0,0,0,0,0,0,0,0,0,0,0,0,0,0,0.073,-37.663,0,"HalF_HearteD",0.222,-16.728,0,"ame_3",-21.034,-44.642,0,"-Alta-",-7.235,-60.344,0,"magimari",19.183,-41.926,0,"Pugeuk",11.101,-59.353,0,"alcohol500",49.562,-101.637,0,"紅さかな",7.239,-119.688,0,"Pizzallaris",-46.566,-100.831,0,0,0,0,0,0,"",0,0,0,1,2664.522,2666.185,2665.744,,0,0
84,3,0,3,1,1,1,1,0,1,0,255,19,255,36,2700.753,"mochi_2929",R,26,74,125,-1.567,-1.612,0.007,1.309,-0.899,0.404,-36.47,16.828,25,75,0,1,0,140.643,-200,-21.184,0,0,0,2,4,L,"Azuner",190,80,0.298,0,69,W,Y,0,0,0,0,0,0,0,0,0,0,0,0,0,0,0,0,0.223,-37.853,0,"HalF_HearteD",0.104,-16.652,0,"ame_3",-22.104,-45.521,0,"-Alta-",-7.451,-59.584,0,"magimari",19.573,-43.591,0,"Pugeuk",10.595,-60.326,0,"alcohol500",48.472,-98.801,0,"紅さかな",2.687,-119.744,0,"Pizzallaris",-44.898,-101.949,0,0,0,0,0,0,"",0,0,0,0,2702.267,2703.425,,,0,0
85,3,0,3,1,2,1,1,0,1,0,255,19,255,37,2714.629,"mochi_2929",R,0,81,132,0.268,-1.536,0.234,1.383,0.157,0.643,-36.47,23.939,52,48,0,1,0,-43.079,0.127,-89.275,-0.026,-16.491,0,2,4,L,"Azuner",190,80,0.298,0,69,W,Y,0,0,0,0,0,0,0,0,0,0,0,0,0,0,0,0,0.077,-37.816,0,"HalF_HearteD",0.348,-19.004,0,"ame_3",-22.105,-45.488,0,"-Alta-",-7.995,-61.601,0,"magimari",20.85,-42.813,0,"Pugeuk",8.754,-58.818,0,"alcohol500",49.909,-96.19,0,"紅さかな",5.38,-121.537,0,"Pizzallaris",-45.621,-101.645,0,0,0,0,0,0,"",0,0,0,0,2716.133,2717.553,,,0,0
86,3,0,3,1,3,1,1,0,1,0,255,19,255,38,2742.662,"mochi_2929",R,0,84,136,-0.61,-1.391,0.153,1.406,-0.221,0.716,-36.47,22.206,52,48,0,1,0,-47.032,-22.12,-96.778,0,0,0,2,4,L,"Azuner",190,80,0.298,0,69,W,Y,0,0,0,0,0,0,0,0,0,0,0,0,0,0,0,0,0.251,-37.844,0,"HalF_HearteD",0.117,-16.815,0,"ame_3",-21.227,-45.497,0,"-Alta-",-4.526,-62.419,0,"magimari",19.948,-43.284,0,"Pugeuk",10.416,-57.799,0,"alcohol500",51.244,-99.112,0,"紅さかな",1.451,-113.211,0,"Pizzallaris",-44.449,-103.531,0,0,0,0,0,0,"",0,0,0,0,2744.122,2745.668,,,0,5
87,3,0,3,1,0,0,1,1,1,0,14,19,255,39,2763.623,"mochi_2929",R,26,111,140,-0.627,0.669,0.094,1.752,-0.492,1.842,-36.47,21.509,78,22,0,0,0,162.091,-200,-2.849,0,0,1,3,8,R,"소솨소솨",185.6,80,0.498,0,68,W,Y,0,0,0,0,0,0,0,0,0,0,0,0,0,0,0,0,0.011,-37.71,0,"HalF_HearteD",0.045,-16.612,0,"ame_3",-22.026,-46.153,0,"-Alta-",-9.936,-59.776,0,"magimari",17.901,-44.354,0,"Pugeuk",6.662,-62.116,0,"alcohol500",48.634,-101.54,0,"紅さかな",2.768,-120.869,0,"Pizzallaris",-45.352,-104.019,0,0,0,0,0,0,"",0,0,0,0,2765.1,2766.872,,,0,0
88,3,0,3,1,0,1,1,1,1,0,14,19,255,40,2779.001,"mochi_2929",R,26,68,120,3.025,1.986,0.428,2.003,1.088,2.617,-36.47,57.12,100,0,0,2,0,133.572,-200,-2.133,0,0,1,3,8,R,"소솨소솨",185.6,80,0.498,3,68,W,Y,2780.169,165,73,74,52,21,139,109,111.476,-50.052,0.08,0,0.345,129.06,449.544,-250.383,-0.02,-36.925,0,"HalF_HearteD",0.172,-16.692,0,"ame_3",-21.737,-45.122,0,"-Alta-",-11.593,-62.221,0,"magimari",17.085,-44.744,0,"Pugeuk",8.519,-61.616,0,"alcohol500",48.296,-101.08,0,"紅さかな",1.778,-120.626,0,"Pizzallaris",-45.341,-104.007,0,0,0,0,0,0,"",0,0,0,0,,2782.605,,,0,3
89,3,0,3,1,0,2,1,1,1,0,14,19,255,41,2798.108,"mochi_2929",R,26,78,129,1.291,1.939,0.261,1.981,0.283,2.601,-36.47,41.898,100,0,0,4,0,183.226,-200,2.429,0,0,1,3,8,R,"소솨소솨",185.6,80,0.498,0,42,W,Y,0,0,0,0,0,0,0,0,0,0,0,0,0,0,0,0,-0.027,-37.79,0,"HalF_HearteD",-1.316,-18.2,0,"ame_3",-21.529,-42.718,0,"-Alta-",-10.806,-61.136,0,"magimari",18.123,-44.682,0,"Pugeuk",6.062,-62.121,0,"alcohol500",50.723,-100.744,0,"紅さかな",2.257,-121.514,0,"Pizzallaris",-45.24,-104.533,0,0,0,0,0,0,"",0,0,0,0,2799.522,2801.572,,,0,0
90,3,0,3,1,0,0,2,1,1,0,14,19,255,42,2824.495,"mochi_2929",R,26,76,127,1.921,0.864,0.34,1.761,0.651,1.887,-36.47,37.11,100,0,0,2,0,116.072,-200,-5.293,0,0,1,4,6,R,"YukihiroD",173.8,80,0.4,3,79,W,Y,2825.632,183,109,75,39,15,138,126,-30,43.105,0.57,0,0.569,-340.015,419.192,-212.871,0.259,-37.392,0,"HalF_HearteD",0.125,-16.878,0,"ame_3",-22.826,-46.118,46,"-Alta-",-12.129,-61.685,0,"magimari",16.646,-45.613,0,"Pugeuk",9.803,-62.408,0,"alcohol500",43.636,-103.269,0,"紅さかな",5.138,-118.076,0,"Pizzallaris",-45.645,-104.681,0,2825.667,-1.479,-21.31,2827.044,2,"ame_3",-20.916,-41.817,0,0,2931.8,,2830.384,,128,2
91,4,1,3,1,0,0,0,0,0,0,255,255,255,47,3024.081,"559：広告",R,26,91,140,1.368,-0.4,0.289,1.627,0.416,1.2,-36.419,30.897,89,11,0,2,0,132.198,-184.122,5.544,0,0,1,6,7,R,"紅さかな",172.6,86,0.402,3,72,W,Y,3025.216,198,152,128,49,52,145,100,27.601,34.46,-0.02,0,0.228,69.256,-156.302,36.044,0.338,-37.404,0,"SFIDA",0.106,-17.634,0,"甲斐野柊太",-19.199,-45.363,0,"柴山犬吉",-16.791,-62.634,0,"Azuner",21.701,-51.146,0,"coder_",10.695,-65.151,0,"YukihiroD",30.181,-84.97,0,"Amellaid",-4.707,-107.074,0,"소솨소솨",-43.444,-92.394,91,0,0,0,3029.978,8,"소솨소솨",-44.434,-89.463,0,0,,,,,8,1
92,4,1,3,1,0,0,1,0,0,0,255,255,255,48,3049.987,"559：広告",R,26,90,140,-2.757,-0.506,-0.078,1.589,-1.294,1.12,-36.419,23.693,91,9,0,2,0,73.265,-200,5.706,0,0,1,7,2,L,"ame_3",190,80,0.21,3,67,W,Y,3051.029,225,181,100,99,70,145,129,3.052,-19.046,0.29,0,0.421,-237.869,-526.03,-163.435,-0.164,-37.487,0,"SFIDA",-0.175,-17.557,0,"甲斐野柊太",-19.766,-45.242,0,"柴山犬吉",-10.732,-65.805,85,"Azuner",25.999,-51.917,0,"coder_",13.524,-69.336,0,"YukihiroD",46.12,-96.868,112,"Amellaid",4.932,-110.975,0,"소솨소솨",-34.829,-85.61,0,3051.967,10.82,-49.916,3054.245,6,"YukihiroD",30.744,-94.235,1,0,,,,,80,2
93,4,1,3,1,0,0,1,1,0,0,2,255,255,49,3078.124,"559：広告",R,13,81,118,-0.347,-1.246,0.287,1.689,0.406,1.405,-36.419,34.056,87,13,0,1,0,-352.561,354.543,4.808,-0.242,-17.379,0,8,6,L,"alcohol500",160,82.32,0.398,0,67,W,Y,0,0,0,0,0,0,0,0,0,0,0,0,0,0,0,0,-0.161,-37.681,0,"SFIDA",-0.088,-17.496,0,"甲斐野柊太",-16.521,-41,0,"柴山犬吉",-8.787,-61.227,0,"Azuner",22.61,-48.12,0,"coder_",10.402,-61.956,0,"YukihiroD",40.12,-88.128,0,"Amellaid",9.232,-103.476,0,"소솨소솨",-34.563,-83.362,0,0,0,0,0,0,"",0,0,0,0,3079.444,,,,0,0
94,4,1,3,1,1,0,1,1,0,0,2,255,255,50,3095.052,"559：広告",R,26,83,135,0.539,-0.002,0.205,1.692,0.025,1.417,-36.419,46.169,83,17,0,0,0,146.627,-161.482,-0.709,0,0,0,8,6,L,"alcohol500",160,82.32,0.398,0,67,W,Y,0,0,0,0,0,0,0,0,0,0,0,0,0,0,0,0,-0.186,-38.057,0,"SFIDA",-0.146,-17.443,0,"甲斐野柊太",-16.938,-42.499,0,"柴山犬吉",-5.801,-60.993,0,"Azuner",22.589,-48.072,0,"coder_",10.662,-62.279,0,"YukihiroD",40.106,-88.102,0,"Amellaid",9.241,-103.586,0,"소솨소솨",-33.21,-83.249,0,0,0,0,0,0,"",0,0,0,0,3096.4,,,,0,0
95,4,1,3,1,1,1,1,1,0,0,2,255,255,51,3115.727,"559：広告",R,3,71,101,0.912,-0.613,0.497,1.697,1.133,1.502,-36.419,66.22,83,17,0,0,0,-371.473,126.577,-2.399,0,0,0,8,6,L,"alcohol500",160,82.32,0.398,0,67,W,Y,0,0,0,0,0,0,0,0,0,0,0,0,0,0,0,0,0.072,-37.505,0,"SFIDA",-0.247,-17.131,0,"甲斐野柊太",-16.449,-43.42,0,"柴山犬吉",-6.139,-60.995,0,"Azuner",22.55,-48.116,0,"coder_",10.96,-60.893,0,"YukihiroD",40.102,-88.14,0,"Amellaid",9.165,-103.592,0,"소솨소솨",-35.071,-83.29,0,0,0,0,0,0,"",0,0,0,0,3117.211,,,,0,0
96,4,1,3,1,1,2,1,1,0,0,2,255,255,52,3135.064,"559：広告",R,0,0,0,0,0,0,0,0,0,0,0,0,0,0,0,0,0,0,0,0,0,0,8,6,L,"alcohol500",160,82.32,0.398,0,67,W,Y,0,0,0,0,0,0,0,0,0,0,0,0,0,0,0,0,0,0,0,"",0,0,0,"",0,0,0,"",0,0,0,"",0,0,0,"",0,0,0,"",0,0,0,"",0,0,0,"",0,0,0,0,0,0,0,0,"",0,0,0,0,3136.456,,,,0,0
97,4,1,3,1,2,2,1,1,0,0,2,255,255,53,3155.501,"559：広告",R,32,68,121,3.757,2.386,0.37,1.868,1.375,2.673,-36.419,79.779,84,16,0,4,0,157.743,-152.203,4.877,0,0,1,8,6,L,"alcohol500",160,82.32,0.398,0,67,W,Y,0,0,0,0,0,0,0,0,0,0,0,0,0,0,0,0,-0.118,-37.453,0,"SFIDA",-0.324,-19.477,0,"甲斐野柊太",-15.112,-45.061,0,"柴山犬吉",-8.359,-62.77,0,"Azuner",22.679,-47.909,0,"coder_",10.564,-60.68,0,"YukihiroD",39.995,-88.23,0,"Amellaid",8.616,-104.722,0,"소솨소솨",-35.492,-83.835,0,0,0,0,0,0,"",0,0,0,0,3156.855,,,,0,0
98,4,1,3,1,0,0,2,1,0,0,2,255,255,54,3178.286,"559：広告",R,3,71,112,1.034,-0.707,0.408,1.599,1.237,1.208,-36.419,67.592,71,29,0,0,0,-466.763,0,2.377,0,0,0,0,8,R,"Pizzallaris",169.9,88,0.383,0,67,W,Y,0,0,0,0,0,0,0,0,0,0,0,0,0,0,0,0,0.011,-37.675,0,"SFIDA",0.09,-17.745,0,"甲斐野柊太",-18.713,-40.479,0,"柴山犬吉",-16.033,-62.895,0,"Azuner",18.399,-50.584,0,"coder_",9.842,-67.44,0,"YukihiroD",31.855,-84.538,0,"Amellaid",-6.529,-103.887,0,"소솨소솨",-42.296,-92.221,0,0,0,0,0,0,"",0,0,0,0,3179.833,,,,0,0
99,4,1,3,1,0,1,2,1,0,0,2,255,255,55,3194.516,"559：広告",R,26,79,129,2.881,1.131,0.403,1.861,1.024,2.02,-36.419,60.113,81,19,0,1,0,148.898,-200,4.513,0,0,0,0,8,R,"Pizzallaris",169.9,88,0.383,0,67,W,Y,0,0,0,0,0,0,0,0,0,0,0,0,0,0,0,0,-0.106,-38.13,0,"SFIDA",0.102,-17.646,0,"甲斐野柊太",-17.852,-40.877,0,"柴山犬吉",-16.015,-62.858,0,"Azuner",18.422,-50.601,0,"coder_",6.152,-67.114,0,"YukihiroD",31.74,-84.602,0,"Amellaid",-6.513,-103.882,0,"소솨소솨",-41.403,-92.08,0,0,0,0,0,0,"",0,0,0,0,3195.978,,,,0,0
100,4,1,3,1,1,1,2,1,0,0,2,255,255,56,3209.908,"559：広告",R,3,73,101,-2.117,-0.86,0.115,1.683,-0.157,1.458,-36.419,64.083,83,17,0,2,0,-380.111,202.684,0.669,0,0,0,0,8,R,"Pizzallaris",169.9,88,0.383,3,67,W,Y,3211.11,74,145,117,133,95,121,90,-9.927,30.825,0.92,0.143,0.242,-56.13,407.719,-322.964,-0.5,-37.127,0,"SFIDA",-0.049,-17.511,0,"甲斐野柊太",-17.076,-41.727,0,"柴山犬吉",-15.905,-62.865,0,"Azuner",18.265,-50.662,0,"coder_",8.851,-66.943,0,"YukihiroD",31.756,-84.602,0,"Amellaid",-6.539,-103.969,0,"소솨소솨",-41.56,-92.054,0,3211.267,-2.36,-23.99,3212.733,2,"甲斐野柊太",-13.748,-42.959,0,128,3263.378,,,,53,2
101,4,0,3,1,0,0,0,0,0,0,255,255,255,43,3287.925,"mochi_2929",R,26,61,115,4.26,1.546,0.458,1.96,1.488,2.454,-36.47,60.842,100,0,0,3,0,158.582,-179.466,-5.193,0.235,-21.469,0,5,2,R,"甲斐野柊太",190,80,0.2,0,22,W,Y,0,0,0,0,0,0,0,0,0,0,0,0,0,0,0,0,0.238,-35.266,0,"HalF_HearteD",0.182,-16.706,0,"ame_3",-22.187,-45.443,0,"-Alta-",-11.993,-62.985,0,"magimari",16.275,-45.484,0,"Pugeuk",11.536,-63.324,0,"alcohol500",45.624,-102.814,0,"紅さかな",-1.669,-119.639,0,"Pizzallaris",-43.373,-94.161,0,0,0,0,0,0,"",0,0,0,0,3293.544,,,,0,6
102,4,0,3,1,0,0,0,1,0,0,12,255,255,44,3319.751,"mochi_2929",R,3,72,111,-3.193,0.416,0.098,1.747,-0.475,1.842,-36.47,26.033,100,0,0,4,0,-500,0,-34.517,-2.086,-11.582,1,6,3,R,"柴山犬吉",169.9,90.243,0.6,0,66,W,Y,0,0,0,0,0,0,0,0,0,0,0,0,0,0,0,0,0.101,-37.416,0,"HalF_HearteD",-0.262,-16.434,0,"ame_3",-18.317,-40.193,0,"-Alta-",-9.684,-58.726,0,"magimari",16.786,-45.842,0,"Pugeuk",6.082,-61.72,0,"alcohol500",45.545,-102.607,0,"紅さかな",-0.117,-111.302,0,"Pizzallaris",-41.92,-95.032,0,0,0,0,0,0,"",0,0,0,0,3326.067,3327.143,,,0,0
103,4,0,3,1,0,1,0,0,1,0,255,12,255,45,3348.765,"mochi_2929",R,13,58,102,-0.419,2.416,0.246,2.097,0.347,3.624,-36.47,59.257,100,0,0,1,0,-258.474,400,-28.034,-0.042,-17.858,0,6,3,R,"柴山犬吉",169.9,90.243,0.6,0,66,W,Y,0,0,0,0,0,0,0,0,0,0,0,0,0,0,0,0,0.024,-37.858,0,"HalF_HearteD",-0.181,-17.16,0,"ame_3",-20.939,-44.443,0,"-Alta-",-11.948,-61.463,0,"magimari",17.173,-44.667,0,"Pugeuk",6.552,-61.169,0,"alcohol500",46.789,-100.779,0,"紅さかな",-0.354,-115.365,0,"Pizzallaris",-42.075,-95.089,0,0,0,0,0,0,"",0,0,0,0,3353.967,3351.704,,,0,0
104,4,0,3,1,1,1,0,0,1,0,255,12,255,46,3371.456,"mochi_2929",R,10,67,110,-0.229,-0.732,0.152,1.722,-0.224,1.75,-36.47,32.921,100,0,0,2,0,68.145,400,-51.178,0,0,1,6,3,R,"柴山犬吉",169.9,90.243,0.6,3,66,W,Y,3372.609,138,137,69,113,46,139,121,-22.325,-33.156,0.27,0,0.135,-407.918,-205.04,-311.6,0.039,-37.498,0,"HalF_HearteD",-0.224,-16.76,0,"ame_3",-20.949,-44.362,102,"-Alta-",-11.743,-61.977,0,"magimari",16.635,-45.95,87,"Pugeuk",8.436,-59.609,0,"alcohol500",46.249,-99.858,0,"紅さかな",0.645,-115.811,0,"Pizzallaris",-42.057,-95.08,0,3372.6,0.874,-21.852,3373.9,4,"magimari",16.089,-44.269,0,0,,,3379.971,,144,2
105,4,0,3,1,0,0,1,0,0,1,255,255,12,47,3416.197,"mochi_2929",R,10,58,92,0.569,0.009,0.27,1.906,0.249,2.288,-36.47,44.534,100,0,0,0,0,-4.034,400,-29.262,0,0,0,7,1,L,"SFIDA",188.6,80,0.2,0,55,W,Y,0,0,0,0,0,0,0,0,0,0,0,0,0,0,0,0,0.061,-37.744,0,"HalF_HearteD",0.318,-16.546,0,"ame_3",-21.534,-44.474,0,"-Alta-",-7.122,-62.604,0,"magimari",19.145,-41.499,0,"Pugeuk",13.336,-58.545,0,"alcohol500",51.291,-95.324,0,"紅さかな",2.297,-116.393,0,"Pizzallaris",-42.027,-95.216,0,0,0,0,0,0,"",0,0,0,0,3417.7,,3418.673,,0,0
106,4,0,3,1,0,1,1,0,0,1,255,255,12,48,3434.473,"mochi_2929",R,26,68,121,3.594,1.413,0.446,1.918,1.272,2.286,-36.47,57.764,100,0,0,4,0,174.708,-200,-6.201,0,0,1,7,1,L,"SFIDA",188.6,80,0.2,0,55,W,Y,0,0,0,0,0,0,0,0,0,0,0,0,0,0,0,0,0.15,-37.68,0,"HalF_HearteD",0.237,-16.545,0,"ame_3",-21.726,-44.524,0,"-Alta-",-6.91,-62.068,0,"magimari",19.784,-41.343,0,"Pugeuk",13.574,-58.919,0,"alcohol500",50.935,-98.073,0,"紅さかな",0.377,-117.274,0,"Pizzallaris",-42.025,-95.212,0,0,0,0,0,0,"",0,0,0,0,3435.756,,3436.62,,0,0
107,4,0,3,1,0,2,1,0,0,1,255,255,12,49,3451.961,"mochi_2929",R,26,73,125,1.955,1.184,0.331,1.847,0.611,2.15,-36.47,43.421,100,0,0,2,0,149.852,-200,-10.283,0,0,1,7,1,L,"SFIDA",188.6,80,0.2,3,55,W,Y,3452.939,255,85,30,0,0,46,46,23.814,17.982,0.4,0,1.145,131.237,276.484,-2.205,0.125,-37.647,0,"HalF_HearteD",0.187,-16.763,0,"ame_3",-21.636,-44.458,0,"-Alta-",-8.369,-64.692,0,"magimari",18.209,-44.197,0,"Pugeuk",13.243,-58.884,0,"alcohol500",51.258,-98.017,0,"紅さかな",0.411,-117.472,0,"Pizzallaris",-41.837,-95.206,0,0,0,0,3455.067,0,"mochi_2929",-5.974,-36.755,0,0,3459.256,,3454.403,,4,1
108,4,0,3,1,0,0,2,0,0,1,255,255,12,50,3486.14,"mochi_2929",R,26,70,122,3.014,1.913,0.429,1.88,1.063,2.364,-36.47,48.915,100,0,0,1,0,149.709,-200,-5.55,0,0,0,8,7,L,"Amellaid",160,86.447,0.439,0,65,W,Y,0,0,0,0,0,0,0,0,0,0,0,0,0,0,0,0,0.352,-37.36,0,"HalF_HearteD",1.652,-18.207,0,"ame_3",-21.181,-44.044,0,"-Alta-",-7.045,-63.236,0,"magimari",19.134,-41.252,0,"Pugeuk",12.857,-59.425,0,"alcohol500",45.596,-94.738,0,"紅さかな",2.036,-108.351,0,"Pizzallaris",-42.001,-94.676,0,0,0,0,0,0,"",0,0,0,0,3487.4,,3488.238,,0,0
109,4,0,3,1,1,0,2,0,0,1,255,255,12,51,3510.069,"mochi_2929",R,10,65,109,0.861,-0.05,0.279,1.839,0.367,2.207,-36.47,38.141,100,0,0,2,0,0,400,-32.425,0,0,1,8,7,L,"Amellaid",160,86.447,0.439,3,65,W,Y,3511.012,255,173,69,119,40,143,94,34.709,32.801,0,0,0.684,-205.457,192.596,529.806,0.326,-37.321,0,"HalF_HearteD",0.153,-16.871,0,"ame_3",-21.254,-44.086,0,"-Alta-",-8.14,-62.622,0,"magimari",17.52,-43.75,0,"Pugeuk",13.498,-60.315,0,"alcohol500",46.961,-94.655,0,"紅さかな",0.599,-112.344,0,"Pizzallaris",-40.884,-96.902,0,3515.434,-44.152,-80.75,3515.656,8,"Pizzallaris",-42.538,-78.679,0,0,,,,3516.643,33,1
110,5,1,3,1,0,0,0,0,0,0,255,255,255,57,3562.456,"559：広告",R,13,64,94,1.562,0.305,0.41,1.928,1.32,2.392,-36.419,79.859,84,16,0,4,0,-301.978,353.728,-4.601,0,0,1,1,3,L,"-Alta-",170.4,84,0.479,0,65,W,Y,0,0,0,0,0,0,0,0,0,0,0,0,0,0,0,0,-0.008,-37.257,0,"SFIDA",-0.033,-17.473,0,"甲斐野柊太",-18.764,-45.83,0,"柴山犬吉",-12.32,-65.335,0,"Azuner",23.997,-49.524,0,"coder_",12.975,-64.149,0,"YukihiroD",44.082,-88.311,0,"Amellaid",12.052,-104.014,0,"소솨소솨",-32.831,-85.394,0,0,0,0,0,0,"",0,0,0,0,3563.845,,,,0,0
111,5,1,3,1,0,1,0,0,0,0,255,255,255,58,3586.248,"559：広告",R,3,79,119,1.116,-0.813,0.484,1.689,1.109,1.227,-36.419,50.325,88,12,0,0,0,-391.25,73.312,0.637,0,0,0,1,3,L,"-Alta-",170.4,84,0.479,0,65,W,Y,0,0,0,0,0,0,0,0,0,0,0,0,0,0,0,0,0.055,-37.553,0,"SFIDA",-0.015,-17.526,0,"甲斐野柊太",-22.019,-46.648,0,"柴山犬吉",-12.345,-65.333,0,"Azuner",24.133,-49.662,0,"coder_",12.535,-64.574,0,"YukihiroD",44.086,-88.3,0,"Amellaid",7.318,-106.825,0,"소솨소솨",-29.468,-88.817,0,0,0,0,0,0,"",0,0,0,0,3587.511,,,,0,0
112,5,1,3,1,0,2,0,0,0,0,255,255,255,59,3605.451,"559：広告",R,26,87,140,1.066,1.226,0.248,1.928,0.341,2.094,-36.419,47.331,85,15,0,4,0,87.28,-200,-4.237,0,0,1,1,3,L,"-Alta-",170.4,84,0.479,0,65,W,Y,0,0,0,0,0,0,0,0,0,0,0,0,0,0,0,0,-0.029,-37.647,0,"SFIDA",-0.503,-19.195,0,"甲斐野柊太",-26.316,-48.818,0,"柴山犬吉",-12.318,-65.325,0,"Azuner",24.2,-49.622,0,"coder_",12.493,-64.707,0,"YukihiroD",43.981,-88.374,0,"Amellaid",7.973,-106.156,0,"소솨소솨",-29.415,-88.809,0,0,0,0,0,0,"",0,0,0,2,3606.6,,,,0,0
113,5,1,3,1,0,0,1,0,0,0,255,255,255,60,3627.925,"559：広告",R,26,84,136,3.041,0.213,0.42,1.778,1.139,1.563,-36.419,54.44,91,9,0,2,0,129.571,-200,0.731,0,0,1,2,1,R,"HalF_HearteD",190,82,0.35,3,39,W,Y,3629.015,250,124,91,96,46,145,87,12.848,-55.76,1,0,0.34,-98.007,-180.261,81.431,-0.107,-37.315,0,"SFIDA",0.138,-17.388,0,"甲斐野柊太",-20.947,-45.623,0,"柴山犬吉",-16.428,-62.899,0,"Azuner",18.765,-52.381,0,"coder_",8.152,-68.844,0,"YukihiroD",27.047,-92.114,0,"Amellaid",-10.177,-117.751,0,"소솨소솨",-43.894,-95.578,0,3630.656,29.966,-37.855,0,0,"",0,0,0,0,,,,,0,3
114,5,1,3,1,0,1,1,0,0,0,255,255,255,61,3646.546,"559：広告",R,26,83,135,-1.017,-0.125,0.066,1.661,-0.624,1.352,-36.419,48.774,90,10,0,2,0,128.893,-200,-2.212,0,0,1,2,1,R,"HalF_HearteD",190,82,0.35,3,39,W,Y,3647.634,255,141,129,112,99,145,87,-2.923,52.958,1,0,0.34,93.721,-257.532,22.592,0.013,-37.468,0,"SFIDA",-0.29,-17.607,0,"甲斐野柊太",-18.676,-45.316,0,"柴山犬吉",-15.929,-63.035,0,"Azuner",21.774,-51.186,0,"coder_",10.558,-69.942,0,"YukihiroD",30.913,-90.237,0,"Amellaid",-11.528,-118.378,0,"소솨소솨",-42.084,-93.21,0,3648.145,-9.603,-27.551,0,0,"",0,0,0,0,,,,,0,3
115,5,1,3,1,0,2,1,0,0,0,255,255,255,62,3662.021,"559：広告",R,11,63,100,0.264,-0.277,0.216,1.763,0.213,1.681,-36.419,72.702,86,14,0,2,0,-51.144,159.567,0.03,0,0,1,2,1,R,"HalF_HearteD",190,82,0.35,3,39,W,Y,3663.234,255,165,96,110,123,145,87,-30,60.574,1,0,0.567,125.329,-183.314,-44.023,-0.031,-37.117,0,"SFIDA",-0.205,-17.583,0,"甲斐野柊太",-19.069,-45.528,0,"柴山犬吉",-17.153,-62.387,0,"Azuner",19.554,-51.738,0,"coder_",8.549,-70.054,0,"YukihiroD",29.315,-90.237,0,"Amellaid",-12.809,-118.328,0,"소솨소솨",-41.696,-91.777,0,3663.322,-2.764,-22.95,0,0,"",0,0,0,0,,,,,0,0
116,5,1,3,1,0,2,1,0,0,0,255,255,255,63,3677.714,"559：広告",R,13,81,120,-4.572,-1.12,-0.143,1.66,-1.597,1.35,-36.419,40.283,89,11,0,1,0,-240.659,395.472,0.316,0,0,0,2,1,R,"HalF_HearteD",190,82,0.35,0,39,W,Y,0,0,0,0,0,0,0,0,0,0,0,0,0,0,0,0,-0.393,-38.119,0,"SFIDA",-0.421,-17.447,0,"甲斐野柊太",-17.295,-40.682,0,"柴山犬吉",-15.365,-63.446,0,"Azuner",19.412,-51.831,0,"coder_",8.585,-70.031,0,"YukihiroD",28.789,-90.852,0,"Amellaid",-12.998,-117.352,0,"소솨소솨",-41.754,-91.769,0,0,0,0,0,0,"",0,0,0,0,3679.178,,,,0,0
117,5,1,3,1,1,2,1,0,0,0,255,255,255,64,3693.015,"559：広告",R,13,76,103,-2.806,-0.889,0.004,1.75,-0.582,1.566,-36.419,56.622,82,18,0,2,0,-323.963,360.968,-1.938,0,0,1,2,1,R,"HalF_HearteD",190,82,0.35,3,39,W,Y,3694.248,255,132,110,119,91,145,109,-30,54.539,0.93,0,0.413,51.971,-3.273,47.312,-0.271,-37.189,0,"SFIDA",-0.247,-17.494,0,"甲斐野柊太",-17.256,-40.274,0,"柴山犬吉",-15.339,-63.39,0,"Azuner",19.302,-51.911,0,"coder_",7.182,-70.517,0,"YukihiroD",29.062,-90.751,0,"Amellaid",-12.584,-117.322,0,"소솨소솨",-43.348,-95.695,0,3694.111,-1.986,-21.377,0,0,"",0,0,0,0,,,,,0,3
118,5,1,3,1,1,2,1,0,0,0,255,255,255,65,3707.872,"559：広告",R,3,62,106,-0.942,-0.138,0.261,1.699,0.363,1.542,-36.419,72.429,85,15,0,2,0,-412.016,5.354,-0.92,0,0,1,2,1,R,"HalF_HearteD",190,82,0.35,3,39,W,Y,3709.078,255,111,93,107,108,145,114,4.394,31.567,0.9,0,0.427,23.923,173.52,152.659,-0.267,-37.025,0,"SFIDA",-0.191,-17.51,0,"甲斐野柊太",-18.228,-43.679,86,"柴山犬吉",-16.281,-62.662,0,"Azuner",19.28,-51.838,0,"coder_",8.927,-69.001,0,"YukihiroD",26.936,-91.301,0,"Amellaid",-12.567,-116.016,0,"소솨소솨",-42.827,-95.375,108,3710.122,-19.55,-51.634,3712.467,8,"소솨소솨",-42.759,-83.864,1,0,,,,,40,2
119,5,1,3,1,0,0,1,1,0,0,1,255,255,66,3736.45,"559：広告",R,13,83,108,-1.829,-1.607,0.18,1.558,-0.164,1.052,-36.419,33.862,43,57,0,1,0,-353.444,346.998,-1.194,-0.494,-18.224,0,3,9,L,"Pring__",190,93.089,0.485,0,66,W,Y,0,0,0,0,0,0,0,0,0,0,0,0,0,0,0,0,0.065,-37.558,0,"SFIDA",-0.127,-17.374,0,"甲斐野柊太",-16.506,-42.832,0,"柴山犬吉",-9.215,-61.478,0,"Azuner",26.003,-51.886,0,"coder_",12.122,-65.254,0,"YukihiroD",44.818,-97.98,0,"Amellaid",5.769,-117.755,0,"소솨소솨",-41.596,-96.27,0,0,0,0,0,0,"",0,0,0,0,3737.767,,,,0,0
120,5,1,3,1,1,0,1,1,0,0,1,255,255,67,3752.692,"559：広告",R,13,70,110,1.163,-0.748,0.46,1.761,1.154,1.577,-36.419,57.626,83,17,0,0,0,-365.993,340.66,-1.889,0,0,0,3,9,L,"Pring__",190,93.089,0.485,0,66,W,Y,0,0,0,0,0,0,0,0,0,0,0,0,0,0,0,0,0.026,-37.663,0,"SFIDA",-0.186,-17.304,0,"甲斐野柊太",-14.866,-42.452,0,"柴山犬吉",-9.674,-62.174,0,"Azuner",26.077,-51.815,0,"coder_",13.051,-67.363,0,"YukihiroD",44.568,-98.123,0,"Amellaid",5.778,-117.819,0,"소솨소솨",-40.877,-93.494,0,0,0,0,0,0,"",0,0,0,0,3753.867,,,,0,0
121,5,1,3,1,1,1,1,1,0,0,1,255,255,68,3769.672,"559：広告",R,0,0,0,0,0,0,0,0,0,0,0,0,0,0,0,0,0,0,0,0,0,0,3,9,L,"Pring__",190,93.089,0.485,0,66,W,Y,0,0,0,0,0,0,0,0,0,0,0,0,0,0,0,0,0,0,0,"",0,0,0,"",0,0,0,"",0,0,0,"",0,0,0,"",0,0,0,"",0,0,0,"",0,0,0,"",0,0,0,0,0,0,0,0,"",0,0,0,0,3770.811,,,,0,0
122,5,1,3,1,2,1,1,1,0,0,1,255,255,69,3794.496,"559：広告",R,13,80,106,-1.008,-1.42,0.267,1.543,0.209,1.198,-36.419,44.998,91,9,0,4,0,-345.51,348.487,-5.216,0,0,0,3,9,L,"Pring__",190,93.089,0.485,0,66,W,Y,0,0,0,0,0,0,0,0,0,0,0,0,0,0,0,0,-0.012,-37.686,0,"SFIDA",-0.119,-17.211,0,"甲斐野柊太",-16.545,-42.693,0,"柴山犬吉",-9.225,-62.117,0,"Azuner",26.005,-51.885,0,"coder_",11.746,-65.695,0,"YukihiroD",44.833,-97.995,0,"Amellaid",5.415,-117.989,0,"소솨소솨",-39.183,-92.225,0,0,0,0,0,0,"",0,0,0,0,3795.667,,,,0,0
123,5,1,3,1,2,2,1,1,0,0,1,255,255,70,3829.917,"559：広告",R,26,90,140,0.48,1.051,0.225,1.952,0.096,2.098,-36.419,39.454,86,14,0,4,0,80.215,-193.452,5.21,0,0,0,3,9,L,"Pring__",190,93.089,0.485,0,66,W,Y,0,0,0,0,0,0,0,0,0,0,0,0,0,0,0,0,0.114,-37.7,0,"SFIDA",-0.373,-18.619,0,"甲斐野柊太",-16.553,-43.247,0,"柴山犬吉",-10.452,-61.843,0,"Azuner",26.098,-51.888,0,"coder_",11.172,-65.828,0,"YukihiroD",44.828,-97.997,0,"Amellaid",5.62,-118.197,0,"소솨소솨",-40.736,-92.935,0,0,0,0,0,0,"",0,0,0,8,3831.033,,,,0,0
124,5,1,3,1,0,0,2,1,0,0,1,255,255,71,3853.246,"559：広告",R,13,76,114,0.043,-0.79,0.351,1.742,0.618,1.52,-36.419,55.626,83,17,0,2,0,-362.586,344.284,1.164,0,0,1,4,4,R,"magimari",190,84.655,0.353,3,67,W,Y,3854.378,255,185,115,121,56,145,114,4.939,0.028,0.9,0,0.811,-162.335,314.826,46.706,0.225,-37.406,0,"SFIDA",-0.073,-17.558,0,"甲斐野柊太",-16.241,-41.879,0,"柴山犬吉",-16.121,-61.908,0,"Azuner",19.213,-52.634,0,"coder_",8.353,-71.525,85,"YukihiroD",31.13,-91.073,0,"Amellaid",-13.442,-122.567,95,"소솨소솨",-42.956,-92.829,0,3855.434,-1.005,-60.054,3858.178,7,"Amellaid",-4.401,-104.123,1,0,,3859.41,,,257,2
125,5,1,3,1,0,0,2,1,1,0,4,1,255,72,3885.037,"559：広告",R,26,75,126,3.916,1.166,0.438,1.838,1.434,2.046,-36.419,67.882,83,17,0,2,0,175.715,-191.687,-1.862,0,0,1,5,5,R,"Pugeuk",170.3,86.201,0.347,3,67,W,Y,3886.06,103,32,52,30,14,120,69,31.497,-19.904,-0.79,0,0.375,247.335,-171.723,257.34,0.387,-37.036,0,"SFIDA",0.159,-17.609,0,"甲斐野柊太",-17.923,-43.172,0,"柴山犬吉",-16.176,-62.585,0,"Azuner",18.686,-51.918,0,"coder_",7.745,-63.742,93,"YukihiroD",26.814,-88.123,0,"Amellaid",-8.345,-111.254,0,"소솨소솨",-42.503,-90.787,0,0,0,0,3890.533,5,"coder_",19.938,-68.959,0,0,,3892.098,3891.2,,1,1
126,5,0,3,1,0,0,0,0,0,0,255,255,255,52,3930.162,"mochi_2929",R,26,79,129,1.426,0.724,0.3,1.721,0.465,1.752,-36.47,31.63,100,0,0,0,0,99.508,-200,-3.595,0,0,0,0,5,R,"coder_",160,82,0.273,0,67,W,Y,0,0,0,0,0,0,0,0,0,0,0,0,0,0,0,0,0.176,-37.544,0,"HalF_HearteD",0.11,-16.794,0,"ame_3",-19.581,-42.31,0,"-Alta-",-8.346,-45.356,0,"magimari",16.349,-44.381,0,"Pugeuk",9.513,-62.32,0,"alcohol500",42.118,-97.558,0,"紅さかな",-0.268,-113.966,0,"Pizzallaris",-41.547,-96.965,0,0,0,0,0,0,"",0,0,0,0,3931.422,,,,0,0
127,5,0,3,1,0,1,0,0,0,0,255,255,255,53,3945.12,"mochi_2929",R,13,77,115,-1.11,-0.743,0.232,1.703,0.148,1.683,-36.47,32.199,100,0,0,2,0,-371.503,334.642,-23.248,0,0,1,0,5,R,"coder_",160,82,0.273,3,48,W,Y,3946.233,255,200,140,86,66,145,76,16.082,59.995,1,0,0.579,427.667,-200.831,365.943,0.034,-37.633,0,"HalF_HearteD",-0.39,-16.856,0,"ame_3",-19.513,-42.113,0,"-Alta-",-10.189,-58.392,0,"magimari",16.266,-45.104,0,"Pugeuk",9.561,-62.084,0,"alcohol500",42.041,-99.206,0,"紅さかな",-1.298,-113.96,0,"Pizzallaris",-41.554,-96.982,0,3947.489,-24.099,-34.458,0,0,"",0,0,0,0,,,,,0,3
128,5,0,3,1,0,2,0,0,0,0,255,255,255,54,3959.181,"mochi_2929",R,13,71,99,-1.383,-0.942,0.238,1.704,0.118,1.676,-36.47,32.195,100,0,0,2,0,-347.091,318.228,-1.468,0,0,1,0,5,R,"coder_",160,82,0.273,3,48,W,Y,3960.389,176,128,139,69,51,145,108,4.001,6.965,0.88,0,0.459,5.833,544.883,235.258,0.089,-37.585,0,"HalF_HearteD",-0.556,-16.902,0,"ame_3",-20.495,-43.582,0,"-Alta-",-10.835,-57.442,103,"magimari",16.38,-45.428,0,"Pugeuk",9.668,-62.4,77,"alcohol500",41.925,-96.133,0,"紅さかな",-1.197,-114.249,90,"Pizzallaris",-41.496,-94.724,0,3961.4,-5.506,-52.9,3966.4,7,"紅さかな",-21.296,-114.666,1,0,,3969.411,,,98,2
129,5,0,3,1,0,0,0,0,1,0,255,15,255,55,4014.006,"mochi_2929",R,26,81,131,-0.872,-0.721,0.105,1.485,-0.441,0.974,-36.47,25.367,57,43,0,2,0,41.196,-200,-35.9,0,0,1,1,9,L,"눈꽃",190,85,0.497,3,68,W,Y,4015.014,169,149,90,84,54,145,130,97.178,76.516,0.27,0,0.431,187.811,87.239,-49.428,0.096,-37.572,0,"HalF_HearteD",-0.23,-16.88,0,"ame_3",-20.919,-44.487,0,"-Alta-",-8.8,-63.937,0,"magimari",17.789,-44.949,0,"Pugeuk",12.92,-59.684,0,"alcohol500",50.18,-101.318,0,"紅さかな",0.495,-118.128,0,"Pizzallaris",-42.247,-101.166,0,0,0,0,0,0,"",0,0,0,0,,4017.817,,,0,3
130,5,0,3,1,0,1,0,0,1,0,255,15,255,56,4033.406,"mochi_2929",R,10,85,128,-1.177,-2.209,0.089,1.363,-0.515,0.576,-36.47,16.241,42,58,0,1,0,0,347.249,-37.109,-0.238,-19.392,0,1,9,L,"눈꽃",190,85,0.497,0,68,W,Y,0,0,0,0,0,0,0,0,0,0,0,0,0,0,0,0,0.171,-37.397,0,"HalF_HearteD",0.225,-16.769,0,"ame_3",-21.738,-45.164,0,"-Alta-",-3.559,-62.435,0,"magimari",17.994,-42.975,0,"Pugeuk",13.943,-59.174,0,"alcohol500",50.716,-101.808,0,"紅さかな",0.485,-118.916,0,"Pizzallaris",-40.186,-98.305,0,0,0,0,0,0,"",0,0,0,0,4034.6,4036.673,,,0,0
131,5,0,3,1,1,1,0,0,1,0,255,15,255,57,4051.801,"mochi_2929",R,0,76,126,-1.288,-0.208,0.079,1.647,-0.564,1.498,-36.47,20.813,50,50,0,2,0,0,29.492,-67.977,0,0,1,1,9,L,"눈꽃",190,85,0.497,3,68,W,Y,4052.865,224,135,69,102,35,144,105,101.353,73.506,0.91,0,0.464,294.694,82.252,-164.71,0.153,-37.386,0,"HalF_HearteD",0.115,-16.906,0,"ame_3",-21.699,-45.138,0,"-Alta-",-7.561,-63.311,0,"magimari",17.403,-45.55,0,"Pugeuk",14.061,-59.061,0,"alcohol500",51.387,-101.464,0,"紅さかな",1.234,-119.729,0,"Pizzallaris",-41.093,-99.613,0,4058.733,67.351,0.543,0,0,"",0,0,0,0,,4055.8,,,0,3
132,5,0,3,1,1,2,0,0,1,0,255,15,255,58,4069.001,"mochi_2929",R,26,76,127,0.471,0.75,0.218,1.768,0.083,1.888,-36.47,32.7,100,0,0,2,0,76.672,-200,-3.263,0,0,1,1,9,L,"눈꽃",190,85,0.497,3,68,W,Y,4070.029,138,73,70,44,18,137,128,93.162,26.108,0.31,0,0.297,-24.715,-118.061,82.397,0.234,-37.527,0,"HalF_HearteD",0.189,-16.758,0,"ame_3",-21.876,-45.381,0,"-Alta-",-1.782,-61.67,0,"magimari",18.268,-44.993,0,"Pugeuk",15.122,-60.434,0,"alcohol500",46.622,-105.362,0,"紅さかな",1.335,-119.927,0,"Pizzallaris",-41.662,-99.486,0,4078.5,2.462,-10.449,4078.7,1,"HalF_HearteD",2.416,-10.56,0,0,4078.623,4072.784,,,4,1
133,5,0,3,1,0,0,1,0,1,0,255,15,255,59,4105.261,"mochi_2929",R,32,72,123,2.177,0.634,0.325,1.794,0.618,1.805,-36.47,48.946,100,0,0,4,0,203.808,-200,-9.55,0,0,1,2,4,L,"Azuner",190,80,0.298,0,68,W,Y,0,0,0,0,0,0,0,0,0,0,0,0,0,0,0,0,-0.033,-37.948,0,"HalF_HearteD",0.312,-18.593,0,"ame_3",-22.564,-45.863,0,"-Alta-",-4.917,-62.63,0,"magimari",19.345,-43.257,0,"Pugeuk",13.993,-59.816,0,"alcohol500",51.918,-101.754,0,"紅さかな",7.659,-120.937,0,"Pizzallaris",-40.164,-98.959,0,0,0,0,0,0,"",0,0,0,0,4106.478,4108.6,,,0,0
134,5,0,3,1,0,1,1,0,1,0,255,15,255,60,4124.048,"mochi_2929",R,32,64,118,0.48,0.483,0.155,1.713,-0.21,1.71,-36.47,27.242,64,36,0,0,0,250,-200,-1.493,0,0,1,2,4,L,"Azuner",190,80,0.298,0,68,W,Y,0,0,0,0,0,0,0,0,0,0,0,0,0,0,0,0,0.031,-37.621,0,"HalF_HearteD",0.422,-18.233,0,"ame_3",-22.674,-45.863,0,"-Alta-",-3.613,-62.644,0,"magimari",18.812,-43.366,0,"Pugeuk",13.804,-60.201,0,"alcohol500",51.248,-96.447,0,"紅さかな",7.397,-121.081,0,"Pizzallaris",-40.2,-98.966,0,0,0,0,0,0,"",0,0,0,0,4125.333,4126.667,,,0,0
135,5,0,3,1,0,2,1,0,1,0,255,15,255,61,4141.463,"mochi_2929",R,10,63,108,1.816,0.732,0.293,1.924,0.782,2.615,-36.47,57.28,100,0,0,1,0,0,400,-33.531,0.353,-13.964,0,2,4,L,"Azuner",190,80,0.298,0,68,W,Y,0,0,0,0,0,0,0,0,0,0,0,0,0,0,0,0,-0.028,-37.701,0,"HalF_HearteD",0.041,-17.366,0,"ame_3",-22.407,-45.924,0,"-Alta-",-3.417,-62.412,0,"magimari",18.537,-43.106,0,"Pugeuk",13.931,-60.084,0,"alcohol500",52.178,-94.649,0,"紅さかな",6.354,-117.963,0,"Pizzallaris",-41.458,-98.1,0,0,0,0,0,0,"",0,0,0,0,4145.811,4146.69,,,0,0
136,5,0,3,1,1,2,1,0,1,0,255,15,255,62,4163.448,"mochi_2929",R,26,76,127,2.095,0.913,0.338,1.799,0.64,1.989,-36.47,43.726,100,0,0,4,0,174.123,-200,-10.513,0,0,1,2,4,L,"Azuner",190,80,0.298,0,68,W,Y,0,0,0,0,0,0,0,0,0,0,0,0,0,0,0,0,-0.262,-37.236,0,"HalF_HearteD",0.189,-16.752,0,"ame_3",-22.768,-46.232,0,"-Alta-",-2.17,-62.589,0,"magimari",18.32,-43.42,0,"Pugeuk",13.84,-60.536,0,"alcohol500",49.711,-94.45,0,"紅さかな",7.334,-120.896,0,"Pizzallaris",-41.459,-98.106,0,0,0,0,0,0,"",0,0,0,0,4164.678,4166.72,,,0,0
137,5,0,3,1,0,0,2,0,1,0,255,15,255,63,4196.882,"mochi_2929",R,26,77,127,0.752,2.093,0.226,2.009,0.123,2.692,-36.47,47.292,100,0,0,2,0,131.229,-200,-1.257,0,0,1,3,8,R,"소솨소솨",185.6,80,0.498,3,68,W,Y,4197.99,255,39,68,63,37,141,129,108.761,-27.783,0.66,0,0.574,254.549,-255.653,-32.196,0.066,-37.565,0,"HalF_HearteD",0.022,-16.569,0,"ame_3",-22.89,-46.56,0,"-Alta-",-11.581,-63.47,0,"magimari",18.367,-45.329,0,"Pugeuk",10.605,-60.182,0,"alcohol500",48.436,-99.211,0,"紅さかな",0.737,-119.819,0,"Pizzallaris",-42.675,-97.603,0,0,0,0,0,0,"",0,0,0,0,,4201.264,,,0,3
138,5,0,3,1,0,1,2,0,1,0,255,15,255,64,4212.148,"mochi_2929",R,26,81,131,-0.617,0.922,0.072,1.803,-0.443,1.983,-36.47,22.622,100,0,0,2,0,118.745,-200,21.166,0,0,1,3,8,R,"소솨소솨",185.6,80,0.498,3,68,W,Y,4213.204,218,87,51,73,49,136,115,90.35,-89.588,0.77,0,0.585,231.835,382.227,-44.494,0.241,-37.505,0,"HalF_HearteD",-0.166,-16.387,0,"ame_3",-23.401,-47.658,0,"-Alta-",-11.231,-62.867,0,"magimari",17.072,-45.871,0,"Pugeuk",7.636,-62.213,0,"alcohol500",49.703,-98.747,0,"紅さかな",0.968,-118.903,0,"Pizzallaris",-41.22,-97.974,0,0,0,0,0,0,"",0,0,0,0,,4220.154,,,0,3
139,5,0,3,1,0,2,2,0,1,0,255,15,255,65,4233.893,"mochi_2929",R,10,69,100,2.222,0.599,0.246,1.741,0.263,1.792,-36.47,36.735,100,0,0,2,0,0,400,-45.353,0,0,1,3,8,R,"소솨소솨",185.6,80,0.498,3,68,W,Y,4235.114,255,141,80,76,46,145,32,-40.303,29.513,0.54,0,0.574,-414.161,358.283,19.389,-0.238,-37.325,0,"HalF_HearteD",-0.063,-16.655,0,"ame_3",-22.793,-46.532,0,"-Alta-",-11.993,-62.473,0,"magimari",16.612,-45.534,0,"Pugeuk",10.033,-63.488,0,"alcohol500",48.208,-99.962,0,"紅さかな",0.263,-119.151,0,"Pizzallaris",-42.93,-98.474,0,4235,-0.299,-20.714,4237,0,"mochi_2929",-4.184,-32.23,0,0,,,,,224,2
140,6,1,3,1,0,0,0,0,0,0,255,255,255,73,4292.239,"559：広告",R,26,91,140,0.395,0.856,0.221,1.832,0.099,1.932,-36.419,32.861,90,10,0,0,0,49.896,-164.529,1.327,0,0,0,6,7,R,"紅さかな",172.6,86,0.402,0,69,W,Y,0,0,0,0,0,0,0,0,0,0,0,0,0,0,0,0,-0.072,-37.893,0,"SFIDA",0.084,-17.435,0,"甲斐野柊太",-18.626,-44.464,0,"柴山犬吉",-16.561,-62.429,0,"Azuner",20.599,-50.826,0,"coder_",9.07,-66.479,0,"YukihiroD",30.814,-84.204,0,"Amellaid",-7.365,-103.43,0,"소솨소솨",-42.411,-92.341,0,0,0,0,0,0,"",0,0,0,0,4293.411,,,,0,0
141,6,1,3,1,0,1,0,0,0,0,255,255,255,74,4308.892,"559：広告",R,26,89,140,1.162,-0.029,0.272,1.682,0.336,1.396,-36.419,42.402,90,10,0,0,0,121.686,-200,1.346,0,0,1,6,7,R,"紅さかな",172.6,86,0.402,0,69,W,Y,0,0,0,0,0,0,0,0,0,0,0,0,0,0,0,0,-0.049,-37.673,0,"SFIDA",0.042,-17.454,0,"甲斐野柊太",-17.72,-44.992,0,"柴山犬吉",-16.873,-62.433,0,"Azuner",20.56,-50.768,0,"coder_",9.894,-66.596,0,"YukihiroD",30.786,-84.204,0,"Amellaid",-7.366,-103.53,0,"소솨소솨",-42.153,-92.326,0,0,0,0,0,0,"",0,0,0,0,4309.978,,,,0,0
142,6,1,3,1,0,2,0,0,0,0,255,255,255,75,4327.145,"559：広告",R,3,72,103,-2.232,-0.629,0.084,1.732,-0.401,1.538,-36.419,57.656,82,18,0,1,0,-290.913,183.807,0.661,0,0,0,6,7,R,"紅さかな",172.6,86,0.402,0,69,W,Y,0,0,0,0,0,0,0,0,0,0,0,0,0,0,0,0,-0.331,-37.912,0,"SFIDA",-0.164,-17.428,0,"甲斐野柊太",-19.268,-44.043,0,"柴山犬吉",-16.904,-62.462,0,"Azuner",20.429,-50.85,0,"coder_",9.566,-66.592,0,"YukihiroD",30.685,-84.264,0,"Amellaid",-7.386,-103.521,0,"소솨소솨",-42.165,-92.313,0,0,0,0,0,0,"",0,0,0,0,4328.467,,,,0,0
143,6,1,3,1,1,2,0,0,0,0,255,255,255,76,4343.553,"559：広告",R,13,77,114,0.106,-0.666,0.286,1.801,0.601,1.726,-36.419,61.12,83,17,0,2,0,-326.337,378.82,-2.499,0,0,1,6,7,R,"紅さかな",172.6,86,0.402,3,69,W,Y,4344.851,212,99,96,96,48,145,126,-30,-15.801,0.44,0,0.177,-348.741,-139.798,-239.172,-0.071,-37.585,0,"SFIDA",-0.02,-17.48,0,"甲斐野柊太",-19.271,-44.281,90,"柴山犬吉",-16.867,-62.453,0,"Azuner",20.292,-50.931,0,"coder_",9.472,-66.78,95,"YukihiroD",30.783,-84.214,0,"Amellaid",-7.363,-103.573,0,"소솨소솨",-42.081,-92.385,0,4344.522,0.22,-20.476,4346.645,5,"coder_",12.507,-63.833,0,0,,,,,33,2
144,6,1,3,1,0,0,1,0,0,0,255,255,255,77,4371.215,"559：広告",R,0,15,72,-5.353,-2.146,0.031,1.647,-2.312,-3.244,-36.419,148.089,0,100,0,3,0,-32.219,-48.863,18.755,-0.53,-27.675,0,7,2,L,"ame_3",190,80,0.21,0,68,W,Y,0,0,0,0,0,0,0,0,0,0,0,0,0,0,0,0,-0.045,-37.211,0,"SFIDA",-0.644,-17.55,0,"甲斐野柊太",-18.792,-44.757,0,"柴山犬吉",-11.808,-65.348,0,"Azuner",25.063,-50.734,0,"coder_",13.168,-68.041,0,"YukihiroD",45.34,-98.268,0,"Amellaid",7.83,-119.021,0,"소솨소솨",-37.712,-95.66,0,0,0,0,0,0,"",0,0,0,0,4376.578,,,,0,6
145,6,1,3,1,0,0,1,1,0,0,2,255,255,78,4404.334,"559：広告",R,3,65,97,2.141,0.255,0.511,1.7,1.666,1.756,-36.419,82.099,84,16,0,1,0,-352.04,1.283,-1.164,0,0,0,8,6,L,"alcohol500",160,82.32,0.398,0,68,W,Y,0,0,0,0,0,0,0,0,0,0,0,0,0,0,0,0,-0.203,-37.519,0,"SFIDA",-0.042,-17.548,0,"甲斐野柊太",-18.02,-40.944,0,"柴山犬吉",-7.828,-61.823,0,"Azuner",21.845,-47.442,0,"coder_",9.367,-63.984,0,"YukihiroD",40.334,-89.95,0,"Amellaid",5.961,-102.83,0,"소솨소솨",-31.632,-86.249,0,0,0,0,0,0,"",0,0,0,0,4405.556,,,,0,0
146,6,1,3,1,1,0,1,1,0,0,2,255,255,79,4420.101,"559：広告",R,26,80,130,0.277,0.231,0.195,1.719,-0.023,1.519,-36.419,48.391,83,17,0,2,0,94.709,-173.611,-0.431,0,0,1,8,6,L,"alcohol500",160,82.32,0.398,3,68,W,Y,4421.081,207,87,96,83,31,145,119,28.174,-16.545,0.48,0,0.253,225.32,-81.818,-33.231,0.219,-37.107,0,"SFIDA",-0.019,-17.754,0,"甲斐野柊太",-15.67,-42.644,0,"柴山犬吉",-10.045,-59.595,0,"Azuner",22.368,-47.836,85,"coder_",11.116,-60.022,0,"YukihiroD",40.458,-89.924,0,"Amellaid",5.782,-102.692,0,"소솨소솨",-31.52,-85.935,0,4426.011,32.33,-120.176,4428.278,7,"Amellaid",31.217,-122.377,1,0,,4427.248,4432.236,,260,2
147,6,1,3,1,0,0,1,0,1,1,255,6,2,80,4456.066,"559：広告",R,26,84,137,0.73,-0.789,0.228,1.571,0.132,0.991,-36.419,41.929,90,10,0,2,0,131.902,-165.991,-1.195,0,0,1,0,8,R,"Pizzallaris",169.9,88,0.383,3,68,W,Y,4457.212,102,82,88,90,50,136,120,-30,41.6,0.71,0.095,0.398,-252.72,447.539,-70.497,-0.009,-37.532,0,"SFIDA",0.073,-17.514,100,"甲斐野柊太",-16.219,-42.453,0,"柴山犬吉",-10.934,-57.453,0,"Azuner",16.999,-49.849,0,"coder_",6.888,-62.082,0,"YukihiroD",28.869,-89.121,0,"Amellaid",-3.268,-102.33,0,"소솨소솨",-42.095,-88.484,99,4456.934,-0.735,-19.593,4460.756,8,"소솨소솨",-51.714,-79.244,1,0,4465.623,,4462.527,4463.289,136,2
148,6,1,4,1,0,0,1,1,0,1,8,255,6,81,4488.702,"559：広告",R,3,76,117,1.74,-0.907,0.479,1.646,1.298,1.265,-36.419,50.814,91,9,0,2,0,-366.571,129.215,0.858,0,0,1,1,3,L,"-Alta-",170.4,84,0.479,3,68,W,Y,4489.597,255,97,77,121,27,145,95,19.797,-7.202,0.93,0,0.609,-64.978,-492.325,-114.249,0.372,-37.348,0,"SFIDA",0.129,-17.661,118,"甲斐野柊太",-15.031,-42.507,0,"柴山犬吉",-9.708,-61.408,0,"Azuner",21.767,-47.267,110,"coder_",12.737,-59.282,0,"YukihiroD",49.366,-94.912,0,"Amellaid",10.625,-101.603,0,"소솨소솨",-37.161,-85.212,0,4492.978,16.457,-89.538,4493.245,7,"Amellaid",15.413,-86.359,0,256,4497.544,4504.973,4491.694,4506.879,420,1
149,6,0,4,1,0,0,0,0,0,0,255,255,255,66,4705.99,"Rite_",R,33,80,131,-5.838,-0.675,-0.044,1.402,-2.749,1.169,-36.437,20.443,0,100,0,1,0,141.571,-48.099,0,0,0,0,4,6,R,"YukihiroD",173.8,80,0.4,0,67,W,Y,0,0,0,0,0,0,0,0,0,0,0,0,0,0,0,0,-0.038,-39.034,0,"HalF_HearteD",-0.578,-16.953,0,"ame_3",-22.151,-45.244,0,"-Alta-",-11.697,-59.735,0,"magimari",17.331,-46.203,0,"Pugeuk",9.218,-63.072,0,"alcohol500",43.301,-98.763,0,"紅さかな",0.243,-119.072,0,"Pizzallaris",-42.95,-97.746,0,0,0,0,0,0,"",0,0,0,0,4707.189,,,,0,0
150,6,0,4,1,1,0,0,0,0,0,255,255,255,67,4724.332,"Rite_",R,32,79,129,1.832,1.029,0.414,1.612,0.515,2.114,-36.437,22.506,0,100,0,1,0,183.543,-81.297,0,0,0,0,4,6,R,"YukihiroD",173.8,80,0.4,0,67,W,Y,0,0,0,0,0,0,0,0,0,0,0,0,0,0,0,0,0.368,-37.887,0,"HalF_HearteD",0.107,-16.903,0,"ame_3",-22.103,-45.232,0,"-Alta-",-10.95,-59.853,0,"magimari",16.743,-46.06,0,"Pugeuk",9.229,-63.071,0,"alcohol500",43.932,-98.664,0,"紅さかな",1.024,-119.626,0,"Pizzallaris",-42.998,-97.772,0,0,0,0,0,0,"",0,0,0,0,4725.434,,,,0,0
151,6,0,4,1,2,0,0,0,0,0,255,255,255,68,4738.76,"Rite_",R,33,83,134,-0.814,0.065,0.185,1.466,-0.549,1.597,-36.437,7.198,0,100,0,0,0,134.117,-49.753,0,0,0,0,4,6,R,"YukihiroD",173.8,80,0.4,0,67,W,Y,0,0,0,0,0,0,0,0,0,0,0,0,0,0,0,0,0.241,-37.611,0,"HalF_HearteD",-0.016,-16.856,0,"ame_3",-22.124,-45.261,0,"-Alta-",-10.98,-59.335,0,"magimari",16.395,-45.812,0,"Pugeuk",9.15,-62.934,0,"alcohol500",43.671,-98.947,0,"紅さかな",1.135,-119.64,0,"Pizzallaris",-42.977,-97.753,0,0,0,0,0,0,"",0,0,0,0,4739.922,,,,0,0
152,6,0,4,1,2,1,0,0,0,0,255,255,255,69,4755.243,"Rite_",R,33,75,126,-1.269,0.421,0.14,1.514,-0.759,1.767,-36.437,7.603,14,86,0,0,0,132.928,-77.334,0,0,0,0,4,6,R,"YukihiroD",173.8,80,0.4,0,67,W,Y,0,0,0,0,0,0,0,0,0,0,0,0,0,0,0,0,0.314,-38.026,0,"HalF_HearteD",0.016,-16.758,0,"ame_3",-22.205,-45.279,0,"-Alta-",-11.206,-59.537,0,"magimari",16.358,-46.071,0,"Pugeuk",8.97,-63.164,0,"alcohol500",43.71,-99.272,0,"紅さかな",1.441,-119.677,0,"Pizzallaris",-42.962,-97.754,0,0,0,0,0,0,"",0,0,0,0,4756.389,,,,0,0
153,6,0,4,1,2,2,0,0,0,0,255,255,255,70,4772.111,"Rite_",R,33,75,126,-1.953,0.118,0.076,1.464,-1.055,1.589,-36.437,10.321,0,100,0,1,0,132.414,-81.914,0,0,0,0,4,6,R,"YukihiroD",173.8,80,0.4,0,67,W,Y,0,0,0,0,0,0,0,0,0,0,0,0,0,0,0,0,0.211,-37.994,0,"HalF_HearteD",0.05,-16.702,0,"ame_3",-22.249,-45.254,0,"-Alta-",-11.864,-61.232,0,"magimari",16.403,-46.307,0,"Pugeuk",9.525,-63.117,0,"alcohol500",43.785,-99.895,0,"紅さかな",0.748,-116.336,0,"Pizzallaris",-42.753,-97.529,0,0,0,0,0,0,"",0,0,0,0,4773.211,,,,0,0
154,6,0,4,1,3,2,0,0,0,0,255,255,255,71,4787.451,"Rite_",R,33,81,131,-4.674,-1.063,0.149,1.48,-0.716,1.644,-36.437,9.791,0,100,0,2,0,126.207,-88.47,0,0,0,1,4,6,R,"YukihiroD",173.8,80,0.4,3,67,W,Y,4788.508,255,74,79,23,10,137,126,-16.793,-2.089,0.5,0,0.358,31.56,382.202,-329.309,0.321,-37.095,0,"HalF_HearteD",-0.067,-16.828,0,"ame_3",-22.113,-45.266,77,"-Alta-",-13.275,-61.885,0,"magimari",16.392,-46.322,0,"Pugeuk",8.669,-62.846,103,"alcohol500",43.932,-99.482,0,"紅さかな",0.491,-116.368,0,"Pizzallaris",-42.55,-98.547,0,4788.278,-0.131,-23.045,4790,5,"Pugeuk",4.198,-59.412,0,0,,,,,160,2
155,6,0,4,1,0,0,1,0,0,0,255,255,255,72,4813.479,"Rite_",R,33,82,133,-4.409,-0.624,0.083,1.407,-2.125,1.148,-36.437,12.694,0,100,0,1,0,140.53,-81.786,0,0,0,0,5,2,R,"甲斐野柊太",190,80,0.2,0,67,W,Y,0,0,0,0,0,0,0,0,0,0,0,0,0,0,0,0,0.44,-37.642,0,"HalF_HearteD",-0.084,-16.775,0,"ame_3",-21.442,-44.685,0,"-Alta-",-13.035,-61.573,0,"magimari",15.622,-46.065,0,"Pugeuk",10.281,-63.199,0,"alcohol500",46.07,-99.916,0,"紅さかな",0.945,-116.291,0,"Pizzallaris",-42.097,-95.493,0,0,0,0,0,0,"",0,0,0,0,4814.733,,,,0,0
156,6,0,4,1,1,0,1,0,0,0,255,255,255,73,4830.862,"Rite_",R,3,73,114,-2.23,0.66,0.25,1.6,-0.246,2.036,-36.437,4.277,0,100,0,1,0,-423.333,0,0,0,0,0,5,2,R,"甲斐野柊太",190,80,0.2,0,23,W,Y,0,0,0,0,0,0,0,0,0,0,0,0,0,0,0,0,0.104,-37.691,0,"HalF_HearteD",-0.051,-16.747,0,"ame_3",-21.292,-44.627,0,"-Alta-",-13.695,-62.487,0,"magimari",16.338,-46.02,0,"Pugeuk",10.294,-63.169,0,"alcohol500",45.848,-99.639,0,"紅さかな",0.788,-117.982,0,"Pizzallaris",-41.703,-96.22,0,0,0,0,0,0,"",0,0,0,0,4832.111,,,,0,0
157,6,0,4,1,2,0,1,0,0,0,255,255,255,74,4845.334,"Rite_",R,34,68,120,-4.391,0.838,0.106,1.547,-2.022,2.116,-36.437,11.888,0,100,0,1,0,64.723,-26.035,0,0,0,0,5,2,R,"甲斐野柊太",190,80,0.2,0,23,W,Y,0,0,0,0,0,0,0,0,0,0,0,0,0,0,0,0,0.494,-38.056,0,"HalF_HearteD",-0.041,-16.691,0,"ame_3",-21.421,-44.652,0,"-Alta-",-13.589,-62.218,0,"magimari",16.434,-46.051,0,"Pugeuk",10.05,-63.572,0,"alcohol500",45.479,-99.618,0,"紅さかな",0.615,-117.987,0,"Pizzallaris",-41.396,-96.986,0,0,0,0,0,0,"",0,0,0,0,4846.556,,,,0,0
158,6,0,4,1,3,0,1,0,0,0,255,255,255,75,4864.828,"Rite_",R,32,75,126,0.088,0.316,0.25,1.514,-0.248,1.757,-36.437,10.483,0,100,0,0,0,182.885,-57.294,0,0,0,0,5,2,R,"甲斐野柊太",190,80,0.2,0,23,W,Y,0,0,0,0,0,0,0,0,0,0,0,0,0,0,0,0,0.499,-37.998,0,"HalF_HearteD",0.114,-16.816,0,"ame_3",-21.467,-44.658,0,"-Alta-",-12.101,-59.832,0,"magimari",16.526,-45.981,0,"Pugeuk",10.194,-63.13,0,"alcohol500",45.257,-99.926,0,"紅さかな",0.073,-117.075,0,"Pizzallaris",-41.537,-96.887,0,0,0,0,0,0,"",0,0,0,0,4866.056,,,,0,0
159,6,0,4,1,3,1,1,0,0,0,255,255,255,76,4882.362,"Rite_",R,32,79,129,0.504,0.394,0.28,1.53,-0.107,1.809,-36.437,2.53,0,100,0,0,0,215.523,-55.542,0,0,0,0,5,2,R,"甲斐野柊太",190,80,0.2,0,23,W,Y,0,0,0,0,0,0,0,0,0,0,0,0,0,0,0,0,0.072,-37.984,0,"HalF_HearteD",0.134,-16.785,0,"ame_3",-21.442,-44.682,0,"-Alta-",-12.844,-61.315,0,"magimari",16.43,-46.055,0,"Pugeuk",10.209,-63.148,0,"alcohol500",42.808,-101.806,0,"紅さかな",-0.847,-118.982,0,"Pizzallaris",-41.364,-96.999,0,0,0,0,0,0,"",0,0,0,0,4883.567,,,,0,0
160,6,0,4,1,3,2,1,0,0,0,255,255,255,77,4957.953,"Rite_",R,32,77,127,-0.594,0.515,0.175,1.536,-0.596,1.828,-36.437,6.826,0,100,0,2,0,220.113,-116.05,0,0,0,1,5,2,R,"甲斐野柊太",190,80,0.2,3,23,W,Y,4959.068,177,40,84,56,22,145,94,16.204,36.699,-0.65,0,0.19,73.849,315.203,-444.429,0.605,-37.49,0,"HalF_HearteD",-0.019,-16.524,0,"ame_3",-21.019,-44.32,0,"-Alta-",-12.021,-59.696,0,"magimari",16.914,-45.314,0,"Pugeuk",9.369,-63.121,85,"alcohol500",46.216,-102.38,0,"紅さかな",-0.051,-119.606,0,"Pizzallaris",-41.839,-99.227,97,4962.167,-42.044,-70.7,4963.833,8,"Pizzallaris",-51.289,-83.732,1,0,,,,,33,2
161,6,0,4,1,0,0,1,1,0,0,12,255,255,78,4991.337,"Rite_",R,33,78,129,-0.826,0.317,0.188,1.507,-0.536,1.744,-36.437,8.212,0,100,0,0,0,115.257,-35.937,0,0,0,0,6,3,R,"柴山犬吉",169.9,90.243,0.6,0,67,W,Y,0,0,0,0,0,0,0,0,0,0,0,0,0,0,0,0,0.321,-37.766,0,"HalF_HearteD",0.104,-16.622,0,"ame_3",-19.142,-39.494,0,"-Alta-",-11.711,-57.771,0,"magimari",16.661,-45.486,0,"Pugeuk",6.992,-61.558,0,"alcohol500",40.735,-103.208,0,"紅さかな",0.303,-114.289,0,"Pizzallaris",-41.63,-98.027,0,0,0,0,0,0,"",0,0,0,0,4992.434,,,,0,0
162,6,0,4,1,0,1,1,1,0,0,12,255,255,79,5010.463,"Rite_",R,32,77,127,2.24,0.357,0.47,1.535,0.774,1.846,-36.437,19.169,0,98,2,2,0,183.521,-12.475,0,0,0,1,6,3,R,"柴山犬吉",169.9,90.243,0.6,3,67,W,Y,5011.557,237,108,95,52,30,145,83,93.236,84.537,-0.83,0,0.213,79.889,-417.762,290.123,0.213,-37.559,0,"HalF_HearteD",0.108,-16.807,0,"ame_3",-17.694,-40.327,0,"-Alta-",-10.439,-59.447,0,"magimari",16.581,-45.309,0,"Pugeuk",10.306,-62.879,0,"alcohol500",44.619,-99.046,0,"紅さかな",0.992,-114.705,0,"Pizzallaris",-42.027,-99.722,0,0,0,0,0,0,"",0,0,0,0,,,,,0,3
163,6,0,4,1,0,2,1,1,0,0,12,255,255,80,5031.745,"Rite_",R,32,72,124,3.492,1.053,0.567,1.618,1.229,2.143,-36.437,33.133,0,100,0,2,1,177.421,-44.956,0,0,0,1,6,3,R,"柴山犬吉",169.9,90.243,0.6,3,67,W,Y,5032.84,255,77,113,64,29,145,82,64.341,-45.136,-0.88,0,0.235,106.3,-555.483,200.346,0.126,-37.216,0,"HalF_HearteD",0.226,-16.882,0,"ame_3",-17.459,-40.248,0,"-Alta-",-11.188,-60.833,0,"magimari",16.888,-45.442,0,"Pugeuk",10.77,-63.078,0,"alcohol500",46.61,-98.78,0,"紅さかな",-0.656,-114.028,0,"Pizzallaris",-42.923,-101.324,0,5038.211,38.325,-49.151,0,0,"",0,0,0,0,,5089.644,,,0,3
164,6,0,4,1,0,2,1,0,1,0,255,255,255,81,5091.442,"Rite_",R,32,73,124,1.401,1.055,0.381,1.625,0.363,2.17,-36.437,15.183,0,100,0,2,0,152.449,-19.872,0,0,0,1,6,3,R,"柴山犬吉",169.9,90.243,0.6,3,67,W,Y,5092.537,162,60,55,42,23,134,78,2.228,28.746,-0.81,0,0.115,138.538,553.89,-184.428,0.23,-37.823,0,"HalF_HearteD",0.12,-16.683,0,"ame_3",-22.199,-45.426,101,"-Alta-",-10.977,-60.295,0,"magimari",16.801,-45.679,85,"Pugeuk",10.484,-61.892,0,"alcohol500",47.93,-97.045,0,"紅さかな",-0.541,-115.974,0,"Pizzallaris",-42.152,-100.757,0,5093.245,-10.372,-37.434,5094.233,2,"ame_3",-15.712,-46.705,0,0,,,5098.52,,144,2
165,6,0,4,1,0,0,2,0,0,1,255,255,12,82,5126.171,"Rite_",R,32,76,127,0.272,0.698,0.263,1.581,-0.186,1.975,-36.437,11.702,0,100,0,2,0,197.07,-76.838,0,0,0,1,7,1,L,"SFIDA",188.6,80,0.2,3,66,W,Y,5127.114,220,105,0,0,0,20,41,41.959,49.685,-0.78,0,0.745,198.166,502.593,38.142,-0.021,-37.198,0,"HalF_HearteD",0.087,-16.764,0,"ame_3",-21.749,-46.5,0,"-Alta-",-8.494,-64.07,0,"magimari",17.748,-44.79,0,"Pugeuk",13.932,-62.143,0,"alcohol500",51.811,-97.265,0,"紅さかな",2.262,-117.115,0,"Pizzallaris",-42.664,-99.63,0,5129.611,-18.313,-32.31,0,0,"",0,0,0,0,,,5138.591,5132.405,0,3
166,6,0,4,1,0,1,2,0,0,1,255,255,12,83,5154.529,"Rite_",R,3,71,115,0.589,0.399,0.463,1.548,0.744,1.868,-36.437,25.44,0,100,0,2,0,-293.468,0,0,0,0,1,7,1,L,"SFIDA",188.6,80,0.2,3,54,W,Y,5155.461,255,231,136,0,17,138,83,6.673,27.206,-0.96,0,1.19,-19.517,-381.084,283.949,0.094,-37.876,0,"HalF_HearteD",0.12,-16.873,0,"ame_3",-20.559,-43.572,66,"-Alta-",-8.032,-64.517,0,"magimari",18.298,-45.186,0,"Pugeuk",12.993,-60.657,0,"alcohol500",52.934,-94.172,0,"紅さかな",0.368,-118.973,0,"Pizzallaris",-43.412,-100.463,101,5156.5,-12.719,-47.758,5160.3,8,"Pizzallaris",-30.683,-81.908,1,0,,,5154.54,5160.765,129,2
167,6,0,4,2,0,0,2,1,0,0,11,255,255,84,5188.009,"Rite_",R,0,49,105,2.012,0.889,0.509,1.595,0.956,2.088,-36.437,7.888,0,100,0,1,0,-49.6,0,0,0,0,0,8,7,L,"Amellaid",160,86.447,0.439,0,66,W,Y,0,0,0,0,0,0,0,0,0,0,0,0,0,0,0,0,0.047,-38.424,0,"HalF_HearteD",-0.162,-16.947,0,"ame_3",-19.262,-40.921,0,"-Alta-",-5.196,-63.151,0,"magimari",18.868,-44.466,0,"Pugeuk",12.013,-61.225,0,"alcohol500",44.811,-93.939,0,"紅さかな",0.541,-109.304,0,"Pizzallaris",-41.272,-96.372,0,0,0,0,0,0,"",0,0,0,0,5189.123,5190.485,,,0,0
168,6,0,4,2,1,0,2,0,1,0,255,11,255,85,5208.066,"Rite_",R,32,70,122,-4.317,0.431,0.104,1.502,-2.082,1.824,-36.437,13.92,0,100,0,3,0,157.449,-63.856,0,-0.472,-21.591,0,8,7,L,"Amellaid",160,86.447,0.439,0,66,W,Y,0,0,0,0,0,0,0,0,0,0,0,0,0,0,0,0,0.208,-37.363,0,"HalF_HearteD",-0.292,-16.961,0,"ame_3",-21.945,-45.329,0,"-Alta-",-3.207,-60.583,0,"magimari",18.511,-43.911,0,"Pugeuk",12.705,-60.426,0,"alcohol500",47.466,-94.546,0,"紅さかな",-0.55,-110.45,0,"Pizzallaris",-40.966,-97.451,0,0,0,0,0,0,"",0,0,0,0,5213.089,5211.993,,,0,6
169,6,0,4,2,0,0,2,1,1,0,17,11,255,86,5236.331,"Rite_",R,32,76,127,-1.075,0.518,0.147,1.523,-0.728,1.811,-36.437,2.801,0,100,0,0,0,169.914,-52.704,0,0,0,0,0,5,R,"coder_",160,82,0.273,0,66,W,Y,0,0,0,0,0,0,0,0,0,0,0,0,0,0,0,0,0.027,-37.9,0,"HalF_HearteD",0.019,-16.75,0,"ame_3",-20.912,-42.15,0,"-Alta-",-8.76,-52.229,0,"magimari",16.197,-42.7,0,"Pugeuk",7.039,-58.187,0,"alcohol500",47.729,-95.47,0,"紅さかな",0.04,-112.572,0,"Pizzallaris",-40.717,-95.343,0,0,0,0,0,0,"",0,0,0,0,5237.5,5239.699,,,0,0
170,6,0,4,2,0,1,2,1,1,0,17,11,255,87,5296.731,"Rite_",R,32,83,134,-3.124,0.457,-0.05,1.512,-1.641,1.769,-36.437,5.901,0,100,0,1,0,199.856,-67.886,0,0,0,0,0,5,R,"coder_",160,82,0.273,0,48,W,Y,0,0,0,0,0,0,0,0,0,0,0,0,0,0,0,0,0.137,-37.739,0,"HalF_HearteD",-0.675,-17.557,0,"ame_3",-20.635,-41.872,0,"-Alta-",-9.992,-52.021,0,"magimari",16.207,-44.042,0,"Pugeuk",7.602,-60.898,0,"alcohol500",41.146,-99.318,0,"紅さかな",0.11,-115.817,0,"Pizzallaris",-40.826,-94.879,0,0,0,0,0,0,"",0,0,0,0,5297.822,5299.606,,,0,0
171,6,0,4,2,1,1,2,1,1,0,17,11,255,88,5321.525,"Rite_",R,33,74,125,1.918,1.345,0.444,1.632,0.656,2.229,-36.437,33.682,0,100,0,2,0,108.365,-68.302,0,0,0,1,0,5,R,"coder_",160,82,0.273,3,48,W,Y,5322.644,218,91,158,56,23,145,88,51.213,-1.848,-0.37,0,0.273,-12.758,-187.343,42.497,0.281,-37.429,0,"HalF_HearteD",-0.328,-16.491,0,"ame_3",-21.292,-44.825,0,"-Alta-",-12.412,-60.554,0,"magimari",16.134,-45.564,0,"Pugeuk",8.579,-61.581,0,"alcohol500",43.447,-100.487,0,"紅さかな",0.816,-114.45,0,"Pizzallaris",-41.378,-95.496,0,5327.855,4.761,-77.441,5328.022,5,"Pugeuk",4.518,-75.557,0,0,5392.044,5328.229,5327.499,,180,1
172,7,1,4,2,0,0,0,0,0,0,255,255,255,82,5622.277,"甲斐野柊太",R,0,53,95,3.165,0.46,0.794,1.962,1.398,1.912,-36.543,67.77,100,0,0,2,0,-19.684,0,0,0,0,1,2,1,R,"HalF_HearteD",190,82,0.35,3,65,W,Y,5623.638,255,133,91,108,67,145,103,61.001,-5.556,-0.19,0,0.396,534.038,94.296,256.734,0.077,-37.429,0,"SFIDA",0.179,-17.844,0,"레이나2",-20.667,-46.679,0,"柴山犬吉",-16.735,-62.449,0,"Azuner",18.571,-52.387,0,"coder_",8.295,-71.032,85,"YukihiroD",29.516,-90.394,0,"Amellaid",-12.774,-118.851,0,"소솨소솨",-45.062,-92.438,0,5630.311,2.04,-74.869,5630.611,5,"coder_",1.983,-73.768,0,0,,,,,1,1
173,7,1,4,2,0,0,1,0,0,0,255,255,255,83,5656.513,"甲斐野柊太",R,0,59,100,0.434,-0.575,0.526,1.893,0.173,1.254,-36.543,65.798,100,0,0,0,0,0,0,0,0,0,0,3,9,L,"Pring__",190,93.089,0.485,0,65,W,Y,0,0,0,0,0,0,0,0,0,0,0,0,0,0,0,0,-0.047,-37.324,0,"SFIDA",-0.17,-17.446,0,"레이나2",-20.207,-47.159,0,"柴山犬吉",-12.575,-65.135,0,"Azuner",25.99,-51.822,0,"coder_",11.75,-65.459,0,"YukihiroD",48.043,-99.621,0,"Amellaid",5.092,-121.527,0,"소솨소솨",-39.84,-102.088,0,0,0,0,0,0,"",0,0,0,0,5657.722,,,,0,0
174,7,1,4,2,0,1,1,0,0,0,255,255,255,84,5671.336,"甲斐野柊太",R,38,22,79,0.732,1.684,0.424,2.027,0.252,2.686,-36.543,89.836,100,0,0,1,0,20.171,-4.766,0,0,0,0,3,9,L,"Pring__",190,93.089,0.485,0,65,W,Y,0,0,0,0,0,0,0,0,0,0,0,0,0,0,0,0,0.108,-37.799,0,"SFIDA",-0.173,-17.559,0,"레이나2",-20.656,-46.882,0,"柴山犬吉",-12.682,-65.212,0,"Azuner",26.113,-51.754,0,"coder_",11.784,-68.76,0,"YukihiroD",49.952,-101.228,0,"Amellaid",5,-122.335,0,"소솨소솨",-38.047,-90.342,0,0,0,0,0,0,"",0,0,0,0,5672.767,,,,0,0
175,7,1,4,2,1,1,1,0,0,0,255,255,255,85,5685.651,"甲斐野柊太",R,0,54,97,-0.543,-0.679,0.411,1.907,-0.249,1.19,-36.543,51.571,100,0,0,0,0,0,0,0,0,0,0,3,9,L,"Pring__",190,93.089,0.485,0,65,W,Y,0,0,0,0,0,0,0,0,0,0,0,0,0,0,0,0,-0.068,-37.554,0,"SFIDA",-0.12,-17.65,0,"레이나2",-20.506,-47.108,0,"柴山犬吉",-12.607,-65.145,0,"Azuner",25.996,-51.776,0,"coder_",12.49,-67.209,0,"YukihiroD",50.103,-101.099,0,"Amellaid",4.694,-121.54,0,"소솨소솨",-37.967,-90.409,0,0,0,0,0,0,"",0,0,0,0,5686.811,,,,0,0
176,7,1,4,2,1,2,1,0,0,0,255,255,255,86,5700.5,"甲斐野柊太",R,38,25,81,3.268,0.14,0.666,1.944,1.395,1.707,-36.543,67.753,100,0,0,1,0,3.257,-8.02,0,0,0,0,3,9,L,"Pring__",190,93.089,0.485,0,65,W,Y,0,0,0,0,0,0,0,0,0,0,0,0,0,0,0,0,0.132,-37.839,0,"SFIDA",0.398,-17.424,0,"레이나2",-20.455,-47.128,0,"柴山犬吉",-12.655,-65.196,0,"Azuner",26.074,-51.78,0,"coder_",12.657,-64.337,0,"YukihiroD",49.878,-101.338,0,"Amellaid",9.249,-119.967,0,"소솨소솨",-38.029,-90.318,0,0,0,0,0,0,"",0,0,0,0,5701.911,,,,0,0
177,7,1,4,2,2,2,1,0,0,0,255,255,255,87,5715.569,"甲斐野柊太",R,0,47,91,4.837,-0.511,0.715,1.741,2.098,1.309,-36.543,78.788,39,61,0,1,0,-5.633,0,0,0,0,0,3,9,L,"Pring__",190,93.089,0.485,0,65,W,Y,0,0,0,0,0,0,0,0,0,0,0,0,0,0,0,0,-0.151,-37.688,0,"SFIDA",0.041,-17.513,0,"레이나2",-20.622,-47.001,0,"柴山犬吉",-12.597,-65.171,0,"Azuner",26.058,-51.732,0,"coder_",12.105,-65.218,0,"YukihiroD",49.874,-101.333,0,"Amellaid",5.693,-118.965,0,"소솨소솨",-35.985,-91.078,0,0,0,0,0,0,"",0,0,0,0,5716.789,,,,0,0
178,7,1,4,2,3,2,1,0,0,0,255,255,255,88,5738.343,"甲斐野柊太",R,38,29,83,-0.863,-0.765,0.293,1.773,-0.399,1.139,-36.543,47.565,48,52,0,2,0,5.301,-8.493,0,0,0,0,3,9,L,"Pring__",190,93.089,0.485,3,65,W,Y,5739.57,228,135,29,95,89,119,112,19.032,-40.185,0.67,0,0.831,278.815,200.977,-137.916,-0.119,-37.428,0,"SFIDA",-0.203,-18.05,0,"레이나2",-20.575,-46.761,0,"柴山犬吉",-12.648,-65.166,0,"Azuner",25.853,-51.815,0,"coder_",11.848,-65.555,0,"YukihiroD",49.875,-101.344,85,"Amellaid",5.76,-118.965,0,"소솨소솨",-38.065,-87.343,0,5742.934,54.149,-89.234,5743.178,6,"YukihiroD",52.189,-86.55,0,0,,,,,16,1
179,7,1,4,2,0,0,2,0,0,0,255,255,255,89,5768.955,"甲斐野柊太",R,3,56,91,1.084,0.207,0.958,1.869,1.085,1.761,-36.543,56.638,100,0,0,0,0,-273.824,0,0,0,0,0,4,4,R,"magimari",190,84.655,0.353,0,66,W,Y,0,0,0,0,0,0,0,0,0,0,0,0,0,0,0,0,0.241,-37.579,0,"SFIDA",0.115,-17.705,0,"레이나2",-20.571,-46.732,0,"柴山犬吉",-16.273,-62.951,0,"Azuner",18.804,-52.983,0,"coder_",7.242,-69.659,0,"YukihiroD",31.148,-95.704,0,"Amellaid",-13.103,-118.928,0,"소솨소솨",-43.863,-94.996,0,0,0,0,0,0,"",0,0,0,0,5770.355,,,,0,0
180,7,1,4,2,0,1,2,0,0,0,255,255,255,90,5782.817,"甲斐野柊太",R,0,20,77,11.86,0.584,0.573,1.966,5.15,1.68,-36.543,94.456,100,0,0,1,0,0,0,0,2.74,-14.99,0,4,4,R,"magimari",190,84.655,0.353,0,66,W,Y,0,0,0,0,0,0,0,0,0,0,0,0,0,0,0,0,0.153,-37.41,0,"SFIDA",2.2,-17.78,0,"레이나2",-20.86,-46.553,0,"柴山犬吉",-16.329,-62.962,0,"Azuner",18.959,-52.826,0,"coder_",5.922,-71.976,0,"YukihiroD",32.331,-95.8,0,"Amellaid",-12.246,-118.237,0,"소솨소솨",-44.26,-97.326,0,0,0,0,0,0,"",0,0,0,0,5788.711,,,,0,0
181,7,1,4,2,1,1,2,0,0,0,255,255,255,91,5806.045,"甲斐野柊太",R,12,89,122,-5.321,-2.529,0.19,1.458,-2.326,-3.221,-36.543,18.496,46,54,0,1,0,0,97.801,0,-0.34,-29.274,0,4,4,R,"magimari",190,84.655,0.353,0,66,W,Y,0,0,0,0,0,0,0,0,0,0,0,0,0,0,0,0,-0.07,-37.371,0,"SFIDA",-0.448,-17.506,0,"레이나2",-20.47,-46.603,0,"柴山犬吉",-16.229,-63.15,0,"Azuner",18.78,-52.795,0,"coder_",4.937,-69.977,0,"YukihiroD",33.072,-95.82,0,"Amellaid",-10.355,-120.002,0,"소솨소솨",-44.231,-97.322,0,0,0,0,0,0,"",0,0,0,0,5810.922,,,,0,0
182,7,1,4,2,1,2,2,0,0,0,255,255,255,92,5843.165,"甲斐野柊太",R,38,29,82,-0.165,1.015,0.489,2.022,-0.126,2.259,-36.543,50.195,100,0,0,2,0,14.948,-6.756,0,0,0,1,4,4,R,"magimari",190,84.655,0.353,3,66,W,Y,5844.667,255,131,145,75,39,145,101,114.719,-0.385,-0.31,0,0.61,225.146,-429.026,162.226,0.024,-37.535,0,"SFIDA",0.149,-17.868,0,"레이나2",-20.459,-46.594,0,"柴山犬吉",-16.211,-63.141,0,"Azuner",18.812,-52.662,0,"coder_",7.059,-70.244,0,"YukihiroD",32.777,-95.981,0,"Amellaid",-10.339,-120.078,0,"소솨소솨",-43.013,-97.626,0,5850.811,-8.741,30.762,0,0,"",0,0,0,0,,,,,0,3
183,7,1,4,2,1,2,2,0,0,0,255,255,255,93,5936.5,"甲斐野柊太",R,38,21,78,1.793,-0.069,0.634,1.949,0.717,1.569,-36.543,87.197,100,0,0,2,0,16.277,-11.301,0,0,0,1,4,4,R,"magimari",190,84.655,0.353,3,48,W,Y,5937.987,255,181,108,111,69,145,90,6.427,24.467,-0.83,0,0.714,291.269,-383.691,151.042,0.207,-37.692,0,"SFIDA",0.221,-17.815,0,"레이나2",-20.428,-46.618,0,"柴山犬吉",-17.263,-61.968,103,"Azuner",19.213,-51.932,0,"coder_",8.312,-70.987,0,"YukihiroD",30.723,-91.01,0,"Amellaid",-15.758,-117.139,0,"소솨소솨",-42.498,-92.999,0,5939.267,-13.499,-53.663,5939.645,3,"柴山犬吉",-14.376,-55.696,0,0,,,,,96,2
184,7,0,4,2,0,0,0,0,0,0,255,255,255,89,6078.026,"Rite_",R,33,74,125,2.892,1.153,0.419,1.724,1.02,2.219,-36.437,25.27,37,63,0,4,0,148.189,-119.945,0,0,0,1,1,9,L,"눈꽃",190,85,0.497,0,66,W,Y,0,0,0,0,0,0,0,0,0,0,0,0,0,0,0,0,0.142,-37.858,0,"HalF_HearteD",0.091,-16.575,0,"ame_3",-20.403,-43.415,0,"-Alta-",-9.43,-63.145,0,"magimari",18.109,-45.693,0,"Pugeuk",12.295,-63.147,0,"alcohol500",47.31,-100.855,0,"紅さかな",0.975,-120.678,0,"Pizzallaris",-44.264,-101.989,0,0,0,0,0,0,"",0,0,0,0,6079,,,,0,0
185,7,0,4,2,0,1,0,0,0,0,255,255,255,90,6093.647,"Rite_",R,32,81,131,1.213,0.74,0.25,1.65,0.233,1.979,-36.437,18.881,0,100,0,0,0,199.181,-106.713,0,0,0,1,1,9,L,"눈꽃",190,85,0.497,0,66,W,Y,0,0,0,0,0,0,0,0,0,0,0,0,0,0,0,0,0.243,-38.118,0,"HalF_HearteD",-0.052,-16.689,0,"ame_3",-20.393,-43.443,0,"-Alta-",-10.481,-63.276,0,"magimari",17.862,-45.6,0,"Pugeuk",12.338,-63.349,0,"alcohol500",48.52,-100.798,0,"紅さかな",0.695,-120.749,0,"Pizzallaris",-43.986,-101.63,0,0,0,0,0,0,"",0,0,0,0,6094.589,,,,0,0
186,7,0,4,2,0,2,0,0,0,0,255,255,255,91,6108.509,"Rite_",R,32,82,133,1.849,0.222,0.312,1.546,0.522,1.64,-36.437,14.207,0,100,0,2,0,193.83,-124.954,0,0,0,1,1,9,L,"눈꽃",190,85,0.497,3,66,W,Y,6109.489,217,49,56,73,16,137,119,-1.288,-12.02,0.78,0,0.254,174.48,-560.712,123.122,0.014,-37.463,0,"HalF_HearteD",-0.099,-16.698,0,"ame_3",-20.59,-43.543,82,"-Alta-",-10.742,-63.265,0,"magimari",17.386,-45.692,0,"Pugeuk",12.022,-63.41,103,"alcohol500",49.217,-100.594,0,"紅さかな",0.627,-120.749,0,"Pizzallaris",-43.976,-101.626,0,6109.678,4.756,-37.803,6110.9,5,"Pugeuk",9.476,-58.556,0,0,,,,,160,2
187,7,0,4,2,0,0,1,0,0,0,255,255,255,92,6134.096,"Rite_",R,32,81,132,2.174,0.315,0.327,1.573,0.589,1.729,-36.437,11.441,0,100,0,1,0,244.244,-88.559,0,0,0,0,2,4,L,"Azuner",190,80,0.298,0,66,W,Y,0,0,0,0,0,0,0,0,0,0,0,0,0,0,0,0,0.061,-38.054,0,"HalF_HearteD",-0.11,-16.618,0,"ame_3",-21.189,-44.489,0,"-Alta-",-8.184,-63.122,0,"magimari",17.729,-45.698,0,"Pugeuk",13.832,-63.068,0,"alcohol500",47.365,-100.292,0,"紅さかな",0.772,-117.985,0,"Pizzallaris",-44.288,-101.538,0,0,0,0,0,0,"",0,0,0,0,6135.167,,,,0,0
188,7,0,4,2,1,0,1,0,0,0,255,255,255,93,6150.701,"Rite_",R,32,80,130,0.984,0.229,0.228,1.561,0.132,1.69,-36.437,17.007,8,92,0,2,0,198.212,-71.002,0,0,0,1,2,4,L,"Azuner",190,80,0.298,3,66,W,Y,6151.836,206,120,92,49,41,145,130,109.012,66.746,0.64,0,0.507,127.971,-220.921,5.187,0.131,-37.998,0,"HalF_HearteD",-0.029,-16.764,0,"ame_3",-21.216,-44.544,0,"-Alta-",-7.797,-63.34,0,"magimari",17.381,-45.95,0,"Pugeuk",13.834,-63.136,0,"alcohol500",46.583,-100.6,0,"紅さかな",0.699,-118.035,0,"Pizzallaris",-44.274,-101.52,0,0,0,0,0,0,"",0,0,0,0,,,,,0,3
189,7,0,4,2,1,1,1,0,0,0,255,255,255,94,6169.411,"Rite_",R,13,83,121,-4.479,-2.46,0.089,1.376,-1.144,0.407,-36.437,18.462,32,68,0,3,0,-417.749,274.747,0,-0.8,-20.087,0,2,4,L,"Azuner",190,80,0.298,0,65,W,Y,0,0,0,0,0,0,0,0,0,0,0,0,0,0,0,0,0.115,-38.673,0,"HalF_HearteD",-0.082,-16.677,0,"ame_3",-21.778,-45.259,0,"-Alta-",-7.485,-60.983,0,"magimari",17.507,-45.834,0,"Pugeuk",14.662,-62.335,0,"alcohol500",48.321,-104.918,0,"紅さかな",6.863,-121.234,0,"Pizzallaris",-45.02,-102.139,0,0,0,0,0,0,"",0,0,0,0,6174.934,,,,0,6
190,7,0,4,2,0,0,1,1,0,0,14,255,255,95,6198.612,"Rite_",R,3,75,114,-6.872,-1.391,-0.071,1.403,-2.281,0.767,-36.437,27.368,0,100,0,1,0,-479.737,0,0,-1.761,-16.445,0,3,8,R,"소솨소솨",185,80,0.498,0,65,W,Y,0,0,0,0,0,0,0,0,0,0,0,0,0,0,0,0,-0.113,-39.361,0,"HalF_HearteD",-0.915,-16.454,0,"ame_3",-19.626,-41.593,0,"-Alta-",-11.107,-59.912,0,"magimari",15.987,-45.862,0,"Pugeuk",6.526,-60.56,0,"alcohol500",46.783,-103.62,0,"紅さかな",1.614,-121.091,0,"Pizzallaris",-45.002,-102.243,0,0,0,0,0,0,"",0,0,0,0,6203.244,,,,0,0
191,7,0,4,2,1,0,1,1,0,0,14,255,255,96,6227.203,"Rite_",R,33,78,128,1.12,0.269,0.257,1.575,0.265,1.738,-36.437,8.293,0,100,0,2,0,136.162,-53.482,0,0,0,1,3,8,R,"소솨소솨",185,80,0.498,3,65,W,Y,6228.278,255,103,85,113,57,145,106,26.868,19.781,0.03,0,0.479,393.48,319.116,82.225,0.046,-37.416,0,"HalF_HearteD",-0.222,-16.797,0,"ame_3",-20.028,-43.123,71,"-Alta-",-11.895,-62.526,0,"magimari",15.826,-45.788,0,"Pugeuk",8.67,-62.537,0,"alcohol500",43.072,-102.536,0,"紅さかな",0.572,-119.076,0,"Pizzallaris",-44.988,-102.179,107,6232.911,-38.005,-104.926,6233.022,8,"Pizzallaris",-36.504,-102.026,0,0,,,,,129,1
192,7,0,4,2,0,0,2,1,0,0,14,255,255,97,6257.337,"Rite_",R,4,69,116,1.704,0.685,0.443,1.648,1.13,2.001,-36.437,15.207,0,100,0,2,0,-238.038,0,0,0,0,1,4,6,R,"YukihiroD",173.8,80,0.4,3,65,W,Y,6258.449,255,64,80,72,19,145,94,101.774,-75.807,0.94,0,0.628,284.84,16.276,42.757,0.242,-37.948,0,"HalF_HearteD",-0.01,-16.862,0,"ame_3",-21.159,-43.608,0,"-Alta-",-13.343,-62.345,0,"magimari",16.216,-45.386,0,"Pugeuk",10.279,-63.436,0,"alcohol500",35.797,-102.144,0,"紅さかな",0.824,-117.539,0,"Pizzallaris",-41.632,-97.146,0,0,0,0,0,0,"",0,0,0,0,,,,,0,3
193,7,0,4,2,0,1,2,1,0,0,14,255,255,98,6279.019,"Rite_",R,32,80,130,-0.74,-1.063,0.198,1.505,-0.01,1.496,-36.437,9.553,0,100,0,2,0,203.577,-70.781,0,0,0,1,4,6,R,"YukihiroD",173.8,80,0.4,3,77,W,Y,6280.088,255,68,96,65,16,145,126,-30,-10.129,0.26,0,0.507,-31.676,-172.709,34.37,0.046,-37.104,0,"HalF_HearteD",-0.439,-16.927,0,"ame_3",-20.463,-43.239,0,"-Alta-",-13.089,-63.002,0,"magimari",16.14,-45.73,0,"Pugeuk",11.184,-64.031,0,"alcohol500",40.065,-100.519,0,"紅さかな",-0.729,-117.055,0,"Pizzallaris",-43.916,-100.838,0,6279.756,0.358,-21.554,6281.556,5,"Pugeuk",7.352,-60.36,0,0,,6284.418,,,160,2
194,8,1,4,2,0,0,0,0,0,0,255,255,255,94,6345.803,"甲斐野柊太",R,1,23,79,2.01,0.122,0.617,1.847,0.693,1.376,-36.543,78.064,100,0,0,2,0,-2.789,1.182,0,0,0,1,5,5,R,"Pugeuk",170.3,86.201,0.347,3,65,W,Y,6347.182,255,41,160,66,37,145,84,-4.49,24.954,-0.77,0,0.63,371.17,-82.64,39.585,0.054,-37.678,0,"SFIDA",0.024,-17.867,0,"레이나2",-20.631,-46.437,85,"柴山犬吉",-16.548,-62.856,94,"Azuner",18.886,-51.538,0,"coder_",8.643,-64.887,0,"YukihiroD",29.243,-82.509,0,"Amellaid",-12.972,-121.377,0,"소솨소솨",-39.599,-91.101,0,6347.189,-3.357,-28.532,6349.155,3,"柴山犬吉",-16.934,-54.614,0,0,,,,,96,2
195,8,1,4,2,0,0,1,0,0,0,255,255,255,95,6371.504,"甲斐野柊太",R,1,23,79,2.078,-0.082,0.585,1.916,0.618,1.632,-36.543,79.439,100,0,0,1,0,-3.664,-0.944,0,0,0,0,6,7,R,"紅さかな",172.6,86,0.402,0,65,W,Y,0,0,0,0,0,0,0,0,0,0,0,0,0,0,0,0,0.066,-37.737,0,"SFIDA",0.055,-17.855,0,"레이나2",-20.809,-46.509,0,"柴山犬吉",-16.994,-62.653,0,"Azuner",20.799,-51.249,0,"coder_",9.834,-66.326,0,"YukihiroD",27.639,-86.293,0,"Amellaid",-9.488,-104.535,0,"소솨소솨",-41.174,-92.526,0,0,0,0,0,0,"",0,0,0,0,6372.867,,,,0,0
196,8,1,4,2,1,0,1,0,0,0,255,255,255,96,6386.165,"甲斐野柊太",R,0,51,94,1.471,-0.354,0.872,1.728,0.617,1.421,-36.543,48.561,24,76,0,0,0,0,0,0,0,0,0,6,7,R,"紅さかな",172.6,86,0.402,0,65,W,Y,0,0,0,0,0,0,0,0,0,0,0,0,0,0,0,0,0.241,-37.463,0,"SFIDA",0.032,-17.871,0,"레이나2",-20.888,-46.395,0,"柴山犬吉",-16.975,-62.662,0,"Azuner",19.795,-51.51,0,"coder_",9.782,-66.387,0,"YukihiroD",28.393,-85.32,0,"Amellaid",-9.469,-104.519,0,"소솨소솨",-41.908,-92.889,0,0,0,0,0,0,"",0,0,0,0,6387.545,,,,0,0
197,8,1,4,2,1,1,1,0,0,0,255,255,255,97,6404.715,"甲斐野柊太",R,0,53,95,0.039,-2.379,0.543,1.699,0,0.257,-36.543,40.677,100,0,0,1,0,0,0,0,0,0,0,6,7,R,"紅さかな",172.6,86,0.402,0,65,W,Y,0,0,0,0,0,0,0,0,0,0,0,0,0,0,0,0,0.018,-37.578,0,"SFIDA",0.006,-17.801,0,"레이나2",-20.863,-46.462,0,"柴山犬吉",-16.856,-62.684,0,"Azuner",19.616,-51.542,0,"coder_",9.759,-66.331,0,"YukihiroD",28.584,-87.149,0,"Amellaid",-9.49,-104.564,0,"소솨소솨",-41.77,-93.193,0,0,0,0,0,0,"",0,0,0,0,6406.078,,,,0,0
198,8,1,4,2,2,1,1,0,0,0,255,255,255,98,6421.808,"甲斐野柊太",R,38,22,78,1.146,-0.517,0.637,1.82,0.464,1.32,-36.543,51.701,0,100,0,2,0,5.628,-6.685,0,0,0,1,6,7,R,"紅さかな",172.6,86,0.402,3,65,W,Y,6423.276,151,172,123,122,68,145,106,-7.085,6.862,0.92,0,0.255,-458.564,145.917,-30.517,0.188,-37.67,0,"SFIDA",0.165,-17.904,0,"레이나2",-20.678,-46.691,0,"柴山犬吉",-16.925,-62.631,0,"Azuner",19.417,-51.578,0,"coder_",10.072,-66.218,0,"YukihiroD",28.598,-87.157,0,"Amellaid",-9.519,-105.173,85,"소솨소솨",-41.578,-93.294,0,6423,-0.425,-25.993,6426.434,7,"Amellaid",-5.226,-88.985,1,0,6476.689,,,,389,2
199,8,1,4,2,0,0,1,1,0,0,7,255,255,99,6591.805,"Azuner",R,0,87,140,0.326,1.226,0.363,1.521,0.131,2.391,-36.442,30.838,0,100,0,4,0,0,0,0,0,0,1,7,2,L,"ame_3",190,80,0.21,0,65,W,Y,0,0,0,0,0,0,0,0,0,0,0,0,0,0,0,0,0.075,-37.41,0,"SFIDA",-0.426,-18.06,0,"레이나2",-19.744,-43.227,0,"柴山犬吉",-9.416,-62.632,0,"눈꽃",20.439,-46.606,0,"coder_",12.613,-65.189,0,"YukihiroD",44.18,-96.748,0,"Amellaid",4.672,-115.269,0,"소솨소솨",-32.791,-96.362,0,0,0,0,0,0,"",0,0,0,0,6592.7,,,,0,0
200,8,1,4,2,0,1,1,1,0,0,7,255,255,100,6608.929,"Azuner",R,14,74,101,-0.98,-0.156,-0.042,1.556,-1.135,1.998,-36.442,5.953,57,43,0,0,0,349.92,323.67,0,0,0,0,7,2,L,"ame_3",190,80,0.21,0,65,W,Y,0,0,0,0,0,0,0,0,0,0,0,0,0,0,0,0,0.12,-37.677,0,"SFIDA",-0.147,-17.755,0,"레이나2",-19.766,-41.844,0,"柴山犬吉",-9.656,-62.713,0,"눈꽃",19.979,-45.525,0,"coder_",11.554,-65.278,0,"YukihiroD",43.955,-96.922,0,"Amellaid",4.623,-115.422,0,"소솨소솨",-34.684,-95.506,0,0,0,0,0,0,"",0,0,0,0,6610.078,,,,0,0
201,8,1,4,2,0,2,1,1,0,0,7,255,255,101,6626.709,"Azuner",R,10,86,128,-2.041,-1.549,0.122,1.327,-0.892,1.06,-36.442,12.182,33,67,0,2,0,0,400,0,0,0,1,7,2,L,"ame_3",190,80,0.21,3,65,W,Y,6627.672,255,196,72,80,55,145,42,-20.447,-0.187,0.69,0,0.478,-541.878,-38.598,134.48,-0.131,-37.193,0,"SFIDA",-0.257,-17.841,0,"레이나2",-19.496,-44.658,0,"柴山犬吉",-9.025,-61.779,88,"눈꽃",20.41,-46.577,0,"coder_",11.905,-63.752,0,"YukihiroD",44.164,-96.692,0,"Amellaid",4.601,-115.374,0,"소솨소솨",-37.91,-91.665,0,6627.312,-0.379,-21.192,6628.767,0,"Azuner",-1.551,-33.334,0,128,,6632.409,,,100,2
202,8,1,4,2,0,0,2,0,1,0,255,7,255,102,6662.239,"Azuner",R,0,87,140,-2.02,0.534,0.16,1.401,-0.885,1.889,-36.442,12.328,14,86,0,1,0,0,0,0,0,0,0,8,6,L,"alcohol500",160,82.32,0.398,0,64,W,Y,0,0,0,0,0,0,0,0,0,0,0,0,0,0,0,0,0.003,-37.673,0,"SFIDA",-0.21,-17.3,0,"레이나2",-19.586,-47.065,0,"柴山犬吉",-4.843,-60.882,0,"눈꽃",19.863,-44.567,0,"coder_",11.242,-61.759,0,"YukihiroD",40.473,-91.083,0,"Amellaid",6.849,-101.935,0,"소솨소솨",-31.183,-88.628,0,0,0,0,0,0,"",0,0,0,0,6663.078,6664.894,,,0,0
203,8,1,4,2,1,0,2,0,1,0,255,7,255,103,6678.388,"Azuner",R,3,84,125,-2.503,-0.365,0.288,1.279,-0.49,1.411,-36.442,19.625,0,100,0,1,0,-397.297,0,0,0,0,0,8,6,L,"alcohol500",160,82.32,0.398,0,64,W,Y,0,0,0,0,0,0,0,0,0,0,0,0,0,0,0,0,0.079,-37.677,0,"SFIDA",-0.251,-17.333,0,"레이나2",-19.629,-46.745,0,"柴山犬吉",-5.423,-63.323,0,"눈꽃",19.496,-43.115,0,"coder_",11.976,-62.312,0,"YukihiroD",40.496,-91.109,0,"Amellaid",7.342,-102.017,0,"소솨소솨",-31.167,-88.449,0,0,0,0,0,0,"",0,0,0,0,6679.378,6681.07,,,0,0
204,8,1,4,2,2,0,2,0,1,0,255,7,255,104,6694.897,"Azuner",R,0,92,140,-1.831,0.67,0.184,1.407,-0.804,1.961,-36.442,5.414,0,100,0,1,0,0,0,0,0,0,0,8,6,L,"alcohol500",160,82.32,0.398,0,64,W,Y,0,0,0,0,0,0,0,0,0,0,0,0,0,0,0,0,-0.009,-38.03,0,"SFIDA",-0.138,-17.464,0,"레이나2",-19.84,-46.254,0,"柴山犬吉",-4.767,-61.941,0,"눈꽃",19.914,-44.03,0,"coder_",12.275,-63.022,0,"YukihiroD",40.463,-91.108,0,"Amellaid",7.663,-101.63,0,"소솨소솨",-31.286,-88.335,0,0,0,0,0,0,"",0,0,0,0,6695.733,6697.837,,,0,0
205,8,1,4,2,3,0,2,0,1,0,255,7,255,105,6713.8,"Azuner",R,33,88,140,1.287,1.196,0.449,1.523,0.376,2.184,-36.442,35.626,0,100,0,1,0,128.383,-52.277,0,0,0,0,8,6,L,"alcohol500",160,82.32,0.398,0,64,W,Y,0,0,0,0,0,0,0,0,0,0,0,0,0,0,0,0,0.038,-37.558,0,"SFIDA",-0.093,-17.459,0,"레이나2",-19.885,-46.274,0,"柴山犬吉",-5.798,-61.388,0,"눈꽃",20.073,-44.525,0,"coder_",11.386,-65.136,0,"YukihiroD",41.253,-90.391,0,"Amellaid",6.091,-103.791,0,"소솨소솨",-31.159,-88.359,0,0,0,0,0,0,"",0,0,0,0,6714.601,6718.936,,,0,5
206,8,1,4,2,0,0,2,1,1,0,6,7,255,106,6738.88,"Azuner",R,0,89,140,0.566,0.776,0.286,1.428,0.238,2.049,-36.442,14.489,0,100,0,0,0,0,0,0,0,0,0,0,8,R,"Pizzallaris",169.9,88,0.383,0,64,W,Y,0,0,0,0,0,0,0,0,0,0,0,0,0,0,0,0,0.112,-37.697,0,"SFIDA",0.07,-17.514,0,"레이나2",-20.979,-43.812,0,"柴山犬吉",-14.514,-63.604,0,"눈꽃",18.874,-42.931,0,"coder_",5.34,-66.032,0,"YukihiroD",30.076,-88.991,0,"Amellaid",-8.486,-101.133,0,"소솨소솨",-40.917,-92.954,0,0,0,0,0,0,"",0,0,0,0,6739.855,6741.606,,,0,0
207,8,1,4,2,0,1,2,1,1,0,6,7,255,107,6756.623,"Azuner",R,14,71,111,2.329,-0.385,0.236,1.42,0.345,1.876,-36.442,13.63,43,57,0,1,0,370.137,336.153,0,0,0,0,0,8,R,"Pizzallaris",169.9,88,0.383,0,64,W,Y,0,0,0,0,0,0,0,0,0,0,0,0,0,0,0,0,0.143,-38.067,0,"SFIDA",0.158,-17.538,0,"레이나2",-20.501,-43.359,0,"柴山犬吉",-14.899,-63.503,0,"눈꽃",20.045,-49.498,0,"coder_",5.114,-66.091,0,"YukihiroD",30.081,-88.99,0,"Amellaid",-8.447,-101.091,0,"소솨소솨",-40.929,-92.943,0,0,0,0,0,0,"",0,0,0,0,6757.723,6759.47,,,0,0
208,8,1,4,2,1,1,2,1,1,0,6,7,255,108,6774.171,"Azuner",R,0,88,140,-0.127,1.23,0.266,1.49,-0.064,2.303,-36.442,14.964,14,86,0,2,0,0,0,0,0,0,1,0,8,R,"Pizzallaris",169.9,88,0.383,3,64,W,Y,6775.188,223,90,83,49,2,144,82,-18.121,46.322,-0.86,0,0.181,-103.632,-411.959,423.733,-0.042,-37.476,0,"SFIDA",0.121,-17.484,0,"레이나2",-20.516,-46.371,0,"柴山犬吉",-14.587,-63.63,0,"눈꽃",20.538,-48.682,0,"coder_",8.027,-65.604,0,"YukihiroD",29.733,-89.107,0,"Amellaid",-8.379,-101.082,0,"소솨소솨",-40.938,-92.942,0,6774.956,-3.368,-22.151,6776.733,2,"레이나2",-22.44,-40.509,0,0,,6781.515,,,36,2
209,8,1,4,2,1,2,2,1,1,0,6,7,255,109,6798.663,"Azuner",R,3,82,109,-2.807,-0.072,0.246,1.332,-0.52,1.586,-36.442,21.909,0,100,0,1,0,-387.337,0,0,0,0,0,0,8,R,"Pizzallaris",169.9,88,0.383,0,64,W,Y,0,0,0,0,0,0,0,0,0,0,0,0,0,0,0,0,0.035,-37.903,0,"SFIDA",-0.405,-17.429,0,"레이나2",-20.712,-43.395,0,"柴山犬吉",-17.46,-61.522,0,"눈꽃",20.098,-47.13,0,"coder_",4.721,-65.764,0,"YukihiroD",29.351,-87.867,0,"Amellaid",-8.443,-101.337,0,"소솨소솨",-41.758,-90.49,0,0,0,0,0,0,"",0,0,0,0,6799.733,6801.619,,,0,0
210,8,1,4,2,2,2,2,1,1,0,6,7,255,110,6819.578,"Azuner",R,14,73,101,1.567,-1.112,0.172,1.318,-0.036,1.521,-36.442,14.993,57,43,0,1,0,351.986,321.002,0,0,0,0,0,8,R,"Pizzallaris",169.9,88,0.383,0,43,W,Y,0,0,0,0,0,0,0,0,0,0,0,0,0,0,0,0,0.169,-38.024,0,"SFIDA",0.134,-17.626,0,"레이나2",-20.793,-44.109,0,"柴山犬吉",-16.618,-62.411,0,"눈꽃",20.385,-47.418,0,"coder_",4.251,-66.436,0,"YukihiroD",28.985,-87.891,0,"Amellaid",-8.309,-100.941,0,"소솨소솨",-41.855,-90.928,0,0,0,0,0,0,"",0,0,0,0,6820.689,6822.565,,,0,0
211,8,1,4,2,3,2,2,1,1,0,6,7,255,111,6845.602,"Azuner",R,0,92,140,0.089,0.536,0.268,1.394,0.031,1.915,-36.442,17.542,0,100,0,2,0,0,0,0,0,0,1,0,8,R,"Pizzallaris",169.9,88,0.383,3,43,W,Y,6846.584,222,116,79,57,8,145,83,113.856,67.538,-0.84,0,0.14,395.585,219.714,-394.003,-0.048,-37.569,0,"SFIDA",-0.01,-17.463,0,"레이나2",-20.6,-46.596,0,"柴山犬吉",-16.513,-62.644,0,"눈꽃",19.822,-47.741,0,"coder_",9.063,-65.766,0,"YukihiroD",29.3,-87.836,0,"Amellaid",-8.337,-105.545,0,"소솨소솨",-41.843,-90.894,0,0,0,0,0,0,"",0,0,0,0,,6852.363,,,4,3
212,8,1,4,2,3,2,2,1,1,0,6,7,255,112,6863.786,"Azuner",R,0,85,137,0.394,0.629,0.263,1.404,0.163,1.965,-36.442,19.043,0,100,0,0,0,0,0,0,0,0,1,0,8,R,"Pizzallaris",169.9,88,0.383,0,64,W,Y,0,0,0,0,0,0,0,0,0,0,0,0,0,0,0,0,0.092,-37.906,0,"SFIDA",0.049,-17.466,0,"레이나2",-20.801,-43.932,0,"柴山犬吉",-14.846,-62.818,0,"눈꽃",20.348,-45.439,0,"coder_",6.654,-66.431,0,"YukihiroD",29.461,-88.184,0,"Amellaid",-8.05,-104.151,0,"소솨소솨",-42.247,-91.534,0,0,0,0,0,0,"",0,0,0,1,6864.723,,,,0,0
213,8,0,4,2,0,0,0,0,0,0,255,255,255,99,7098.38,"ame_3",L,32,75,126,-1.466,0.452,-0.268,1.558,-0.318,1.836,-36.772,29.41,42,58,0,0,0,-226.531,-37.764,2.876,0,0,0,5,2,R,"레이나2",180.3,90.118,0.453,0,64,W,Y,0,0,0,0,0,0,0,0,0,0,0,0,0,0,0,0,0.086,-37.41,0,"HalF_HearteD",-0.075,-16.917,0,"Pring__",-22.471,-48.185,0,"-Alta-",-12.168,-60.682,0,"magimari",16.978,-45.242,0,"Pugeuk",10.739,-61.469,0,"alcohol500",42.339,-101.64,0,"紅さかな",0.384,-118.302,0,"Pizzallaris",-45.333,-101.771,0,0,0,0,0,0,"",0,0,0,0,7099.478,,,,0,0
214,8,0,4,2,0,1,0,0,0,0,255,255,255,100,7115.067,"ame_3",L,32,80,131,-2.226,0.235,-0.342,1.536,-0.662,1.76,-36.772,36.326,34,66,0,2,0,-197.448,10.609,0.127,0,0,1,5,2,R,"레이나2",180.3,90.118,0.453,3,64,W,Y,7116.19,153,100,85,101,42,145,97,25.374,-38.193,0.94,0,0.112,-230.315,-256.907,-43.658,-0.047,-37.295,0,"HalF_HearteD",-0.133,-16.873,0,"Pring__",-22.07,-46.981,0,"-Alta-",-12.031,-60.374,81,"magimari",16.86,-45.153,0,"Pugeuk",10.616,-61.352,0,"alcohol500",43.209,-102.37,94,"紅さかな",-0.42,-118.567,0,"Pizzallaris",-44.755,-102.123,0,7119.456,47.033,-74.299,7121.178,6,"alcohol500",58.689,-86.499,1,0,,,,,386,2
215,8,0,4,2,0,0,0,1,0,0,12,255,255,101,7149.06,"ame_3",L,32,78,129,-3.519,0.462,-0.446,1.577,-1.144,1.916,-36.772,51.339,35,65,0,4,0,-240.395,45.887,-1.788,0,0,1,6,3,R,"柴山犬吉",169.9,90.243,0.6,0,64,W,Y,0,0,0,0,0,0,0,0,0,0,0,0,0,0,0,0,0.196,-37.678,0,"HalF_HearteD",-0.135,-16.744,0,"Pring__",-19.705,-39.799,0,"-Alta-",-10.087,-57.083,0,"magimari",16.36,-45.597,0,"Pugeuk",8.852,-61.379,0,"alcohol500",46.268,-97.855,0,"紅さかな",0.141,-115.415,0,"Pizzallaris",-44.086,-101.572,0,0,0,0,0,0,"",0,0,0,0,7150.189,,,,0,0
216,8,0,4,2,0,1,0,1,0,0,12,255,255,102,7169.336,"ame_3",L,32,86,140,0.128,0.386,-0.113,1.53,0.406,1.746,-36.772,20.42,28,72,0,2,0,-250,-77.644,-5.67,0,0,1,6,3,R,"柴山犬吉",169.9,90.243,0.6,3,64,W,Y,7170.402,181,121,102,57,23,145,114,25.288,-3.979,0.2,0,0.177,432.884,18.112,119.674,0.277,-37.189,0,"HalF_HearteD",-0.146,-16.889,0,"Pring__",-17.652,-42.159,0,"-Alta-",-11.797,-59.145,0,"magimari",16.278,-45.535,0,"Pugeuk",9.611,-61.604,88,"alcohol500",47.533,-99.118,0,"紅さかな",-0.014,-116.658,111,"Pizzallaris",-44.084,-101.574,0,0,0,0,7175.278,7,"紅さかな",6.119,-118.834,0,0,,,,,224,1
217,8,0,4,2,0,0,1,1,0,0,12,255,255,103,7201.887,"ame_3",L,3,68,111,-5.972,0.479,-0.594,1.59,-3.345,1.919,-36.772,85.016,46,54,0,1,0,400.989,0,-2.967,0,0,0,7,1,L,"SFIDA",188.6,80,0.2,0,65,W,Y,0,0,0,0,0,0,0,0,0,0,0,0,0,0,0,0,0.209,-37.339,0,"HalF_HearteD",-0.675,-16.822,0,"Pring__",-19.761,-40.287,0,"-Alta-",-7.135,-61.434,0,"magimari",17.02,-45.167,0,"Pugeuk",13.424,-60.545,0,"alcohol500",47.126,-97.627,0,"紅さかな",1.023,-119.895,0,"Pizzallaris",-42.36,-100.178,0,0,0,0,0,0,"",0,0,0,0,7202.789,,,,0,0
218,8,0,4,2,1,0,1,1,0,0,12,255,255,104,7220.786,"ame_3",L,3,78,116,-0.079,0.211,-0.38,1.534,-0.838,1.749,-36.772,51.195,25,75,0,0,0,462.321,0,4.83,0,0,0,7,1,L,"SFIDA",188.6,80,0.2,0,65,W,Y,0,0,0,0,0,0,0,0,0,0,0,0,0,0,0,0,0.211,-37.247,0,"HalF_HearteD",0.067,-16.717,0,"Pring__",-20.035,-40.431,0,"-Alta-",-7.981,-63.374,0,"magimari",17.098,-45.329,0,"Pugeuk",13.944,-60.735,0,"alcohol500",47.71,-98.234,0,"紅さかな",1.454,-120.129,0,"Pizzallaris",-42.365,-100.182,0,0,0,0,0,0,"",0,0,0,0,7221.756,,,,0,0
219,8,0,4,2,1,1,1,1,0,0,12,255,255,105,7236.65,"ame_3",L,3,64,107,-5.741,0.463,-0.567,1.605,-3.334,1.913,-36.772,85.284,45,55,0,1,0,433.572,0,-0.683,0,0,0,7,1,L,"SFIDA",188.6,80,0.2,0,65,W,Y,0,0,0,0,0,0,0,0,0,0,0,0,0,0,0,0,0.252,-37.4,0,"HalF_HearteD",-0.662,-16.887,0,"Pring__",-19.863,-39.989,0,"-Alta-",-8.708,-63.09,0,"magimari",17.335,-45.427,0,"Pugeuk",13.888,-60.586,0,"alcohol500",50.274,-96.287,0,"紅さかな",0.977,-121.337,0,"Pizzallaris",-42.966,-100.208,0,0,0,0,0,0,"",0,0,0,0,7237.622,,,,0,0
220,8,0,4,2,2,1,1,1,0,0,12,255,255,106,7256.353,"ame_3",L,3,67,109,-6.44,1.438,-0.531,1.701,-3.586,2.52,-36.772,92.226,92,8,0,1,0,415.463,0,-7.661,0,0,0,7,1,L,"SFIDA",188.6,80,0.2,0,65,W,Y,0,0,0,0,0,0,0,0,0,0,0,0,0,0,0,0,0.184,-37.499,0,"HalF_HearteD",-0.812,-16.804,0,"Pring__",-19.83,-40.118,0,"-Alta-",-8.678,-62.77,0,"magimari",17.367,-45.48,0,"Pugeuk",13.999,-60.516,0,"alcohol500",50.149,-97.525,0,"紅さかな",0.681,-121.387,0,"Pizzallaris",-42.606,-100.164,0,0,0,0,0,0,"",0,0,0,0,7257.312,,,,0,0
221,8,0,4,2,3,1,1,1,0,0,12,255,255,107,7275.598,"ame_3",L,32,77,128,-4.916,0.037,-0.465,1.501,-1.788,1.725,-36.772,65.41,34,66,0,3,0,-245.402,48.771,-0.241,-1.328,-22.016,0,7,1,L,"SFIDA",188.6,80,0.2,0,65,W,Y,0,0,0,0,0,0,0,0,0,0,0,0,0,0,0,0,0.265,-37.201,0,"HalF_HearteD",-0.655,-17.009,0,"Pring__",-19.549,-40.602,0,"-Alta-",-8.429,-62.755,0,"magimari",17.442,-45.446,0,"Pugeuk",13.585,-60.464,0,"alcohol500",49.892,-97.305,0,"紅さかな",0.942,-121.5,0,"Pizzallaris",-42.612,-100.166,0,0,0,0,0,0,"",0,0,0,0,7283.178,,,,0,6
222,8,0,4,2,0,0,1,1,1,0,11,12,255,108,7353.073,"ame_3",L,32,83,135,0.065,-0.078,-0.114,1.479,0.401,1.556,-36.772,27.635,28,72,0,0,0,-250,-0.978,-2.448,0,0,0,8,7,L,"Amellaid",160,86.447,0.439,0,65,W,Y,0,0,0,0,0,0,0,0,0,0,0,0,0,0,0,0,0.257,-37.304,0,"HalF_HearteD",-0.062,-16.626,0,"Pring__",-20.023,-40.31,0,"-Alta-",-6.146,-60.994,0,"magimari",17.709,-46.683,0,"Pugeuk",13.596,-58.59,0,"alcohol500",45.745,-95.569,0,"紅さかな",4.528,-115.694,0,"Pizzallaris",-43.497,-103.382,0,0,0,0,0,0,"",0,0,0,0,7353.934,7355.289,,,0,0
223,8,0,4,2,0,1,1,1,1,0,11,12,255,109,7370.917,"ame_3",L,32,87,140,0.577,0.579,-0.071,1.545,0.601,1.811,-36.772,18.729,19,81,0,2,0,-250,-91.365,-13.077,0,0,1,8,7,L,"Amellaid",160,86.447,0.439,3,65,W,Y,7371.773,238,164,39,0,23,69,62,12.629,-41.009,-0.49,0,0.445,74.287,-339.424,110.015,0.288,-37.015,0,"HalF_HearteD",0.041,-16.876,0,"Pring__",-17.526,-41.683,82,"-Alta-",-8.09,-63.189,0,"magimari",17.643,-46.32,0,"Pugeuk",13.928,-58.665,103,"alcohol500",47.083,-96.849,0,"紅さかな",3.109,-116.548,0,"Pizzallaris",-43.711,-103.729,0,7372.956,17.15,-37.522,7373.533,4,"magimari",18.438,-38.883,1,0,,7375.145,,,184,2
224,8,0,4,2,0,0,2,1,1,0,17,11,255,110,7405.446,"ame_3",L,32,81,131,-2.321,0.178,-0.333,1.528,-0.618,1.745,-36.772,38.871,32,68,0,1,0,-250,42.625,-3.148,0,0,0,0,5,R,"coder_",160,82,0.273,0,47,W,Y,0,0,0,0,0,0,0,0,0,0,0,0,0,0,0,0,0.306,-37.685,0,"HalF_HearteD",-0.017,-16.566,0,"Pring__",-19.469,-39.722,0,"-Alta-",-6.847,-56.791,0,"magimari",17.936,-42.307,0,"Pugeuk",8.471,-60.696,0,"alcohol500",48.472,-93.669,0,"紅さかな",0.117,-113.09,0,"Pizzallaris",-42.396,-105.017,0,0,0,0,0,0,"",0,0,0,0,7406.545,,7406.363,,0,0
225,8,0,4,2,1,0,2,1,0,1,17,255,11,111,7423.968,"ame_3",L,32,71,123,-3.975,-0.241,-0.378,1.452,-1.389,1.531,-36.772,64.248,29,71,0,1,0,-202.976,46.795,1.704,0,0,0,0,5,R,"coder_",160,82,0.273,0,47,W,Y,0,0,0,0,0,0,0,0,0,0,0,0,0,0,0,0,-0.061,-37.675,0,"HalF_HearteD",0.048,-16.499,0,"Pring__",-19.61,-39.819,0,"-Alta-",-7.782,-56.157,0,"magimari",19.326,-42.849,0,"Pugeuk",9.906,-60.249,0,"alcohol500",43.115,-96.253,0,"紅さかな",-0.127,-109.459,0,"Pizzallaris",-42.933,-104.779,0,0,0,0,0,0,"",0,0,0,0,7425.033,,7426.221,,0,0
226,8,0,4,2,2,0,2,1,0,1,17,255,11,112,7442.641,"ame_3",L,32,78,128,-1.809,-0.04,-0.284,1.49,-0.391,1.599,-36.772,46.898,23,77,0,1,0,-250,18.993,-0.532,0,0,0,0,5,R,"coder_",160,82,0.273,0,47,W,Y,0,0,0,0,0,0,0,0,0,0,0,0,0,0,0,0,0.107,-37.174,0,"HalF_HearteD",0.091,-16.574,0,"Pring__",-19.74,-39.754,0,"-Alta-",-8.769,-58.12,0,"magimari",18.972,-43.75,0,"Pugeuk",10.111,-60.528,0,"alcohol500",43.941,-97.885,0,"紅さかな",1.112,-110.806,0,"Pizzallaris",-42.953,-104.771,0,0,0,0,0,0,"",0,0,0,0,7443.733,,7444.854,,0,0
227,8,0,4,2,3,0,2,1,0,1,17,255,11,113,7461.107,"ame_3",L,32,76,127,-0.846,0.1,-0.194,1.496,0.029,1.622,-36.772,28.04,29,71,0,0,0,-250,-21.824,1.561,0,0,0,0,5,R,"coder_",160,82,0.273,0,47,W,Y,0,0,0,0,0,0,0,0,0,0,0,0,0,0,0,0,0.215,-37.338,0,"HalF_HearteD",0.001,-16.688,0,"Pring__",-19.961,-40.615,0,"-Alta-",-8.747,-59.958,0,"magimari",16.562,-45.664,0,"Pugeuk",10.794,-61.334,0,"alcohol500",43.923,-98.331,0,"紅さかな",0.742,-111.025,0,"Pizzallaris",-42.95,-104.78,0,0,0,0,0,0,"",0,0,0,0,7462.267,,7464.822,,0,0
228,8,0,4,2,3,1,2,1,0,1,17,255,11,114,7480.094,"ame_3",L,32,71,123,-3.439,1.207,-0.396,1.6,-1.176,2.215,-36.772,55.183,49,51,0,4,0,-190.047,-14.126,6.549,0,0,1,0,5,R,"coder_",160,82,0.273,0,47,W,Y,0,0,0,0,0,0,0,0,0,0,0,0,0,0,0,0,0.076,-37.441,0,"HalF_HearteD",-0.252,-16.837,0,"Pring__",-20.148,-40.746,0,"-Alta-",-9.334,-55.914,0,"magimari",17.525,-43.852,0,"Pugeuk",10.848,-61.218,0,"alcohol500",41.81,-99.726,0,"紅さかな",1.233,-111.388,0,"Pizzallaris",-42.198,-100.605,0,0,0,0,0,0,"",0,0,0,0,7481.111,7490.655,7482.376,,0,0
229,8,0,4,2,0,0,2,1,1,1,15,17,11,115,7519.709,"ame_3",L,32,79,129,-4.9,-0.533,-0.476,1.419,-1.689,1.443,-36.772,58.22,25,75,0,3,0,-250,122.696,-15.514,-1.174,-19.131,0,1,4,L,"눈꽃",190,85,0.497,0,65,W,Y,0,0,0,0,0,0,0,0,0,0,0,0,0,0,0,0,0.108,-37.243,0,"HalF_HearteD",-0.23,-16.8,0,"Pring__",-21.005,-45.474,0,"-Alta-",-7.924,-62.012,0,"magimari",19.173,-43.522,0,"Pugeuk",13.255,-60.633,0,"alcohol500",50.123,-97.397,0,"紅さかな",2.101,-119.444,0,"Pizzallaris",-44.238,-105.667,0,0,0,0,0,0,"",0,0,0,0,7523.744,7752.219,,,0,6
230,8,0,4,3,0,0,2,1,1,1,14,15,17,116,7759.013,"Pring__",R,32,77,128,3.137,0.93,0.482,1.573,1.097,2.11,-36.137,45.603,36,64,0,1,0,177.845,-98.879,0.476,0,0,0,2,0,L,"Azuner",190,80,0.298,0,66,W,Y,0,0,0,0,0,0,0,0,0,0,0,0,0,0,0,0,0.02,-37.603,0,"HalF_HearteD",0.307,-16.892,0,"ame_3",-20.43,-41.844,0,"-Alta-",-9.249,-60.727,0,"magimari",17.329,-45.294,0,"Pugeuk",13.37,-60.896,0,"alcohol500",45.282,-102.823,0,"紅さかな",6.398,-119.71,0,"Pizzallaris",-44.804,-106.243,0,0,0,0,0,0,"",0,0,0,0,7760.056,7761.501,7760.829,,0,0
231,8,0,4,3,1,0,2,1,1,1,14,15,17,117,7776.364,"Pring__",R,32,79,129,-3.883,0.385,0.272,1.517,-0.085,1.803,-36.137,35.381,41,59,0,2,0,220.028,-174.844,1.851,0,0,1,2,0,L,"Azuner",190,80,0.298,3,66,W,Y,7777.483,255,112,95,54,43,145,130,17.936,19.496,0.29,0,0.486,51.792,-594.994,48.379,-0.291,-37.366,0,"HalF_HearteD",0.055,-16.881,0,"ame_3",-20.629,-42.952,0,"-Alta-",-9.166,-63.291,0,"magimari",17.441,-45.267,0,"Pugeuk",11.907,-60.952,85,"alcohol500",46.308,-102.408,0,"紅さかな",6.685,-120.841,94,"Pizzallaris",-44.796,-106.239,0,7781.655,-22.967,-132.972,7783.122,7,"紅さかな",-16.432,-128.856,1,0,,7782.059,7781.994,7782.572,104,2
232,8,0,4,5,0,0,2,0,1,1,255,10,14,118,7813.714,"Pring__",R,13,75,102,1.492,-0.31,0.673,1.464,1.286,1.898,-36.137,55.311,20,80,0,2,0,-346.258,332.507,-5.757,0,0,1,3,8,R,"소솨소솨",186.3,80,0.498,3,66,W,Y,7814.886,255,88,60,96,68,138,110,25.823,12.653,0.85,0,0.542,-261.275,194.93,272.313,-0.117,-37.375,0,"HalF_HearteD",0.075,-16.756,0,"ame_3",-21.531,-44.757,0,"-Alta-",-10.427,-61.554,88,"magimari",16.532,-45.801,0,"Pugeuk",10.428,-61.862,0,"alcohol500",40.92,-104.042,0,"紅さかな",0.578,-121.588,91,"Pizzallaris",-41.77,-102.144,0,7818.812,-24.376,-109.001,7822.2,7,"紅さかな",-31.073,-127.261,1,0,,7825.366,7819.306,7820.771,74,2
233,8,0,4,7,0,0,2,0,1,0,255,18,255,119,7866.656,"Pring__",R,32,75,126,3.334,0.233,0.532,1.372,1.076,1.638,-36.137,53.035,0,100,0,2,0,250,-107.318,-10.027,0,0,1,4,6,R,"YukihiroD",173.8,80,0.4,3,66,W,Y,7867.824,213,99,67,73,16,142,91,58.295,14.751,-0.4,0,0.465,-108.012,141.23,-49.142,-0.118,-37.299,0,"HalF_HearteD",0.108,-16.819,0,"ame_3",-22.146,-45.957,0,"-Alta-",-10.572,-62.641,90,"magimari",16.885,-45.226,0,"Pugeuk",9.468,-62.987,0,"alcohol500",38.81,-103.944,0,"紅さかな",0.599,-120.753,0,"Pizzallaris",-41.687,-98.816,0,7873.134,-14.493,-71.538,7873.411,3,"-Alta-",-14.152,-70.555,0,0,,,7872.757,,6,1
234,9,1,4,7,0,0,0,0,0,0,255,255,255,113,7918.357,"Azuner",R,14,79,116,-0.774,0.23,0.065,1.478,-1,2.157,-36.442,7.218,50,50,0,2,0,390.434,312.348,0,0,0,1,1,3,L,"-Alta-",170.4,84,0.479,3,67,W,Y,7919.233,219,158,95,119,78,145,117,26.558,0.646,0.74,0,0.647,403.86,-396.176,-153.356,-0.037,-37.375,0,"SFIDA",-0.175,-17.522,0,"레이나2",-20.291,-46.704,0,"柴山犬吉",-11.224,-65.465,0,"눈꽃",20.436,-46.938,0,"coder_",13.471,-64.776,0,"YukihiroD",38.395,-87.307,0,"Amellaid",9.47,-106.888,95,"소솨소솨",-34.211,-87.34,0,0,0,0,7924.178,7,"Amellaid",8.183,-121.91,0,0,,,,,261,1
235,9,1,4,7,0,0,1,0,0,0,255,255,255,114,7946.022,"Azuner",R,0,82,134,2.191,0.939,0.444,1.474,0.941,2.21,-36.442,29.674,0,100,0,4,0,0,0,0,0,0,1,2,1,R,"HalF_HearteD",190,82,0.35,0,67,W,Y,0,0,0,0,0,0,0,0,0,0,0,0,0,0,0,0,-0.044,-38.103,0,"SFIDA",0.086,-17.263,0,"레이나2",-20.503,-46.731,0,"柴山犬吉",-15.801,-62.239,0,"눈꽃",20.528,-49.466,0,"coder_",8.486,-66.906,0,"YukihiroD",33.06,-88.942,0,"Amellaid",-10.457,-121.001,0,"소솨소솨",-41.619,-94.182,0,0,0,0,0,0,"",0,0,0,0,7947,,,,0,0
236,9,1,4,7,0,1,1,0,0,0,255,255,255,115,7963.092,"Azuner",R,3,85,129,-3.06,-0.94,0.161,1.342,-0.919,1.023,-36.442,11.08,0,100,0,4,0,-283.956,0,0,0,0,1,2,1,R,"HalF_HearteD",190,82,0.35,0,67,W,Y,0,0,0,0,0,0,0,0,0,0,0,0,0,0,0,0,0.117,-37.672,0,"SFIDA",-0.041,-17.628,0,"레이나2",-20.447,-45.999,0,"柴山犬吉",-15.819,-62.259,0,"눈꽃",20.534,-49.615,0,"coder_",9.398,-66.653,0,"YukihiroD",31.811,-89.102,0,"Amellaid",-8.827,-119.651,0,"소솨소솨",-42.662,-95.522,0,0,0,0,0,0,"",0,0,0,0,7964.078,,,,0,0
237,9,1,4,7,0,2,1,0,0,0,255,255,255,116,7980.23,"Azuner",R,0,95,140,-2.571,-1.175,0.036,1.266,-1.122,0.88,-36.442,10.131,0,100,0,1,0,0,0,0,0,0,0,2,1,R,"HalF_HearteD",190,82,0.35,0,67,W,Y,0,0,0,0,0,0,0,0,0,0,0,0,0,0,0,0,0.01,-37.791,0,"SFIDA",-0.133,-17.621,0,"레이나2",-20.685,-46.199,0,"柴山犬吉",-15.851,-62.102,0,"눈꽃",20.771,-49.705,0,"coder_",7.477,-71.351,0,"YukihiroD",30.547,-89.452,0,"Amellaid",-8.857,-119.744,0,"소솨소솨",-40.395,-93.153,0,0,0,0,0,0,"",0,0,0,0,7981.189,,,,0,0
238,9,1,4,7,1,2,1,0,0,0,255,255,255,117,7992.997,"Azuner",R,0,86,140,-0.093,-0.678,0.32,1.371,-0.051,1.19,-36.442,25.455,0,100,0,2,0,0,0,0,0,0,1,2,1,R,"HalF_HearteD",190,82,0.35,3,67,W,Y,7994.065,242,162,120,115,58,145,114,-30,44.712,0.9,0,0.301,-131.949,3.868,-26.71,-0.011,-37.154,0,"SFIDA",-0.081,-17.711,0,"레이나2",-20.659,-46.614,0,"柴山犬吉",-15.837,-62.119,0,"눈꽃",20.513,-49.717,0,"coder_",9.144,-70.17,0,"YukihiroD",30.366,-88.681,0,"Amellaid",-8.915,-117.057,0,"소솨소솨",-41.842,-94.724,0,7993.622,-1.116,-20.424,7998.745,8,"소솨소솨",-60.897,-84.005,0,0,,,,,4,2
239,9,1,4,7,1,2,1,0,0,0,255,255,255,118,8014.194,"Azuner",R,10,83,124,0.476,-1.302,0.226,1.337,0.201,1.23,-36.442,17.017,34,66,0,1,0,0,400,0,0,0,0,2,1,R,"HalF_HearteD",190,82,0.35,0,39,W,Y,0,0,0,0,0,0,0,0,0,0,0,0,0,0,0,0,0.021,-38.122,0,"SFIDA",0.163,-17.628,0,"레이나2",-20.975,-46.267,0,"柴山犬吉",-15.748,-63.565,0,"눈꽃",20.615,-50.44,0,"coder_",9.83,-66.328,0,"YukihiroD",29.351,-89.267,0,"Amellaid",-13.092,-118.526,0,"소솨소솨",-47.319,-96.131,0,0,0,0,0,0,"",0,0,0,0,8015.145,,,,0,0
240,9,1,4,7,2,2,1,0,0,0,255,255,255,119,8029.859,"Azuner",R,0,87,140,0.581,1.032,0.301,1.491,0.244,2.27,-36.442,23.317,0,100,0,4,0,0,0,0,0,0,1,2,1,R,"HalF_HearteD",190,82,0.35,0,39,W,Y,0,0,0,0,0,0,0,0,0,0,0,0,0,0,0,0,-0.039,-38.139,0,"SFIDA",0.727,-18.528,0,"레이나2",-20.767,-46.681,0,"柴山犬吉",-15.785,-63.574,0,"눈꽃",20.274,-50.228,0,"coder_",9.854,-66.314,0,"YukihiroD",29.337,-89.256,0,"Amellaid",-11.688,-118.951,0,"소솨소솨",-42.281,-93.336,0,0,0,0,0,0,"",0,0,0,0,8030.756,,,,0,0
241,9,1,4,7,0,0,2,0,0,0,255,255,255,120,8054.137,"Azuner",R,10,84,125,-2.387,-1.817,0.064,1.253,-1.041,0.911,-36.442,12.933,30,70,0,1,0,0,400,0,0,0,0,3,0,L,"Pring__",190,93.089,0.485,0,67,W,Y,0,0,0,0,0,0,0,0,0,0,0,0,0,0,0,0,0.037,-37.832,0,"SFIDA",-0.162,-17.827,0,"레이나2",-20.489,-46.846,0,"柴山犬吉",-13.789,-63.873,0,"눈꽃",21.431,-48.567,0,"coder_",11.868,-65.901,0,"YukihiroD",43.787,-102.348,0,"Amellaid",7.27,-119.907,0,"소솨소솨",-39.886,-88.212,0,0,0,0,0,0,"",0,0,0,0,8054.944,,,,0,0
242,9,1,4,7,1,0,2,0,0,0,255,255,255,121,8069.028,"Azuner",R,0,86,140,-1.34,0.658,0.214,1.446,-0.591,2.034,-36.442,18.803,14,86,0,0,0,0,0,0,0,0,0,3,0,L,"Pring__",190,93.089,0.485,0,67,W,Y,0,0,0,0,0,0,0,0,0,0,0,0,0,0,0,0,-0.015,-37.861,0,"SFIDA",-0.171,-17.991,0,"레이나2",-20.492,-46.802,0,"柴山犬吉",-13.688,-63.916,0,"눈꽃",21.433,-48.308,0,"coder_",13.489,-69.203,0,"YukihiroD",43.671,-102.387,0,"Amellaid",7.253,-119.936,0,"소솨소솨",-40.928,-101.028,0,0,0,0,0,0,"",0,0,0,0,8069.756,,,,0,0
243,9,1,4,7,1,1,2,0,0,0,255,255,255,122,8086.359,"Azuner",R,14,78,115,-1.5,-1.092,0.014,1.442,-1.289,1.334,-36.442,1.614,70,30,0,4,0,371.563,334.576,0,0,0,0,3,0,L,"Pring__",190,93.089,0.485,0,67,W,Y,0,0,0,0,0,0,0,0,0,0,0,0,0,0,0,0,0.046,-37.622,0,"SFIDA",-0.19,-17.941,0,"레이나2",-20.546,-46.603,0,"柴山犬吉",-13.683,-63.794,0,"눈꽃",21.458,-48.261,0,"coder_",14.03,-68.861,0,"YukihiroD",43.669,-102.384,0,"Amellaid",7.792,-120.248,0,"소솨소솨",-41.083,-100.862,0,0,0,0,0,0,"",0,0,0,0,8087.233,,,,0,0
244,9,1,4,7,1,2,2,0,0,0,255,255,255,123,8101.764,"Azuner",R,14,75,102,1.354,-1.095,0.21,1.525,0.169,1.505,-36.442,19.381,66,34,0,4,0,207.249,400,0,0,0,0,3,0,L,"Pring__",190,93.089,0.485,0,67,W,Y,0,0,0,0,0,0,0,0,0,0,0,0,0,0,0,0,0.087,-37.889,0,"SFIDA",-0.387,-19.917,0,"레이나2",-20.465,-46.186,0,"柴山犬吉",-13.647,-63.815,0,"눈꽃",21.421,-48.235,0,"coder_",12.026,-65.251,0,"YukihiroD",43.437,-103.592,0,"Amellaid",6.857,-120.832,0,"소솨소솨",-41.053,-100.956,0,0,0,0,0,0,"",0,0,0,8,8102.756,,,,0,0
