id,type,inn,half,scoreA,scoreB,ball,strk,out,b1,b2,b3,b1Idx,b2Idx,b3Idx,pCnt,pSec,pName,pHand,pType,pPow,spdK,zoneX,zoneY,startX,startY,targetX,targetY,zDist,pitchAngle,pOver,pSide,pUnder,call,sH,sV,gyro,plx,plz,bIdx,bPos,bZone,bName,bHCm,batLen,batCen,batType,bFps,bOS,bVR,bSwing,hSec,rotS,rotL,shS,lgS,prepS,batSpd,ev,ldeg,sdeg,launchPosX,launchPosY,launchPosZ,hPos,buntGrip,handDist,angVeloX,angVeloY,angVeloZ,ltSec,lx,lz,cSec,cPos,cx,cy,cz,1BSafe,tag,cpSec,bTo1Sec,bTo2Sec,bTo3Sec,bToHSec,r1To2Sec,r1To3Sec,r1ToHSec,r2To3Sec,r2ToHSec,r3ToHSec,r1LeaveSec,r2LeaveSec,r3LeaveSec,out1Sec,out1BatterIndex,out1PrevBase,out1Code,out1Ass,out2Sec,out2BatterIndex,out2PrevBase,out2Code,out2Ass,out3Sec,out3BatterIndex,out3PrevBase,out3Code,out3Ass,ball1Sec,ball1Pos,ball2Sec,ball2Pos,ball3Sec,ball3Pos,ballHSec,ballHPos,PitchPPosX,PitchPPosZ,PitchCPosX,PitchCPosZ,Pitch1BPosX,Pitch1BPosZ,Pitch2BPosX,Pitch2BPosZ,Pitch3BPosX,Pitch3BPosZ,PitchSSPosX,PitchSSPosZ,PitchLFPosX,PitchLFPosZ,PitchCFPosX,PitchCFPosZ,PitchRFPosX,PitchRFPosZ,PPosX,PPosY,PThrSpd,CName,CPosX,CPosY,CThrSpd,1BName,1BPosX,1BPosY,1BThrSpd,2BName,2BPosX,2BPosY,2BThrSpd,3BName,3BPosX,3BPosY,3BThrSpd,SSName,SSPosX,SSPosY,SSThrSpd,LFName,LFPosX,LFPosY,LFThrSpd,CFName,CFPosX,CFPosY,CFThrSpd,RFName,RFPosX,RFPosY,RFThrSpd,PGetSec,PGetX,PGetZ,CGetSec,CGetX,CGetZ,1BGetSec,1BGetX,1BGetZ,2BGetSec,2BGetX,2BGetZ,3BGetSec,3BGetX,3BGetZ,SSGetSec,SSGetX,SSGetZ,LFGetSec,LFGetX,LFGetZ,CFGetSec,CFGetX,CFGetZ,RFGetSec,RFGetX,RFGetZ,PThrSec,PThrX,PThrZ,CThrSec,CThrX,CThrZ,1BThrSec,1BThrX,1BThrZ,2BThrSec,2BThrX,2BThrZ,3BThrSec,3BThrX,3BThrZ,SSThrSec,SSThrX,SSThrZ,LFThrSec,LFThrX,LFThrZ,CFThrSec,CFThrX,CFThrZ,RFThrSec,RFThrX,RFThrZ,errPosDelta,result,balk,cPlr,sb2Sec,sb3Sec,sbhSec,ass,remarks
1,,1,0,0,1,0,1,2,0,1,0,255,19,255,0,277.314,"Roscosmos",L,13,91,115,-0.054,-0.064,-0.639,1.414,-0.227,1.995,-36.444,23.847,9,87,4,2,152.19,400,1.746,0,0,4,4,R,"_이누_",190,90.478,0.447,3,86,W,Y,1,278.529,222,108,118,0,0,137,82,35.331,49.113,0.011,0.917,-19.566,-1,0,0.152,349.527,484.741,-53.452,282.854,-55.786,-57.829,,,,,,0,0,,,,,,,,,,,,,277.897,,,,,,,,,,,,,,,,,,,,,,,,,-0.343,-38.094,0.002,-17.19,-21.758,-50.636,-10.482,-62.028,19.899,-49.744,9.792,-61.743,39.054,-95.55,-1.704,-115.161,-49.431,-90.406,-0.32,-36.94,,"kneesohime",0.013,-17.266,,"にゃんこ65K",-21.673,-50.503,,"Metalu",-10.684,-61.926,,"Parottey",20.238,-49.149,,"CoalCat",9.8,-61.689,,"あくせる",39.05,-95.544,,"「yune」",-1.713,-115.163,,"Gonyong",-49.427,-90.406,,,,,,,,,,,,,,,,,,,,,,,,,,,,,,,,,,,,,,,,,,,,,,,,,,,,,,,,"",3,0,"",287.846,,,0,""
2,,1,0,0,1,0,2,2,0,1,0,255,19,255,1,300.325,"Roscosmos",L,35,85,138,-0.701,-0.059,-0.472,1.281,-0.113,1.778,-36.444,46.983,0,16,84,0,-131.124,200,1.092,0,0,4,4,R,"_이누_",190,90.478,0.447,,67,W,Y,1,,,,,,,,,,,,,,,,,,,,,,,,,,,,0,0,,,,,,,,,,,,,300.615,,303.025,4,,578,0,,,,,,,,,,,,,,,,,,,-0.332,-37.512,0.011,-17.156,-21.812,-51.679,-10.237,-61.315,20.231,-49.811,9.677,-62.578,40.137,-96.565,1.225,-114.784,-49.317,-92.904,,,,"",,,,"",,,,"",,,,"",,,,"",,,,"",,,,"",,,,"",,,,,,,,,,,,,,,,,,,,,,,,,,,,,,,,,,,,,,,,,,,,,,,,,,,,,,,,,,"",0,0,"",302.979,,,0,""
3,SIDE,1,0,0,1,0,0,2,0,1,0,255,19,255,,306.709,,,,,,,,,,,,,,,,,,,,,,,5,,,,,,,,,,,,,,,,,,,,,,,,,,,,,,,,,,,,,,,0,0,,,,,,,,,,,,,,,,,,,,,,,,,,,,,,,,,,,,,,,,,,,,,,,,,,,,,,,,,,,,,,,,,,,,,,,,,,,,,,,,,,,,,,,,,,,,,,,,,,,,,,,,,,,,,,,,,,,,,,,,,,,,,,,,,,,,,,,,,,,,,,,,,"",0,0,"",,,,0,""
4,,2,1,0,1,0,0,0,0,0,0,255,255,255,0,347.123,"Pugeuk",R,29,87,140,2.833,0.474,0.675,1.569,1.437,1.733,-36.595,35.966,58,42,0,2,-189.642,-140.153,7.44,0,0,6,5,R,"CoalCat",169.5,82.838,0.435,5,83,W,Y,1,348.214,170,145,150,119,47,145,82,63.38,86.906,0.542,1.105,-21.409,-1,0,0.453,419.417,-122.483,411.202,353.487,-41.142,-21.546,,,,,,0,0,,,,,,,,,,,,,,,,,,,,,,,,,,,,,,,,,,,,,,0.14,-37.435,0.087,-17.18,-20.98,-46.937,-16.467,-62.788,19.132,-49.758,14.279,-64.321,49.952,-101.405,-9.841,-115.916,-45.187,-90.933,0.477,-36.914,,"IbikiKai_JP",0.076,-17.374,,"레이나2",-20.684,-46.874,,"sano jpn",-17.612,-64.51,,"_이누_",19.031,-49.56,,"눈꽃",14.291,-64.339,,"Pring__",49.802,-101.467,,"Amellaid",-9.849,-115.916,,"Dοpi",-45.204,-90.953,,,,,,,,,,,,,,,,,,,,,,,,,,,,,,,,,,,,,,,,,,,,,,,,,,,,,,,,"",3,0,"",,,,0,""
5,,2,1,0,1,0,1,0,0,0,0,255,255,255,1,408.195,"Pugeuk",R,26,80,130,2.573,0.989,0.688,1.642,1.13,1.988,-36.595,26.855,89,11,0,2,-20.576,-158.77,19.181,0,0,6,5,R,"CoalCat",169.5,82.838,0.435,5,81,W,Y,1,409.279,177,117,134,118,78,145,82,32.292,30.512,0.485,1.244,-21.085,-1,0,0.388,529.149,-254.864,122.663,413.921,-31.231,-79.036,414.132,8,-30.248,2.316,-76.897,0,0,,414.507,,,,,,,,,,,,,414.302,6,,457,0,,,,,,,,,,,,,,,,,,,0.315,-37.456,0.168,-17.371,-21.314,-47.119,-15.509,-63.283,21.551,-49.836,15.774,-63.756,48.138,-99.927,-13.035,-121.201,-49.465,-93.227,0.568,-37.228,,"IbikiKai_JP",0.179,-17.475,,"레이나2",-21.042,-47.011,,"sano jpn",-17.034,-64.91,,"_이누_",19.702,-48.927,,"눈꽃",12.464,-65.479,,"Pring__",48.08,-99.845,,"Amellaid",-12.522,-121.029,,"Dοpi",-46.674,-88.786,114,,,,,,,,,,,,,,,,,,,,,,,,,414.323,-30.956,-77.26,,,,,,,,,,,,,,,,,,,,,,,,,416.091,-20.743,-71.954,"",1,0,"Dοpi",,,,128,""
6,,2,1,0,1,0,0,1,0,0,0,255,255,255,2,439.535,"Pugeuk",R,14,83,107,2.112,-1.785,0.569,1.306,0.382,1.078,-36.595,22.511,45,55,0,1,317.558,378.712,13.242,0,0,7,3,L,"Metalu",173.6,82.749,0.433,,81,W,Y,0,,,,,,,,,,,,,,,,,,,,,,,,,,,,0,0,,,,,,,,,,,,,,,,,,,,,,,,,,,,,,,,,,,,,,0.28,-37.684,0.058,-17.011,-21.227,-47.247,-15.217,-63.465,24.31,-51.661,15.116,-63.94,51.771,-102.784,1.873,-123.388,-44.326,-92.42,,,,"",,,,"",,,,"",,,,"",,,,"",,,,"",,,,"",,,,"",,,,,,,,,,,,,,,,,,,,,,,,,,,,,,,,,,,,,,,,,,,,,,,,,,,,,,,,,,"",0,0,"",,,,0,""
7,,2,1,0,1,1,0,1,0,0,0,255,255,255,3,454.865,"Pugeuk",R,29,81,132,-1.501,1.373,0.37,1.737,-0.35,2.317,-36.595,21.059,96,4,0,1,-215.842,-72.217,12.69,0,0,7,3,L,"Metalu",173.6,82.749,0.433,,81,W,Y,0,,,,,,,,,,,,,,,,,,,,,,,,,,,,0,0,,,,,,,,,,,,,,,,,,,,,,,,,,,,,,,,,,,,,,0.077,-37.365,-0.075,-17.017,-21.253,-47.311,-15.461,-63.501,24.451,-51.234,14.829,-64.041,51.423,-102.817,4.222,-120.894,-44.028,-90.635,,,,"",,,,"",,,,"",,,,"",,,,"",,,,"",,,,"",,,,"",,,,,,,,,,,,,,,,,,,,,,,,,,,,,,,,,,,,,,,,,,,,,,,,,,,,,,,,,,"",0,0,"",,,,0,""
8,,2,1,0,1,2,0,1,0,0,0,255,255,255,4,473.653,"Pugeuk",R,3,73,103,-0.346,0.616,0.647,1.883,0.626,1.968,-36.595,39.709,77,19,4,0,-383.78,0,28.176,0,0,7,3,L,"Metalu",173.6,82.749,0.433,,81,W,Y,0,,,,,,,,,,,,,,,,,,,,,,,,,,,,0,0,,,,,,,,,,,,,,,,,,,,,,,,,,,,,,,,,,,,,,0.199,-37.41,-0.056,-17.181,-21.24,-47.341,-15.617,-63.081,24.598,-51.27,15.012,-64.16,51.401,-102.802,4.406,-121.741,-45.368,-89.083,,,,"",,,,"",,,,"",,,,"",,,,"",,,,"",,,,"",,,,"",,,,,,,,,,,,,,,,,,,,,,,,,,,,,,,,,,,,,,,,,,,,,,,,,,,,,,,,,,"",0,0,"",,,,0,""
9,,2,1,0,1,2,1,1,0,0,0,255,255,255,5,491.58,"Pugeuk",R,29,92,140,-1.955,0.141,0.364,1.527,-0.38,1.571,-36.595,15.244,47,53,0,2,-219.971,-62.709,12.111,0,0,7,3,L,"Metalu",173.6,82.749,0.433,3,81,W,Y,1,492.581,156,8,98,63,11,145,97,-9.936,-28.552,-0.075,0.857,-20.356,-0.19,0,0.18,97.513,-538.632,245.696,492.598,2.227,-24.515,494.587,5,18.659,0.059,-58.331,0,0,,497.557,,,,,,,,,,,,,497.797,7,,147,2,,,,,,,,,,,,,,,,,,,0.079,-37.417,-0.057,-17.027,-21.257,-47.416,-14.529,-63.731,24.781,-51.515,14.979,-64.102,51.435,-102.846,4.22,-121.815,-43.568,-96.199,0.078,-36.863,,"IbikiKai_JP",-0.072,-17.068,,"레이나2",-20.977,-47.346,85,"sano jpn",-13.888,-67.302,,"_이누_",24.808,-51.078,,"눈꽃",14.978,-64.096,117,"Pring__",51.446,-102.864,,"Amellaid",4.219,-121.808,,"Dοpi",-43.604,-95.982,,500.742,-0.388,-38.418,,,,497.184,-17.821,-40.036,,,,,,,494.999,18.948,-59.226,,,,,,,,,,,,,,,,499.757,-17.525,-39.754,,,,,,,495.645,14.963,-57.418,,,,,,,,,,"",2,0,"눈꽃",,,,34,""
10,,2,1,0,1,0,0,2,0,0,0,255,255,255,6,517.331,"Pugeuk",R,29,90,140,-0.155,-0.557,0.482,1.622,0.171,1.204,-36.595,22.039,56,44,0,0,-214.749,-77.711,12.297,0,0,8,7,R,"「yune」",174.8,85,0.32,,31,W,Y,1,,,,,,,,,,,,,,,,,,,,,,,,,,,,0,0,,,,,,,,,,,,,,,,,,,,,,,,,,,,,,,,,,,,,,0.115,-37.438,-0.083,-17.172,-21.276,-46.874,-15.783,-63.108,21.706,-50.812,15.615,-63.388,49.385,-102.565,-6.412,-120.201,-46.383,-87.739,,,,"",,,,"",,,,"",,,,"",,,,"",,,,"",,,,"",,,,"",,,,521.565,-0.052,-37.395,,,,,,,,,,,,,,,,,,,,,,,,,,,,,,,,,,,,,,,,,,,,,,,,,,,,"",0,0,"",,,,0,""
11,,2,1,0,1,0,1,2,0,0,0,255,255,255,7,532.358,"Pugeuk",R,27,87,140,1.688,0.109,0.594,1.522,0.692,1.555,-36.595,22.107,50,50,0,2,18.58,-122.31,13.022,0,0,8,7,R,"「yune」",174.8,85,0.32,0,31,W,Y,1,533.436,241,47,85,60,35,145,86,-32.506,-43.73,0.359,0.723,-19.635,-1,0,0.311,-511.175,-305.644,-72.678,533.232,1.34,-20.655,535.576,4,24.961,0.071,-45.619,1,0,,539.503,,,,,,,,,,,,,,,,,,,,,,,,,,,,,,,,,,,,0.259,-37.453,0.038,-17.115,-21.327,-46.728,-15.24,-63.807,22.009,-50.709,14.909,-63.627,48.835,-99.798,-6.693,-120.362,-44.709,-90.942,0.316,-36.88,,"IbikiKai_JP",0.047,-17.145,,"레이나2",-21.067,-46.651,,"sano jpn",-16.145,-66.643,75,"_이누_",21.886,-50.482,,"눈꽃",13.169,-64.408,,"Pring__",47.54,-98.032,,"Amellaid",-6.366,-120.299,,"Dοpi",-44.338,-90.162,,543.841,-0.802,-38.934,,,,,,,538.343,-7.705,-60.142,535.745,25.3,-46.16,,,,,,,,,,,,,,,,,,,,,,542.552,-8.987,-56.936,,,,,,,,,,,,,,,,"",2,0,"_이누_",,,,17,""
12,,2,1,0,1,0,0,2,1,0,0,7,255,255,8,564.973,"Pugeuk",R,29,86,140,0.895,0.69,0.566,1.607,0.562,1.86,-36.595,17.944,62,38,0,2,-161.215,-135.293,6.963,0,0,0,8,R,"Gonyong",169.8,85,0.2,3,79,W,Y,1,565.962,184,107,67,30,10,136,91,-6.554,30.142,-0.031,1.052,-19.843,-0.13,0,0.413,143.054,323.664,-484.538,566.043,-4.196,-26.897,567.498,2,-15.504,0.055,-46.126,0,0,,571.44,,,,571.086,,,,,,,,,569.848,0,,147,0,,,,,,,,,,,569.263,2,,,,,,,0.278,-37.424,0.026,-17.263,-20.578,-43.028,-15.439,-62.169,22.94,-51.96,14.406,-64.007,51.089,-98.878,-5.568,-117.851,-47.065,-92.404,0.463,-36.832,,"IbikiKai_JP",0.042,-17.385,,"레이나2",-20.28,-46.065,,"sano jpn",-15.451,-62.256,,"_이누_",22.849,-51.752,,"눈꽃",10.904,-63.484,,"Pring__",51.344,-98.777,,"Amellaid",-6.125,-117.865,,"Dοpi",-47.347,-92.875,,,,,,,,567.692,-15.924,-46.453,,,,,,,,,,,,,,,,,,,,,,,,,,,,,,,,,,,,,,,,,,,,,,"",2,0,"레이나2",571.086,,,32,""
13,SIDE,2,1,0,1,0,0,2,1,0,0,7,255,255,,572.196,,,,,,,,,,,,,,,,,,,,,,,1,,,,,,,,,,,,,,,,,,,,,,,,,,,,,,,,,,,,,,,0,0,,,,,,,,,,,,,,,,,,,,,,,,,,,,,,,,,,,,,,,,,,,,,,,,,,,,,,,,,,,,,,,,,,,,,,,,,,,,,,,,,,,,,,,,,,,,,,,,,,,,,,,,,,,,,,,,,,,,,,,,,,,,,,,,,,,,,,,,,,,,,,,,,"",0,0,"",,,,0,""
14,,2,0,0,1,0,0,0,0,0,0,255,255,255,2,608.768,"Roscosmos",L,35,95,140,-0.118,0.064,-0.407,1.284,0.145,1.803,-36.444,45.34,14,20,65,0,-159.276,170.183,-9.246,0,0,5,1,L,"IbikiKai_JP",190,85.479,0.4,,39,W,Y,0,,,,,,,,,,,,,,,,,,,,,,,,,,,,0,0,,,,,,,,,,,,,,,,,,,,,,,,,,,,,,,,,,,,,,-0.353,-37.387,-0.046,-16.778,-21.66,-50.899,-9.385,-63.158,21.584,-47.947,12.638,-63.089,45.643,-95.955,1.618,-112.522,-45.844,-96.308,,,,"",,,,"",,,,"",,,,"",,,,"",,,,"",,,,"",,,,"",,,,,,,,,,,,,,,,,,,,,,,,,,,,,,,,,,,,,,,,,,,,,,,,,,,,,,,,,,"",0,0,"",,,,0,""
15,,2,0,0,1,0,1,0,0,0,0,255,255,255,3,623.956,"Roscosmos",L,35,82,134,-0.868,-0.133,-0.502,1.233,-0.235,1.734,-36.444,45.686,8,13,79,2,-90.406,194.941,-3.767,0,0,5,1,L,"IbikiKai_JP",190,85.479,0.4,3,39,W,Y,1,625.091,228,36,110,51,24,145,107,-18.232,-34.61,-0.147,0.916,-19.526,-0.01,0,0.072,285.947,-364.449,381.329,624.998,1.619,-22.071,626.609,4,17.035,0.114,-48.56,0,0,,630.738,,,,,,,,,,,,,630.02,5,,147,32,,,,,,,,,,,,,,,,,,,-0.416,-37.601,-0.024,-16.8,-21.62,-52.232,-9.639,-63.159,21.894,-48.282,12.678,-63.135,45.483,-95.889,1.496,-112.51,-45.799,-96.19,-0.06,-36.454,,"kneesohime",-0.021,-16.818,,"にゃんこ65K",-21.533,-52.062,89,"Metalu",-9.655,-63.169,,"Parottey",21.786,-48.101,101,"CoalCat",12.68,-62.955,,"あくせる",45.47,-95.867,,"「yune」",1.385,-112.553,,"Gonyong",-45.778,-96.178,,633.351,0.162,-38,,,,629.438,-18.605,-40.053,,,,626.902,17.896,-49.293,,,,,,,,,,,,,,,,,,,632.306,-17.826,-40.76,,,,627.934,12.78,-47.929,,,,,,,,,,,,,"",2,0,"Parottey",,,,48,""
16,,2,0,0,1,0,0,1,0,0,0,255,255,255,4,650.946,"Roscosmos",L,35,92,140,0.815,0.486,-0.358,1.353,0.463,2.08,-36.444,38.512,15,11,74,0,-84.361,200,6.582,0,0,6,2,R,"레이나2",179.9,80.118,0.403,,78,W,Y,0,,,,,,,,,,,,,,,,,,,,,,,,,,,,0,0,,,,,,,,,,,,,,,,,,,,,,,,,,,,,,,,,,,,,,-0.353,-37.918,0.064,-17.062,-22.6,-51.662,-12.039,-63.222,20.677,-51.898,10.373,-64.789,39.758,-100.658,-2.905,-110.436,-46.507,-96.939,,,,"",,,,"",,,,"",,,,"",,,,"",,,,"",,,,"",,,,"",,,,655.034,-0.386,-37.045,,,,,,,,,,,,,,,,,,,,,,,,,,,,,,,,,,,,,,,,,,,,,,,,,,,,"",0,0,"",,,,0,""
17,,2,0,0,1,0,1,1,0,0,0,255,255,255,5,663.708,"Roscosmos",L,35,97,140,0.444,-0.362,-0.403,1.183,0.296,1.586,-36.444,48.454,14,18,68,2,-94.974,200,1.169,0,0,6,2,R,"레이나2",179.9,80.118,0.403,3,78,W,Y,1,664.793,126,36,71,37,16,136,117,-15.375,27.513,0.065,0.79,-19.899,0.17,0,0.147,342.821,-356.322,-339.865,664.632,-1.295,-22.521,668.265,8,-33.913,0.056,-88.807,1,0,,670.109,,,,,,,,,,,,,,,,,,,,,,,,,,,,,,,,,,,,-0.346,-37.476,0.061,-17.062,-21.405,-50.663,-12.001,-63.495,20.65,-51.664,10.359,-64.823,39.707,-100.668,-2.699,-110.572,-47.537,-99.13,-0.161,-36.776,,"kneesohime",0.063,-17.081,,"にゃんこ65K",-21.467,-50.592,,"Metalu",-12.071,-63.297,,"Parottey",20.47,-51.245,,"CoalCat",10.303,-64.692,76,"あくせる",39.696,-100.647,,"「yune」",-2.676,-110.568,,"Gonyong",-47.453,-99.46,107,675.423,0.709,-38.223,,,,,,,,,,,,,671.284,-1.866,-55.936,,,,,,,668.435,-34.456,-89.838,,,,,,,,,,,,,,,,674.406,-2.485,-53.105,,,,,,,669.352,-32.899,-82.522,"",2,0,"Gonyong",,,,65,""
18,,2,0,0,1,0,0,1,1,0,0,12,255,255,6,692.546,"Roscosmos",L,35,92,140,-2.464,-2.723,-0.609,0.916,-0.9,0.087,-36.444,75.356,20,22,58,1,-135.132,172.197,16.077,0,0,7,8,R,"Dοpi",175.5,90,0.35,,78,W,Y,0,,,,,,,,,,,,,,,,,,,,,,,,,,,,0,0,,,,,,,,,,,,709.943,,,,,,,,,,,,,,,,,,,,,,,,,,-0.354,-38.044,0.031,-17.087,-19.912,-40.734,-12.205,-61.988,20.123,-51.147,8.252,-61.929,40.793,-101.144,-2.264,-109.607,-43.719,-93.188,,,,"",,,,"",,,,"",,,,"",,,,"",,,,"",,,,"",,,,"",,,,697.086,-0.241,-37.193,,,,,,,,,,,,,,,,,,,,,,,,,,,,,,,,,,,,,,,,,,,,,,,,,,,,"",0,0,"",,,,0,""
19,,2,0,0,1,1,0,1,1,0,0,12,255,255,7,710.6,"Roscosmos",L,35,88,140,1.115,-0.542,-0.359,1.184,0.62,1.508,-36.444,39.103,14,11,75,0,-92.075,200,-1.051,0,0,7,8,R,"Dοpi",175.5,90,0.35,,78,W,Y,0,,,,,,,,,,,,,,,,,,,,,,,,,,,,0,0,,,,,,,,,,,,,,,,,,,,,,,,,,,,,,,,,,,,,,-0.27,-37.415,0.082,-17.142,-20.041,-41.035,-12.24,-61.969,19.882,-51.077,8.326,-61.811,40.635,-101.084,-2.193,-109.711,-43.922,-94.253,,,,"",,,,"",,,,"",,,,"",,,,"",,,,"",,,,"",,,,"",,,,718.028,-0.85,-37.897,,,,,,,,,,,,,,,,,,,,,,,,,,,,,,,,,,,,,,,,,,,,,,,,,,,,"",0,0,"",,,,0,""
20,,2,0,0,1,1,1,1,1,0,0,12,255,255,8,730.783,"Roscosmos",L,13,99,127,0.086,-0.87,-0.52,1.225,-0.185,1.567,-36.444,31.381,22,42,37,2,158.193,400,-3.252,0,0,7,8,R,"Dοpi",175.5,90,0.35,3,78,W,Y,1,731.647,214,58,79,71,32,145,113,-30,-27.884,0.051,0.583,-19.685,0.09,0,0.249,-461.257,-377.498,-68.827,731.476,0.529,-20.584,733.032,4,14.814,1.879,-47.364,0,0,,737.017,,,,736.506,,,,,,730.947,,,736.117,6,1,164,32,737.592,7,,147,128,,,,,,739.328,2,735.35,3,,,,,-0.415,-37.709,0.006,-17.36,-19.873,-41.205,-12.294,-62.347,19.143,-50.975,8.338,-62.117,41.003,-99.311,-3.267,-108.385,-43.951,-94.413,-0.118,-36.787,,"kneesohime",-0.167,-17.614,,"にゃんこ65K",-18.34,-44.356,,"Metalu",-12.191,-62.441,106,"Parottey",18.933,-50.704,95,"CoalCat",8.328,-62.096,,"あくせる",40.994,-99.317,,"「yune」",-3.293,-108.383,,"Gonyong",-43.965,-94.418,,,,,,,,736.981,-19.146,-40.942,734.871,-2.014,-60.064,733.29,15.128,-48.191,,,,,,,,,,,,,,,,,,,,,,735.804,-1.929,-56.658,733.906,12.283,-50.261,,,,,,,,,,,,,"",2,0,"Parottey",736.506,,,176,""
21,SIDE,2,0,0,1,0,0,2,0,0,0,255,255,255,,742.234,,,,,,,,,,,,,,,,,,,,,,,8,,,,,,,,,,,,,,,,,,,,,,,,,,,,,,,,,,,,,,,0,0,,,,,,,,,,,,,,,,,,,,,,,,,,,,,,,,,,,,,,,,,,,,,,,,,,,,,,,,,,,,,,,,,,,,,,,,,,,,,,,,,,,,,,,,,,,,,,,,,,,,,,,,,,,,,,,,,,,,,,,,,,,,,,,,,,,,,,,,,,,,,,,,,"",0,0,"",,,,0,""
22,,3,1,0,1,0,0,0,0,0,0,255,255,255,9,788.559,"Pugeuk",R,13,73,101,-1.057,-1.213,0.432,1.616,-0.04,1.365,-36.595,22.289,47,53,0,2,-244.316,400,-5.002,0,0,1,9,R,"?fredo?",190.4,86.374,0.436,3,77,W,Y,1,789.758,176,114,78,101,77,145,87,7.332,13.743,-0.159,0.666,-21.175,1,0,0.386,-19.449,-573.077,176.648,791.121,-6.082,-52.538,791.998,3,-8.037,0.056,-63.026,0,0,,795.908,,,,,,,,,,,,,794.93,1,,147,1,,,,,,,,,,,,,,,,,,,0.111,-37.296,0.004,-17.406,-21.1,-47.043,-15.907,-63.124,24.45,-53.352,13.85,-64.861,47.293,-99.174,-5.238,-119.311,-50.409,-91,-0.105,-37.056,,"IbikiKai_JP",-0.058,-17.524,,"레이나2",-20.825,-46.934,85,"sano jpn",-16.112,-64.606,86,"_이누_",24.176,-53.294,,"눈꽃",13.61,-64.836,,"Pring__",47.3,-99.184,,"Amellaid",-5.787,-119.045,,"Dοpi",-51.371,-92.147,,797.566,-1.349,-38.761,,,,794.382,-18.905,-40.96,792.269,-8.197,-63.787,,,,,,,,,,,,,,,,,,,,,,796.597,-17.705,-39.911,793.178,-10.146,-59.86,,,,,,,,,,,,,,,,"",2,0,"sano jpn",,,,65,""
23,,3,1,0,1,0,0,1,0,0,0,255,255,255,10,813.793,"Pugeuk",R,26,84,136,2.063,1.146,0.639,1.713,0.903,2.181,-36.595,25.027,89,11,0,1,-19.596,-169.34,14.981,0,0,2,1,R,"kneesohime",190,84.513,0.501,,90,W,Y,0,,,,,,,,,,,,,,,,,,,,,,,,,,,,0,0,,,,,,,,,,,,,,,,,,,,,,,,,,,,,,,,,,,,,,0.288,-37.482,0.048,-17.221,-21.144,-46.769,-15.824,-63.229,23.263,-51.418,13.953,-64.877,49.831,-101.571,-7.74,-120.713,-50.761,-95.189,,,,"",,,,"",,,,"",,,,"",,,,"",,,,"",,,,"",,,,"",,,,817.388,0.224,-37.38,,,,,,,,,,,,,,,,,,,,,,,,,,,,,,,,,,,,,,,,,,,,,,,,,,,,"",0,0,"",,,,0,""
24,,3,1,0,1,1,0,1,0,0,0,255,255,255,11,831.32,"Pugeuk",R,3,86,111,-3.15,-0.747,0.26,1.517,-0.575,1.151,-36.595,11.552,45,55,0,1,-440.714,0,18.994,0,0,2,1,R,"kneesohime",190,84.513,0.501,,90,W,Y,0,,,,,,,,,,,,,,,,,,,,,,,,,,,,0,0,,,,,,,,,,,,,,,,,,,,,,,,,,,,,,,,,,,,,,0.093,-37.336,-0.121,-17.418,-21.088,-46.762,-15.705,-63.316,23.164,-51.296,14.095,-64.331,49.899,-101.599,-8.097,-120.697,-51.135,-88.693,,,,"",,,,"",,,,"",,,,"",,,,"",,,,"",,,,"",,,,"",,,,835.28,-0.313,-37.504,,,,,,,,,,,,,,,,,,,,,,,,,,,,,,,,,,,,,,,,,,,,,,,,,,,,"",0,0,"",,,,0,""
25,,3,1,0,1,2,0,1,0,0,0,255,255,255,12,847.923,"Pugeuk",R,27,86,139,1.122,-0.024,0.563,1.5,0.549,1.492,-36.595,14.365,53,47,0,0,-56.605,-124.703,9.628,0,0,2,1,R,"kneesohime",190,84.513,0.501,,90,W,Y,0,,,,,,,,,,,,,,,,,,,,,,,,,,,,0,0,,,,,,,,,,,,,,,,,,,,,,,,,,,,,,,,,,,,,,0.286,-37.447,0.04,-17.378,-21.179,-46.958,-15.83,-63.333,23.324,-51.203,14.825,-64.405,49.907,-101.613,-7.749,-120.662,-51.071,-93.913,,,,"",,,,"",,,,"",,,,"",,,,"",,,,"",,,,"",,,,"",,,,851.835,-0.121,-37.515,,,,,,,,,,,,,,,,,,,,,,,,,,,,,,,,,,,,,,,,,,,,,,,,,,,,"",0,0,"",,,,0,""
26,,3,1,0,1,2,1,1,0,0,0,255,255,255,13,866.404,"Pugeuk",R,14,71,99,2.6,-0.521,0.587,1.829,0.439,1.823,-36.595,25.711,95,5,0,2,318.517,353.198,-6.517,0,0,2,1,R,"kneesohime",190,84.513,0.501,0,90,W,Y,1,867.63,255,85,127,86,51,145,92,-11.819,-29.94,0.423,0.807,-20.11,-1,0,0.316,-268.842,492.994,211.379,867.532,2.307,-23.418,869.443,4,17.51,0.059,-51.129,0,0,,874.69,,,,,,,,,,,,,872.302,2,,147,16,,,,,,,,,,,,,,,,,,,0.264,-37.504,0.082,-17.539,-21.225,-46.878,-15.584,-63.406,23.792,-51.423,14.691,-64.365,49.914,-101.603,-8.058,-119.117,-48.752,-91.781,0.311,-37.026,,"IbikiKai_JP",0.096,-17.589,,"레이나2",-20.916,-46.821,85,"sano jpn",-16.603,-66.454,,"_이누_",23.693,-51.254,120,"눈꽃",12.27,-64.957,,"Pring__",49.856,-101.548,,"Amellaid",-8.001,-118.038,,"Dοpi",-49.195,-92.288,,875.145,-0.791,-38.762,,,,871.717,-17.715,-39.578,,,,869.623,17.825,-51.45,,,,,,,,,,,,,,,,,,,874.149,-17.577,-39.694,,,,870.335,14.287,-49.546,,,,,,,,,,,,,"",2,0,"_이누_",,,,80,""
27,,3,1,0,1,0,0,2,0,0,0,255,255,255,14,891.966,"Pugeuk",R,26,77,128,2.517,-0.487,0.546,1.747,0.466,1.645,-36.595,29.558,87,13,0,2,50.243,-176.247,24.759,0,0,3,6,R,"あくせる",190,89.801,0.5,0,75,W,Y,1,893.075,249,134,141,96,49,145,93,41.574,28.788,0.225,1.124,-20.031,-0.92,0,0.226,440.024,398.281,88.04,898.143,-42.109,-79.782,898.376,8,-40.677,2.574,-78.009,0,0,,899.108,,,,,,,,,,,,,898.491,3,,457,0,,,,,,,,,,,,,,,,,,,0.229,-37.578,0.06,-17.348,-21.253,-46.567,-16.222,-63.039,23.084,-51.184,15.05,-63.85,50.383,-103.94,-9.693,-117.608,-50.838,-96.944,0.306,-36.862,,"IbikiKai_JP",0.123,-17.665,,"레이나2",-20.814,-46.697,,"sano jpn",-17.069,-65.486,,"_이누_",23.078,-51.175,,"눈꽃",12.115,-64.831,,"Pring__",50.386,-103.942,,"Amellaid",-9.848,-117.665,,"Dοpi",-49.453,-96.566,,,,,,,,,,,,,,,,,,,,,,,,,,898.513,-41.178,-78.562,,,,,,,,,,,,,,,,,,,,,,,,,,,,"",1,0,"Dοpi",,,,128,""
28,SIDE,3,1,0,1,0,0,2,0,0,0,255,255,255,,901.23,,,,,,,,,,,,,,,,,,,,,,,4,,,,,,,,,,,,,,,,,,,,,,,,,,,,,,,,,,,,,,,0,0,,,,,,,,,,,,,,,,,,,,,,,,,,,,,,,,,,,,,,,,,,,,,,,,,,,,,,,,,,,,,,,,,,,,,,,,,,,,,,,,,,,,,,,,,,,,,,,,,,,,,,,,,,,,,,,,,,,,,,,,,,,,,,,,,,,,,,,,,,,,,,,,,"",0,0,"",,,,0,""
29,,3,0,0,1,0,0,0,0,0,0,255,255,255,9,948.336,"Roscosmos",L,13,95,126,-1.142,0.263,-0.731,1.369,-0.937,2.129,-36.444,29.436,14,86,0,0,353.231,353.875,4.218,0,0,8,7,L,"Amellaid",160,80.447,0.439,,76,W,Y,0,,,,,,,,,,,,,,,,,,,,,,,,,,,,0,0,,,,,,,,,,,,,,,,,,,,,,,,,,,,,,,,,,,,,,-0.444,-37.718,0.026,-17.05,-19.81,-48.519,-9.618,-62.447,20.018,-45.666,11.53,-63.743,44.379,-96.576,4.178,-114.096,-43.717,-93.388,,,,"",,,,"",,,,"",,,,"",,,,"",,,,"",,,,"",,,,"",,,,,,,,,,,,,,,,,,,,,,,,,,,,,,,,,,,,,,,,,,,,,,,,,,,,,,,,,,"",0,0,"",,,,0,""
30,,3,0,0,1,0,1,0,0,0,0,255,255,255,10,964.04,"Roscosmos",L,4,78,111,-0.827,-2.12,-0.641,0.87,-0.679,0.511,-36.444,77.046,16,11,73,1,189.29,0,3.514,0,0,8,7,L,"Amellaid",160,80.447,0.439,,76,W,Y,0,,,,,,,,,,,,,,,,,,,,,,,,,,,,0,0,,,,,,,,,,,,,,,,,,,,,,,,,,,,,,,,,,,,,,-0.441,-37.864,0.051,-16.956,-20.739,-49.384,-9.667,-62.082,19.846,-45.282,13.189,-61.401,44.558,-96.658,2.022,-113.214,-42.208,-93.68,,,,"",,,,"",,,,"",,,,"",,,,"",,,,"",,,,"",,,,"",,,,,,,,,,,,,,,,,,,,,,,,,,,,,,,,,,,,,,,,,,,,,,,,,,,,,,,,,,"",0,0,"",,,,0,""
31,,3,0,0,1,1,1,0,0,0,0,255,255,255,11,978.02,"Roscosmos",L,3,87,111,2.402,-0.783,-0.513,1.132,0.21,1.213,-36.444,40.827,15,7,78,2,474.377,0,-14.929,0,0,8,7,L,"Amellaid",160,80.447,0.439,5,76,W,Y,1,978.952,255,194,116,17,0,143,78,-3.747,-84.249,0.413,0.67,-20.757,1,0,0.381,8.627,-340.428,-493.998,979.076,6.3,-21.31,,,,,,0,0,,,,,,,,,,,,,,,,,,,,,,,,,,,,,,,,,,,,,,-0.461,-37.489,0.078,-16.978,-20.427,-48.836,-9.932,-61.948,20.738,-45.967,13.197,-61.406,44.574,-96.64,1.974,-113.193,-42.229,-93.692,-0.307,-36.429,,"kneesohime",0.245,-17.064,,"にゃんこ65K",-20.337,-48.758,,"Metalu",-9.902,-61.846,,"Parottey",21.606,-46.491,,"CoalCat",13.228,-61.226,,"あくせる",44.568,-96.644,,"「yune」",1.969,-113.227,,"Gonyong",-42.182,-93.696,,,,,,,,,,,,,,,,,,,,,,,,,,,,,,,,,,,,,,,,,,,,,,,,,,,,,,,,"",3,0,"",,,,0,""
32,,3,0,0,1,1,2,0,0,0,0,255,255,255,12,993.107,"Roscosmos",L,35,90,140,-1.686,-1.034,-0.517,1.193,-0.586,1.285,-36.444,55.888,21,17,61,2,-99.963,200,2.114,0,0,8,7,L,"Amellaid",160,80.447,0.439,5,38,W,Y,1,993.988,255,134,77,8,31,129,88,-30,-45.574,-0.309,0.55,-20.102,0.02,0,0.367,246.762,-530.505,132.938,993.865,0.298,-20.695,995.698,4,20.234,0.62,-40.073,0,0,,,,,,,,,,,,,,,,,,,,,,,,,,,,,,,,,,,,,,-0.344,-37.44,0.042,-16.974,-21.249,-49.13,-10.566,-62.05,21.492,-46.568,12.741,-61.608,44.647,-94.25,-0.686,-111.582,-45.717,-90.465,-0.143,-36.376,,"kneesohime",0.013,-17.007,,"にゃんこ65K",-20.602,-48.758,,"Metalu",-10.599,-62.02,,"Parottey",20.761,-46.373,120,"CoalCat",12.718,-61.478,,"あくせる",44.633,-94.252,,"「yune」",-0.691,-111.562,,"Gonyong",-45.58,-90.591,,,,,,,,998.031,-18.737,-39.423,,,,995.957,21.047,-40.643,,,,,,,,,,,,,,,,,,,,,,,,,996.626,17.443,-40.954,,,,,,,,,,,,,"",3,0,"Parottey",,,,48,""
33,,3,0,0,1,1,2,0,0,0,0,255,255,255,13,1011.285,"Roscosmos",L,3,77,115,16.151,-2.97,-0.141,1.205,6.259,-0.434,-36.444,47.311,8,43,49,1,470.457,0,-17.156,2.573,-22.335,8,7,L,"Amellaid",160,80.447,0.439,,38,W,Y,0,,,,,,,,,,,,,,,,,,,,,,,,,,,,0,0,,,,,,,,,,,,,,,,,,,,,,,,,,,,,,,,,,,,,,-0.435,-37.434,0.041,-16.989,-21.298,-49.277,-9.192,-63.235,20.667,-46.898,12.764,-60.112,45.016,-90.238,-1.125,-111.245,-44.346,-90.923,,,,"",,,,"",,,,"",,,,"",,,,"",,,,"",,,,"",,,,"",,,,,,,,,,,,,,,,,,,,,,,,,,,,,,,,,,,,,,,,,,,,,,,,,,,,,,,,,,"",0,0,"",,,,0,""
34,,3,0,0,1,3,2,0,0,0,0,255,255,255,14,1058.486,"Roscosmos",L,35,83,134,-0.277,0.696,-0.466,1.382,0.064,2.165,-36.444,25.545,4,12,84,2,-121.067,161.367,-9.094,0,0,8,7,L,"Amellaid",160,80.447,0.439,5,38,W,Y,1,1059.378,255,184,90,0,0,129,72,-20.046,82.914,-0.048,1.031,-20.187,-0.93,0,0.444,-348.635,203.468,443.909,1059.332,-2.52,-20.487,,,,,,0,0,,,,,,,,,,,,,,,,,,,,,,,,,,,,,,,,,,,,,,-0.385,-37.655,-0.005,-16.878,-21.508,-48.821,-8.727,-63.027,20.382,-46.608,12.719,-60.02,45.412,-91.263,-0.959,-110.782,-44.805,-95.524,-0.129,-36.528,,"kneesohime",0.007,-16.898,,"にゃんこ65K",-21.009,-48.536,,"Metalu",-8.731,-63.021,,"Parottey",20.152,-46.31,,"CoalCat",12.756,-59.976,,"あくせる",45.315,-91.139,,"「yune」",-0.993,-110.794,,"Gonyong",-44.823,-95.503,,,,,,,,,,,,,,,,,,,,,,,,,,,,,,,,,,,,,,,,,,,,,,,,,,,,,,,,"",3,0,"",,,,0,""
35,,3,0,0,1,3,2,0,0,0,0,255,255,255,15,1072.905,"Roscosmos",L,35,88,140,-1.458,0.837,-0.613,1.356,-0.479,2.256,-36.444,33.183,11,15,74,2,-102.954,181.882,-6.349,0,0,8,7,L,"Amellaid",160,80.447,0.439,5,38,W,Y,1,1073.915,140,130,122,44,24,142,117,-30,27.824,-0.258,1.036,-19.577,0.76,0,0.398,-333.2,-361.492,-343.95,1073.832,-1.04,-21.061,1077.521,8,-34.356,0.057,-84.757,1,0,,1078.729,,,,,,,,,,,,,,,,,,,,,,,,,,,,,,,,,,,,-0.404,-38.087,0.024,-16.998,-21.258,-48.708,-10.067,-62.576,20.165,-46.451,12.763,-60.464,44.129,-92.646,-1.94,-109.072,-46.794,-95.748,-0.121,-36.25,,"kneesohime",0.025,-16.993,,"にゃんこ65K",-21.197,-48.714,85,"Metalu",-10.08,-62.58,,"Parottey",19.923,-46.347,,"CoalCat",12.785,-60.297,,"あくせる",44.115,-92.639,,"「yune」",-0.966,-110.255,,"Gonyong",-46.793,-95.574,101,1083.626,-0.733,-38.618,,,,1080.642,-19.567,-40.692,,,,,,,,,,,,,,,,1077.685,-34.986,-85.687,,,,,,,1082.61,-17.857,-40.447,,,,,,,,,,,,,,,,1078.76,-32.781,-77.739,"",2,0,"Gonyong",,,,17,""
36,,3,0,0,1,0,0,0,1,0,0,17,255,255,16,1097.94,"Roscosmos",L,36,89,140,0.602,0.515,-0.436,1.313,0.342,2.03,-36.444,39.064,2,20,78,2,-57.526,133.293,-4.459,0,0,0,3,R,"sano jpn",172.3,92.118,0.561,3,75,W,Y,1,1099.062,159,28,131,52,20,145,125,25.11,44.087,0.146,1.033,-19.313,0.69,0,0.274,217.696,527.685,-184.817,1103.821,-88.811,-91.583,,,,,,0,0,,,,,,,,,,,,1098.211,,,,,,,,,,,,,,,,,,,,,,,,,,-0.296,-37.325,0.036,-16.981,-19.859,-40.929,-12.845,-60.954,19.03,-50.037,8.579,-61.131,42.558,-98.768,-2.458,-107.662,-45.924,-93.604,-0.221,-36.611,,"kneesohime",0.089,-17.184,,"にゃんこ65K",-18.292,-43.049,,"Metalu",-12.653,-61.083,,"Parottey",18.95,-49.931,,"CoalCat",8.574,-61.093,,"あくせる",42.5,-100.049,,"「yune」",-2.457,-107.641,,"Gonyong",-45.955,-93.58,,,,,,,,,,,,,,,,,,,,,,,,,,,,,,,,,,,,,,,,,,,,,,,,,,,,,,,,"",3,0,"",,,,0,""
37,,3,0,0,1,0,1,0,1,0,0,17,255,255,17,1118.282,"Roscosmos",L,0,48,106,2.271,1.985,-0.274,1.542,0.977,2.822,-36.444,17.293,0,51,49,1,11.329,40.829,-0.481,0,0,0,3,R,"sano jpn",172.3,92.118,0.561,,75,W,Y,0,,,,,,,,,,,,,,,,,,,,,,,,,,,,0,0,,,,,,,,,,,,1118.584,,,,,,,,,,,,,,,,,,,,,,,,,,-0.239,-37.203,0.067,-17.038,-19.495,-41.886,-11.501,-61.105,19.121,-50.689,8.519,-62.007,41.294,-100.177,-2.592,-114.399,-52.907,-99.118,,,,"",,,,"",,,,"",,,,"",,,,"",,,,"",,,,"",,,,"",,,,,,,,,,,,,,,,,,,,,,,,,,,,,,,,,,,,,,,,,,,,,,,,,,,,,,,,,,"",0,0,"",,,,0,""
38,,3,0,0,1,1,1,0,1,0,0,17,255,255,18,1140.205,"Roscosmos",L,35,91,140,-2.194,-0.34,-0.367,1.099,0.673,1.239,-36.444,45.386,6,12,82,2,-34.34,200,-5.871,0,0,0,3,R,"sano jpn",172.3,92.118,0.561,3,75,W,Y,1,1141.226,106,102,142,92,41,137,111,9.981,18.476,0.273,0.579,-20.099,0.2,0.143,0.425,385.538,456.302,-56.113,1144.021,-28.149,-88.932,1149.587,8,-46.711,0.057,-119.75,1,0,,1146.152,1150.474,1155.314,,1145.825,1150.447,1154.955,,,,1140.449,,,,,,,,,,,,,,,,,,,,,,,,,,-0.293,-37.431,0.033,-17.265,-20.03,-41.072,-12.061,-61.89,18.804,-49.952,7.882,-61.547,41.273,-100.192,-1.828,-114.585,-52.877,-99.124,0.017,-36.795,,"kneesohime",0.051,-17.445,112,"にゃんこ65K",-18.131,-43.786,,"Metalu",-12.052,-61.846,104,"Parottey",20.235,-49.706,,"CoalCat",7.92,-61.426,,"あくせる",41.269,-100.19,,"「yune」",-1.826,-114.583,,"Gonyong",-52.929,-99.059,107,1162.193,0.244,-37.891,1156.439,0.115,-20.335,,,,1153.523,-8.319,-69.954,,,,,,,,,,,,,1149.743,-46.304,-118.836,,,,1161.267,-0.009,-17.763,,,,1154.253,-7.568,-65.46,,,,,,,,,,,,,1150.805,-45.902,-115.009,"",2,0,"Gonyong",1145.825,1150.447,1154.955,133,""
39,,3,0,0,2,0,0,0,0,0,1,255,255,13,19,1181.286,"Roscosmos",L,35,89,124,0.557,-0.907,-0.537,1.097,-0.147,1.306,-36.444,50.493,16,14,70,2,-135.962,197.231,-0.791,0,0,1,5,L,"눈꽃",169.832,85,0.497,0,75,W,Y,0,1182.355,251,155,61,89,29,138,130,-1.85,-20.511,0.004,0.576,-20.285,0.61,0,0.366,-149.508,-570.139,-112.199,1182.265,3.571,-29.502,1183.809,5,15.122,0.056,-56.733,1,0,,1187.524,,,,,,,,,,,,1181.467,,,,,,,,,,,,,,,,,,,,,,,,-0.462,-37.552,-0.059,-16.851,-20.033,-49.497,-7.463,-60.352,18.31,-39.789,12.764,-61.026,45.951,-96.082,0.526,-112.584,-47.173,-97.407,-0.259,-36.407,,"kneesohime",-0.066,-16.869,114,"にゃんこ65K",-20.039,-49.48,,"Metalu",-8.174,-61.185,,"Parottey",17.952,-41.4,,"CoalCat",12.743,-61.008,102,"あくせる",45.944,-96.078,,"「yune」",0.525,-112.582,,"Gonyong",-47.174,-97.395,,1196.402,0.909,-36.954,1186.939,0.712,-21.591,,,,,,,,,,1183.965,14.993,-57.975,,,,,,,,,,,,,1195.572,-0.075,-18.359,,,,,,,,,,1185.406,11.635,-51.779,,,,,,,,,,"",2,0,"CoalCat",,1187.989,,68,""
40,,3,0,0,2,0,0,0,1,0,1,15,255,13,20,1211.774,"Roscosmos",L,35,95,140,-1.438,0.393,-0.557,1.311,-0.484,2.022,-36.444,42.161,19,8,74,0,-109.291,200,-3.004,0,0,2,6,L,"Pring__",174.8,91.089,0.455,,75,W,Y,0,,,,,,,,,,,,,,,,,,,,,,,,,,,,0,0,,,,,,,,,,,,1227.403,,1212.022,,,,,,,,,,,,,,,,,,,,,,,,-0.448,-37.287,-0.04,-17.331,-20.01,-41.099,-9.294,-61.369,19.038,-42.774,13.33,-60.432,47.872,-98.631,0.169,-111.884,-41.322,-96.309,,,,"",,,,"",,,,"",,,,"",,,,"",,,,"",,,,"",,,,"",,,,1218.78,-1.037,-37.977,,,,,,,,,,,,,,,,,,,,,,,,,,,,,,,,,,,,,,,,,,,,,,,,,,,,"",0,0,"",,1212.145,,0,""
41,,3,0,0,2,0,1,0,1,0,1,15,255,13,21,1229.473,"Roscosmos",L,13,77,115,2.305,-0.482,-0.405,1.269,0.349,1.722,-36.444,30.602,7,40,53,1,388.861,287.84,-8.43,0,0,2,6,L,"Pring__",174.8,91.089,0.455,,75,W,Y,0,,,,,,,,,,,,,,,,,,,,,,,,,,,,0,0,,,,,,1232.718,,,,,,,,,,,,,,,,,,,,,,,,,,,,,,,,-0.382,-37.255,0.194,-17.248,-19.933,-40.896,-9.969,-62.118,19.331,-43.113,12.973,-60.52,49.907,-99.573,-0.171,-111.737,-41.426,-96.345,,,,"",,,,"",,,,"",,,,"",,,,"",,,,"",,,,"",,,,"",,,,1232.248,-0.172,-37.488,,,,,,,,,,,,,,,,,,,,,,,,,,,,,,,,,,,,,,,,,,,,,,,,,,,,"",0,0,"",1232.718,1233.652,,0,""
42,,3,0,0,2,1,1,0,0,1,1,255,15,13,22,1251.105,"Roscosmos",L,35,94,140,-0.539,-0.201,-0.511,1.229,-0.04,1.705,-36.444,44.476,15,11,73,2,-134.298,198.135,-1.786,0,0,2,6,L,"Pring__",174.8,91.089,0.455,3,75,W,Y,1,1251.981,230,172,100,87,4,145,126,-30,-41.122,-0.061,0.817,-19.922,0.65,0,0.498,169.929,-487.635,305.51,1251.843,1.083,-21.227,1252.954,4,16.662,1.89,-38.938,0,1,,1257.286,,,,,,,1263.211,,,,1256.394,1251.464,1253.843,0,3,309,0,1256.573,2,,147,32,,,,,,,,,,,,,,-0.416,-37.338,0.063,-17.243,-20.327,-46.857,-9.404,-61.234,18.931,-41.235,14.124,-58.755,49.862,-99.572,0.897,-110.773,-41.24,-96.396,-0.442,-36.51,,"kneesohime",0.051,-17.249,,"にゃんこ65K",-20.181,-47.325,104,"Metalu",-10.616,-60.804,,"Parottey",18.98,-41.388,120,"CoalCat",14.187,-58.593,,"あくせる",49.835,-99.541,,"「yune」",0.895,-110.777,,"Gonyong",-41.297,-96.362,,1269.265,-0.863,-37.499,,,,1255.949,-18.857,-39.28,,,,1253.291,17.57,-39.805,,,,,,,,,,,,,,,,,,,1261.497,-13.879,-40.966,,,,1254.627,15.151,-39.05,,,,,,,,,,,,,"",2,0,"Parottey",1256.262,1253.713,,48,""
43,,3,0,0,2,0,0,2,0,0,1,255,255,15,23,1283.96,"Roscosmos",L,35,95,140,0.502,-1.659,-0.381,1.027,0.39,0.729,-36.444,63.434,13,17,69,1,-138.377,168.487,16.56,0,0,3,9,L,"Ainy4／あいにゃ",188.5,85,0.512,,75,W,Y,0,,,,,,,,,,,,,,,,,,,,,,,,,,,,0,0,,,,,,,,,,,,,,,,,,,,,,,,,,,,,,,,,,,,,,-0.315,-37.365,0.093,-17.273,-20.552,-48.961,-10.122,-62.23,19.54,-41.133,12.786,-60.114,51.572,-100.724,3.585,-114.39,-42.206,-94.986,,,,"",,,,"",,,,"",,,,"",,,,"",,,,"",,,,"",,,,"",,,,1288.449,-0.648,-37.174,,,,,,,,,,,,,,,,,,,,,,,,,,,,,,,,,,,,,,,,,,,,,,,,,,,,"",0,0,"",,1286.679,,0,""
44,,3,0,0,2,1,0,2,0,0,1,255,255,15,24,1301.207,"Roscosmos",L,35,91,140,1.183,-0.337,-0.34,1.237,0.704,1.634,-36.444,37.858,7,18,75,2,-109.597,200,6.041,0,0,3,9,L,"Ainy4／あいにゃ",188.5,85,0.512,3,75,W,Y,1,1302.208,255,70,72,67,0,144,126,7.276,-0.28,0.225,0.922,-20.718,0.71,0,0.519,-550.111,-237.255,-32.987,1303.465,1.478,-66.938,1305.187,7,3.212,0.055,-100.437,1,0,,1307.7,,,,,,,,,1306.341,,,1301.319,,,,,,,,,,,,,,,,,,,,,,,,-0.363,-37.571,0.104,-16.991,-21.305,-48.685,-9.867,-63.48,18.954,-41.583,12.755,-60.02,51.313,-100.384,1.421,-114.117,-43.977,-100.778,-0.118,-36.704,,"kneesohime",0.161,-17.233,,"にゃんこ65K",-20.847,-48.542,,"Metalu",-9.868,-63.468,,"Parottey",18.995,-43.255,62,"CoalCat",12.847,-59.944,,"あくせる",51.307,-100.379,,"「yune」",1.392,-114.09,88,"Gonyong",-43.959,-100.757,,1316.279,1.071,-39.422,,,,,,,,,,1309.425,16.704,-45.463,,,,,,,1305.427,3.22,-101.953,,,,,,,,,,,,,,,,1314.907,19.158,-41.658,,,,,,,1306.616,3.495,-94.372,,,,"",2,0,"「yune」",,,1306.341,288,""
45,,3,0,0,3,0,0,2,1,0,0,19,255,255,25,1330.236,"Roscosmos",L,35,86,139,-2.489,-1.832,-0.614,1.01,-0.944,0.664,-36.444,67.904,14,12,75,1,-90.554,200,-7.963,0,0,4,4,R,"_이누_",190,90.478,0.447,,75,W,Y,0,,,,,,,,,,,,,,,,,,,,,,,,,,,,0,0,,,,,,,,,,,,1330.435,,,,,,,,,,,,,,,,,,,,,,,,,,-0.393,-37.521,0.01,-17.353,-20.46,-45.466,-10.482,-61.747,19.829,-50.173,9.644,-61.488,42.865,-102.388,-9.464,-117.749,-50.175,-99.04,,,,"",,,,"",,,,"",,,,"",,,,"",,,,"",,,,"",,,,"",,,,1335.165,-0.191,-36.859,,,,,,,,,,,,,,,,,,,,,,,,,,,,,,,,,,,,,,,,,,,,,,,,,,,,"",0,0,"",,,,0,""
46,,3,0,0,3,1,0,2,1,0,0,19,255,255,26,1349.683,"Roscosmos",L,35,81,131,1.467,-1.527,-0.389,1.182,0.241,1.373,-36.444,55.368,0,14,86,2,-97.674,200,4.337,0,0,4,4,R,"_이누_",190,90.478,0.447,0,75,W,Y,1,1350.807,248,129,137,101,31,145,112,13.455,8.332,0.039,0.738,-20.326,-0.02,0,0.269,246.336,539.215,92.551,1354.243,-20.783,-102.989,1359.954,7,-31.19,0.056,-125.345,1,0,,1356.544,1361.202,1372.583,,1355.688,1360.701,1373.288,,,,1349.827,,,,,,,,,,,,,,,,,,,,,,,,,,-0.285,-37.559,0.05,-17.033,-20.432,-46.556,-12.578,-61.256,20.176,-50.094,9.733,-61.403,42.034,-101.832,-2.979,-111.845,-50.173,-99.085,-0.048,-36.551,,"kneesohime",0.058,-17.048,130,"にゃんこ65K",-20.255,-46.786,78,"Metalu",-12.568,-61.227,106,"Parottey",19.955,-49.969,,"CoalCat",9.827,-61.35,,"あくせる",41.993,-101.756,,"「yune」",-2.964,-111.838,86,"Gonyong",-50.131,-99.056,,1387.423,-0.922,-38.612,1371.172,11.131,-9.853,1373.009,-6.646,-26.284,1364.655,-5.092,-73.102,,,,,,,,,,1360.167,-31.243,-125.42,,,,,,,1372.213,7.551,-12.868,1386.678,-11.264,-35.849,1365.345,-4.447,-70.496,,,,,,,,,,1361.709,-25.884,-119.82,,,,"",2,0,"「yune」",1355.688,1360.701,1373.288,404,""
47,,3,0,0,4,0,0,2,0,0,1,255,255,14,27,1426.264,"Roscosmos",L,35,84,136,-1.08,-0.236,-0.504,1.248,-0.335,1.67,-36.444,51.639,9,17,74,0,-86.757,200,-2.772,0,0,5,1,L,"IbikiKai_JP",190,85.479,0.4,,74,W,Y,0,,,,,,,,,,,,,,,,,,,,,,,,,,,,0,0,,,,,,,,,,,,,,1426.929,,,,,,,,,,,,,,,,,,,,,,,,-0.358,-37.538,-0.007,-16.53,-21.351,-49.801,-10.135,-62.55,18.681,-40.583,13.034,-59.73,47.502,-96.698,-1.102,-116.354,-45.824,-94.799,,,,"",,,,"",,,,"",,,,"",,,,"",,,,"",,,,"",,,,"",,,,1430.554,-0.356,-37.213,,,,,,,,,,,,,,,,,,,,,,,,,,,,,,,,,,,,,,,,,,,,,,,,,,,,"",0,0,"",,1428.966,,0,""
48,,3,0,0,4,0,1,2,0,0,1,255,255,14,28,1443.659,"Roscosmos",L,0,57,112,-1.019,0.705,-0.572,1.379,-0.426,2.075,-36.444,22.45,8,92,0,2,0,0,-10.31,0,0,5,1,L,"IbikiKai_JP",190,85.479,0.4,3,74,W,Y,1,1444.836,255,107,105,108,57,145,87,39.553,-41.313,-0.197,1.306,-20.789,-1,0,0.416,13.788,529.231,-282.354,1449.187,38.983,-76.748,1449.854,6,40.218,0.666,-79.17,1,0,,1450.631,,,,,,,,,1451.197,,,1443.995,,,,,,,,,,,,,,,,,,,,,,,,-0.501,-37.626,0.005,-16.513,-21.435,-49.888,-10.551,-62.838,19.125,-40.176,11.969,-60.36,47.554,-96.694,-0.875,-116.419,-44.936,-96.881,-0.527,-36.882,,"kneesohime",0.012,-16.568,,"にゃんこ65K",-21.215,-49.706,,"Metalu",-10.514,-62.868,,"Parottey",18.758,-40.727,72,"CoalCat",12.081,-60.273,,"あくせる",47.559,-96.689,129,"「yune」",-0.885,-116.426,,"Gonyong",-44.938,-96.834,,1455.919,-0.281,-37.904,,,,,,,,,,1452.587,19.732,-41.002,,,,1450.106,40.489,-79.511,,,,,,,,,,,,,,,,,,,1454.785,17.488,-40.163,,,,1451.18,34.988,-75.049,,,,,,,"",2,0,"あくせる",,,1451.197,40,""
49,,3,0,0,5,0,0,2,1,0,0,11,255,255,29,1564.671,"Roscosmos",L,35,82,134,1.586,-0.101,-0.344,1.185,0.823,1.737,-36.444,49.358,7,10,82,2,-99.278,193.679,0.385,0,0,6,2,R,"레이나2",179.9,80.118,0.403,3,67,W,Y,1,1565.745,255,56,83,52,22,145,124,6.507,1.049,0.284,0.948,-20.715,0.25,0,0.148,-565.341,-182.02,85.194,1566.854,0.162,-62.258,1568.643,7,-0.612,0.059,-97.927,1,0,,1571.146,,,,1570.905,,,,,,,,,,,,,,,,,,,,,,,,,,,,,,,,-0.377,-37.705,0.133,-16.816,-20.706,-42.018,-11.077,-62.243,20.114,-49.869,10.08,-62.716,41.69,-97.664,-3.179,-111.679,-44.806,-93.784,-0.015,-36.784,,"kneesohime",0.145,-16.829,,"にゃんこ65K",-19.385,-45.14,,"Metalu",-11.367,-62.121,,"Parottey",19.977,-49.652,,"CoalCat",10.048,-62.618,76,"あくせる",41.678,-97.664,,"「yune」",-3.119,-111.145,113,"Gonyong",-44.956,-94.547,,1575.413,-0.365,-37.751,,,,,,,,,,,,,1571.427,-0.177,-59.955,,,,1568.889,-0.545,-99.319,,,,,,,,,,,,,,,,,,,1574.43,0.69,-51.983,,,,1570.064,-0.14,-92.086,,,,"",2,0,"「yune」",1570.905,,,320,""
50,,3,0,0,5,0,0,2,1,1,0,12,11,255,30,1595.256,"Roscosmos",L,13,80,117,3.938,-1.256,-0.325,1.199,1.068,1.347,-36.444,34.601,9,48,43,3,350.805,356.28,-18.088,0.489,-20.975,7,8,R,"Dοpi",175.5,90,0.35,,74,W,Y,0,,,,,,,,,,,,,,,,,,,,,,,,,,,,0,0,,,,,,,,,,,,,,,,,,,,,,,,,,,,,,,,,,,,,,-0.432,-37.588,0.018,-16.736,-21.502,-48.395,-12.131,-61.883,18.521,-47.766,8.671,-61.484,38.031,-96.049,-0.739,-105.665,-41.124,-93.877,,,,"",,,,"",,,,"",,,,"",,,,"",,,,"",,,,"",,,,"",,,,,,,,,,,,,,,,,,,,,,,,,,,,,,,,,,,,,,,,,,,,,,,,,,,,,,,,,,"",6,0,"",,,,0,""
51,,3,0,0,5,0,0,2,1,1,1,18,12,11,31,1623.153,"Roscosmos",L,35,86,139,1.511,0.348,-0.334,1.276,0.825,2.004,-36.444,31.99,11,11,78,2,-115.757,184.257,-4.451,0,0,8,7,L,"Amellaid",160,80.447,0.439,5,74,W,Y,1,1624.04,234,251,135,27,28,145,106,27.09,-6.231,0.281,0.946,-20.346,0.83,0,0.417,348.073,-370.366,-318.864,1628.876,19.132,-109.566,1633.376,6,25.312,0.059,-130.629,1,0,,1629.244,1633.642,,,1628.406,1634.596,,1629.606,1634.381,1629.034,1623.27,,,,,,,,,,,,,,,,,,,,,,,,,,-0.405,-37.691,0.062,-16.98,-20.793,-47.349,-10.768,-61.685,18.769,-40.752,12.645,-60.828,42.152,-94.632,-0.645,-105.683,-40.74,-93.686,-0.309,-36.979,,"kneesohime",0.103,-17.052,,"にゃんこ65K",-20.053,-48.155,,"Metalu",-10.862,-61.641,,"Parottey",18.4,-42.409,,"CoalCat",14.021,-59.825,,"あくせる",42.061,-94.522,113,"「yune」",-0.651,-105.698,,"Gonyong",-40.727,-93.675,,1791.571,0.089,-38.256,,,,,,,,,,1638.736,18.397,-39.792,,,,1633.685,25.215,-130.38,,,,,,,,,,,,,,,,,,,,,,,,,1634.866,21.201,-124.189,,,,,,,"",2,0,"あくせる",1628.406,1629.606,1629.034,40,""
52,,3,0,0,7,0,0,2,0,1,1,255,17,18,32,1799.65,"Gonyong",R,32,76,127,2.993,-2.77,0.444,1.557,0.649,1.493,-37.149,44.391,79,18,3,2,194.246,-166.461,8.603,0,0,0,3,R,"sano jpn",172.3,92.118,0.561,3,74,W,Y,1,1800.759,109,101,138,96,46,137,91,-18.942,-1.319,0.44,0.796,-20.198,-0.19,0.143,0.41,-589.403,-112.09,-6.319,1800.621,0.489,-22.272,1805.676,7,2.104,0.059,-95.92,1,0,,1805.782,,,,,,,1804.983,1809.575,1804.844,,1800.296,1799.651,,,,,,,,,,,,,,,,,,,,,,,,0.003,-37.75,0.054,-17.218,-21.085,-48.961,-11.961,-61.438,19.887,-47.643,11.973,-62.078,40.633,-99.116,-6.018,-115.201,-42.31,-88.006,-0.275,-37.167,,"kneesohime",0.093,-17.236,,"にゃんこ65K",-21.096,-48.926,,"Metalu",-11.961,-61.414,,"Parottey",19.402,-47.411,,"CoalCat",12.057,-62.028,,"あくせる",40.624,-99.121,,"「yune」",-6.512,-115.085,90,"Roscosmos",-41.996,-88.231,,1809.795,1.364,-40.671,,,,,,,,,,,,,,,,,,,1805.924,2.156,-96.782,,,,,,,,,,,,,,,,,,,,,,,,,1807.229,2.999,-88.381,,,,"",2,0,"「yune」",,1804.983,1804.844,256,""
53,,3,0,0,9,0,0,2,1,0,0,13,255,255,33,1833.441,"Gonyong",R,3,67,110,-0.492,0.827,0.433,1.718,0.601,2.075,-37.149,59.616,82,18,0,0,-404.458,0,4.714,0,0,1,5,L,"눈꽃",169.832,85,0.497,,74,W,Y,0,,,,,,,,,,,,,,,,,,,,,,,,,,,,0,0,,,,,,1836.664,,,,,,,,,,,,,,,,,,,,,,,,,,,,,,,,-0.071,-37.57,0.02,-17.17,-19.83,-41.313,-8.256,-61.113,22.308,-47.139,13.021,-61.141,44.861,-95.887,0.411,-113.269,-38.399,-85.486,,,,"",,,,"",,,,"",,,,"",,,,"",,,,"",,,,"",,,,"",,,,1843.385,-0.307,-38.686,,,,,,,,,,,,,,,,,,,,,,,,,,,,,,,,,,,,,,,,,,,,,,,,,,,,"",0,0,"",1836.664,,,0,""
54,,3,0,0,9,0,1,2,0,1,0,255,13,255,34,1857.211,"Gonyong",R,3,68,98,-1.842,0.75,0.349,1.764,0.139,2.045,-37.149,58.275,79,18,2,2,-412.403,0,8.441,0,0,1,5,L,"눈꽃",169.832,85,0.497,5,74,W,Y,0,1858.451,190,246,96,83,53,145,98,-1.667,79.037,-0.332,1.158,-20.555,-0.2,0,0.537,342.454,-48.544,-490.274,1858.765,-17.281,-23.877,,,,,,0,0,,,,,,,,,,,,,1877.473,,,,,,,,,,,,,,,,,,,,,,,,,-0.074,-37.905,0.002,-17.163,-20.839,-48.923,-3.723,-60.723,21.452,-46.749,12.987,-61.125,44.697,-96.243,1.446,-115.459,-36.347,-90.428,-0.322,-37.461,,"kneesohime",-0.006,-17.188,,"にゃんこ65K",-20.642,-49.233,,"Metalu",-6.343,-62.09,,"Parottey",20.887,-46.03,,"CoalCat",13.099,-61.023,,"あくせる",44.705,-96.232,,"「yune」",1.346,-117.192,,"Roscosmos",-36.347,-90.489,,,,,,,,,,,,,,,,,,,,,,,,,,,,,,,,,,,,,,,,,,,,,,,,,,,,,,,,"",3,0,"",1861.797,,,0,""
55,,3,0,0,9,0,2,2,0,1,0,255,13,255,35,1877.731,"Gonyong",R,13,75,101,-2.333,-1.23,0.229,1.558,-0.232,1.547,-37.149,28.533,61,39,0,2,-336.542,340.081,8.181,0,0,1,5,L,"눈꽃",169.832,85,0.497,5,74,W,Y,0,1878.94,143,215,70,73,35,140,127,28.474,69.234,-0.403,0.566,-20.563,0.48,0,0.412,-527.787,-31.578,283.626,1883.01,-95.589,-59.471,,,,,,0,0,,,,,,,,,,,,,1884.747,,,,,,,,,,,,,,,,,,,,,,,,,-0.098,-37.768,-0.051,-17.324,-21.065,-49.062,-2.656,-61.836,21.099,-47.333,12.632,-60.988,43.733,-95.144,-2.919,-113.126,-38.465,-89.49,-0.315,-37.624,,"kneesohime",-0.143,-17.475,,"にゃんこ65K",-20.799,-48.854,,"Metalu",-5.402,-62.48,,"Parottey",20.583,-46.907,,"CoalCat",12.689,-60.913,,"あくせる",43.659,-95.032,,"「yune」",-2.918,-113.131,,"Roscosmos",-38.119,-89.002,,,,,,,,,,,,,,,,,,,,,,,,,,,,,,,,,,,,,,,,,,,,,,,,,,,,,,,,"",3,0,"",1884.366,,,0,""
56,,3,0,0,9,0,2,2,0,1,0,255,13,255,36,1895.81,"Gonyong",R,3,54,103,1.675,1.039,0.617,1.732,1.318,2.203,-37.149,66.644,70,26,4,2,-281.188,0,8.081,0,0,1,5,L,"눈꽃",169.832,85,0.497,5,74,W,Y,0,1897.037,255,145,105,85,56,145,127,28.181,-87.848,0.32,1.247,-20.65,0.48,0,0.403,44.489,213.488,-558.966,1900.954,100.923,-28.929,,,,,,0,0,,,,,,,,,,,,,1902.314,,,,,,,,,,,,,,,,,,,,,,,,,0.061,-37.8,-0.029,-17.389,-21.189,-50.321,-1.489,-61.569,21.123,-48.441,12.461,-60.846,43.318,-95.844,0.1,-113.786,-37.032,-91.85,-0.048,-37.546,,"kneesohime",-0.02,-17.488,,"にゃんこ65K",-21.278,-50.133,,"Metalu",-4.496,-60.964,,"Parottey",21.096,-48.257,,"CoalCat",12.487,-60.695,,"あくせる",43.205,-95.722,,"「yune」",0.099,-113.784,,"Roscosmos",-37.028,-91.869,,,,,,,,,,,,,,,,,,,,,,,,,,,,,,,,,,,,,,,,,,,,,,,,,,,,,,,,"",3,0,"",1901.732,,,0,""
57,,3,0,0,9,0,2,2,0,1,0,255,13,255,37,1913.325,"Gonyong",R,13,77,115,-0.151,-1.355,0.454,1.43,0.695,1.032,-37.149,35.436,54,46,0,2,-355.04,352.06,0.784,0,0,1,5,L,"눈꽃",169.832,85,0.497,0,74,W,Y,0,1914.487,172,190,62,71,49,138,95,33.337,19.789,-0.023,0.477,-20.449,-0.24,0,0.365,520.755,169.561,-245.078,1919.443,-29.453,-94.542,1919.654,8,-28.238,2.82,-91.773,0,0,,1919.592,,,,,,,1918.39,,,,,,1919.846,1,,457,0,,,,,,,,,,,,,,,,,,,0.003,-37.888,0.01,-17.465,-21.424,-49.018,-3.442,-62.445,21.618,-46.924,12.835,-60.921,47.862,-95.761,7.361,-115.492,-38.268,-92.303,-0.087,-37.409,,"kneesohime",0.1,-17.533,,"にゃんこ65K",-21.353,-49.065,,"Metalu",-5.85,-61.884,,"Parottey",21.577,-46.823,,"CoalCat",12.849,-60.923,,"あくせる",47.757,-95.65,,"「yune」",7.456,-115.636,,"Roscosmos",-38.276,-92.315,,,,,,,,,,,,,,,,,,,,,,,,,,1919.858,-28.442,-92.618,,,,,,,,,,,,,,,,,,,,,,,,,,,,"",1,0,"Roscosmos",,1918.39,,1,""
58,SIDE,3,0,0,9,0,0,2,0,1,0,255,13,255,,1922.469,,,,,,,,,,,,,,,,,,,,,,,2,,,,,,,,,,,,,,,,,,,,,,,,,,,,,,,,,,,,,,,0,0,,,,,,,,,,,,,,,,,,,,,,,,,,,,,,,,,,,,,,,,,,,,,,,,,,,,,,,,,,,,,,,,,,,,,,,,,,,,,,,,,,,,,,,,,,,,,,,,,,,,,,,,,,,,,,,,,,,,,,,,,,,,,,,,,,,,,,,,,,,,,,,,,"",0,0,"",,,,0,""
59,,4,1,0,9,0,0,0,0,0,0,255,255,255,15,1958.204,"Pugeuk",R,27,84,137,0.822,-0.62,0.543,1.39,0.454,1.135,-36.595,19.614,53,47,0,2,-93.485,-103.104,8.503,0,0,4,2,R,"にゃんこ65K",190,91.072,0.596,5,91,W,Y,0,1959.313,200,50,145,79,42,145,111,20.604,-55.462,0.143,0.766,-20.125,0.05,0,0.241,360.071,438.078,196.053,1964.187,78.661,-85.138,,,,,,0,0,,,,,,,,,,,,,,,,,,,,,,,,,,,,,,,,,,,,,,0.215,-37.912,0.046,-17.071,-21.01,-46.901,-15.838,-63.248,25.007,-51.841,13.041,-65.098,49.349,-96.304,-1.052,-121.894,-53.725,-100.432,0.457,-36.785,,"IbikiKai_JP",0.046,-17.131,,"레이나2",-20.962,-46.753,,"sano jpn",-16.876,-65.092,,"_이누_",24.442,-52.495,,"눈꽃",13.006,-65.035,,"Pring__",49.18,-96.228,,"Amellaid",-0.859,-121.898,,"Dοpi",-54.026,-99.979,,,,,,,,,,,,,,,,,,,,,,,,,,,,,,,,,,,,,,,,,,,,,,,,,,,,,,,,"",3,0,"",,,,0,""
60,,4,1,0,9,0,1,0,0,0,0,255,255,255,16,1982.857,"Pugeuk",R,3,72,101,1.274,0.266,0.891,1.814,1.382,1.792,-36.595,40.662,81,15,4,0,-407.182,0,24,0,0,4,2,R,"にゃんこ65K",190,91.072,0.596,,91,W,Y,1,,,,,,,,,,,,,,,,,,,,,,,,,,,,0,0,,,,,,,,,,,,,,,,,,,,,,,,,,,,,,,,,,,,,,0.37,-37.468,0.046,-17.055,-21.184,-46.865,-16.997,-62.198,24.897,-52.17,14.743,-64.023,51.429,-96.355,-3.535,-121.75,-53.254,-100.016,,,,"",,,,"",,,,"",,,,"",,,,"",,,,"",,,,"",,,,"",,,,,,,,,,,,,,,,,,,,,,,,,,,,,,,,,,,,,,,,,,,,,,,,,,,,,,,,,,"",0,0,"",,,,0,""
61,,4,1,0,9,0,2,0,0,0,0,255,255,255,17,2000.115,"Pugeuk",R,6,85,110,2.135,-0.967,0.463,1.454,0.055,1.014,-36.595,11.607,49,51,0,2,466.546,0,18.775,0,0,4,2,R,"にゃんこ65K",190,91.072,0.596,5,91,W,Y,1,2001.274,169,106,143,99,46,145,101,0,-84.756,0.396,0.65,-20.4,-0.43,0,0.194,186.502,527.133,217.596,2001.587,15.864,-22.121,,,,,,0,0,,,,,,,,,,,,,,,,,,,,,,,,,,,,,,,,,,,,,,0.195,-37.346,0.026,-17.166,-21.197,-46.941,-16.991,-62.155,24.686,-52.108,13.637,-64.648,50.495,-97.207,-3.655,-121.669,-53.231,-100.019,0.661,-36.834,,"IbikiKai_JP",0.063,-17.397,,"레이나2",-20.937,-46.852,,"sano jpn",-17.862,-64.852,,"_이누_",24.549,-51.858,,"눈꽃",13.64,-64.622,,"Pring__",50.495,-97.215,,"Amellaid",-3.343,-121.621,,"Dοpi",-53.18,-99.976,,,,,,,,,,,,,,,,,,,,,,,,,,,,,,,,,,,,,,,,,,,,,,,,,,,,,,,,"",3,0,"",,,,0,""
62,,4,1,0,9,0,2,0,0,0,0,255,255,255,18,2020.69,"Pugeuk",R,3,81,108,-2.825,-0.788,0.3,1.567,-0.452,1.259,-36.595,20.377,40,60,0,4,-415.256,98.235,20.187,0,0,4,2,R,"にゃんこ65K",190,91.072,0.596,,91,W,Y,1,,,,,,,,,,,,,,,,,,,,,,,,,,,,0,0,,,,,,,,,,,,,,,2023.457,4,,578,0,,,,,,,,,,,,,,,,,,,0.038,-37.497,-0.136,-17.339,-21.172,-47.133,-17.009,-62.317,23.907,-52.94,13.978,-64.237,47.052,-102.457,-3.766,-120.811,-55.184,-90.88,,,,"",,,,"",,,,"",,,,"",,,,"",,,,"",,,,"",,,,"",,,,,,,,,,,,,,,,,,,,,,,,,,,,,,,,,,,,,,,,,,,,,,,,,,,,,,,,,,"",0,0,"",,,,0,""
63,,4,1,0,9,0,0,1,0,0,0,255,255,255,19,2045.723,"Pugeuk",R,27,92,140,0.968,-1.119,0.555,1.487,0.512,0.802,-36.595,15.82,55,45,0,2,-91.285,-120.691,9.733,0,0,5,4,R,"Parottey",190,84,0.442,5,74,W,Y,1,2046.777,115,187,119,38,22,137,118,-30,-49.496,0.154,0.527,-19.571,0.84,0,0.342,-285.872,-255.669,461.423,2046.531,0.877,-20.186,,,,,,0,0,,,,,,,,,,,,,,,,,,,,,,,,,,,,,,,,,,,,,,0.278,-37.441,0.034,-17.109,-21.157,-46.92,-16.078,-63.165,25.224,-52.857,13.304,-65.16,47.088,-102.452,-6.127,-122.082,-48.264,-98.464,0.612,-36.894,,"IbikiKai_JP",0.063,-17.213,,"레이나2",-21.124,-46.794,,"sano jpn",-18.081,-64.852,,"_이누_",24.893,-52.791,,"눈꽃",11.183,-65.739,,"Pring__",47.052,-102.399,,"Amellaid",-6.219,-122.051,,"Dοpi",-48.258,-98.46,,,,,,,,,,,,,,,,,,,,,,,,,,,,,,,,,,,,,,,,,,,,,,,,,,,,,,,,"",3,0,"",,,,0,""
64,,4,1,0,9,0,1,1,0,0,0,255,255,255,20,2066.896,"Pugeuk",R,14,81,108,1.597,-1.309,0.554,1.6,0.336,1.33,-36.595,18.065,54,46,0,2,181.312,400,-2.887,0,0,5,4,R,"Parottey",190,84,0.442,3,74,W,Y,1,2068.108,238,99,137,88,57,145,87,-30,-58.636,0.296,0.626,-21.162,1,0,0.651,-498.685,223.071,-248.099,2067.921,1.821,-22.093,,,,,,0,0,,,,,,,,,,,,,,,,,,,,,,,,,,,,,,,,,,,,,,0.266,-37.789,0.052,-17.141,-21.257,-46.681,-16.11,-63.068,24.307,-52.204,15.646,-63.68,48.124,-103.17,-2.861,-122.458,-49.674,-97.135,0.464,-36.891,,"IbikiKai_JP",0.063,-17.322,,"레이나2",-20.986,-46.601,,"sano jpn",-16.992,-65.177,,"_이누_",24.423,-52.126,,"눈꽃",15.624,-63.652,,"Pring__",48.084,-103.148,,"Amellaid",-3.229,-122.485,,"Dοpi",-50.35,-96.578,,,,,,,,,,,,,,,,,,,,,,,,,,,,,,,,,,,,,,,,,,,,,,,,,,,,,,,,"",3,0,"",,,,0,""
65,,4,1,0,9,0,2,1,0,0,0,255,255,255,21,2083.609,"Pugeuk",R,26,81,131,2.051,2.04,0.615,2.007,0.987,2.726,-36.595,40.769,87,11,2,1,-75.961,-171.378,3.76,0,0,5,4,R,"Parottey",190,84,0.442,,74,W,Y,0,,,,,,,,,,,,,,,,,,,,,,,,,,,,0,0,,,,,,,,,,,,,,,,,,,,,,,,,,,,,,,,,,,,,,0.237,-37.536,0.025,-16.963,-21.37,-46.753,-16.581,-62.484,23.898,-51.51,16.037,-63.378,50.04,-102.231,-1.078,-123.352,-50.031,-95.544,,,,"",,,,"",,,,"",,,,"",,,,"",,,,"",,,,"",,,,"",,,,,,,,,,,,,,,,,,,,,,,,,,,,,,,,,,,,,,,,,,,,,,,,,,,,,,,,,,"",0,0,"",,,,0,""
66,,4,1,0,9,1,2,1,0,0,0,255,255,255,22,2098.311,"Pugeuk",R,6,79,105,1.513,-0.731,0.38,1.524,-0.204,1.166,-36.595,15.119,48,52,0,2,432.427,0,21.18,0,0,5,4,R,"Parottey",190,84,0.442,0,74,W,Y,1,2099.51,83,134,113,68,56,129,86,25.706,38.392,0.278,0.746,-20.473,-0.8,0,0.587,390.923,370.905,-263.835,2103.765,-48.577,-73.636,2104.198,8,-48.415,0.338,-73.465,1,0,,2105.35,,,,,,,,,,,,,,,,,,,,,,,,,,,,,,,,,,,,0.131,-37.651,0.083,-17.134,-21.43,-46.871,-16.485,-62.75,24.815,-51.962,15.811,-63.654,51.34,-100.276,-1.958,-122.488,-50.331,-93.719,0.493,-36.948,,"IbikiKai_JP",0.083,-17.25,,"레이나2",-21.285,-46.757,80,"sano jpn",-17.349,-65.604,,"_이누_",24.787,-51.913,,"눈꽃",15.794,-63.637,,"Pring__",52.288,-99.469,,"Amellaid",-2.543,-122.363,,"Dοpi",-49.274,-93.748,104,2111.367,-0.628,-38.503,,,,2107.427,-20.218,-40.741,,,,,,,,,,,,,,,,2104.323,-49.035,-74.679,,,,,,,2110.26,-17.74,-39.859,,,,,,,,,,,,,,,,2105.719,-44.457,-68.224,"",2,0,"Dοpi",,,,192,""
67,,4,1,0,9,0,0,1,1,0,0,4,255,255,23,2132.274,"Pugeuk",R,26,86,139,1.794,0.829,0.623,1.618,0.826,1.901,-36.595,23.291,46,54,0,2,-46.885,-169.868,7.884,0,0,6,5,R,"CoalCat",169.5,82.838,0.435,3,74,W,Y,1,2133.313,221,139,100,100,39,145,80,13.908,-19.226,0.333,1.167,-20.515,-1,0,0.363,263.384,-521.146,137.972,,,,2135.576,5,16.636,2.331,-59.142,0,0,,,,,,,,,,,,2132.53,,,2135.977,6,,454,0,2138.284,5,1,659,2,,,,,,,,,,,,,,0.301,-37.52,0.068,-17.414,-20.177,-41.06,-13.553,-58.427,20.854,-50.532,11.362,-62.13,45.157,-99.218,-9.412,-114.026,-46.227,-88.615,0.583,-37.11,,"IbikiKai_JP",0.079,-17.446,,"레이나2",-20.221,-42.789,,"sano jpn",-14.295,-59.185,,"_이누_",20.968,-50.407,,"눈꽃",9.481,-61.995,103,"Pring__",45.151,-99.213,,"Amellaid",-9.382,-113.92,,"Dοpi",-46.237,-88.623,,,,,,,,2138.298,-18.343,-39.73,,,,,,,2135.987,16.729,-59.763,,,,,,,,,,,,,,,,,,,,,,,,,2136.497,14.343,-59.074,,,,,,,,,,"",1,0,"눈꽃",,,,66,""
68,SIDE,4,1,0,9,0,0,2,0,0,0,255,255,255,,2141.661,,,,,,,,,,,,,,,,,,,,,,,7,,,,,,,,,,,,,,,,,,,,,,,,,,,,,,,,,,,,,,,0,0,,,,,,,,,,,,,,,,,,,,,,,,,,,,,,,,,,,,,,,,,,,,,,,,,,,,,,,,,,,,,,,,,,,,,,,,,,,,,,,,,,,,,,,,,,,,,,,,,,,,,,,,,,,,,,,,,,,,,,,,,,,,,,,,,,,,,,,,,,,,,,,,,"",0,0,"",,,,0,""
69,,4,0,0,9,0,0,0,0,0,0,255,255,255,38,2180.033,"Gonyong",R,5,61,100,0.848,-0.302,0.471,1.517,0.518,1.453,-37.149,37.389,61,39,0,2,-70.115,0,0.645,0,0,2,6,L,"Pring__",174.8,91.089,0.455,3,74,W,Y,1,2181.113,255,153,80,98,77,145,126,-9.322,-32.858,0.177,0.914,-21.228,0.52,0,0.937,165.88,563.907,120.389,2181.054,3.265,-26.076,2182.209,4,16.13,0.062,-46.845,0,0,,2186.441,,,,,,,,,,,,,2185.204,2,,147,32,,,,,,,,,,,,,,,,,,,-0.005,-37.82,0.001,-17.308,-20.403,-50.24,-7.787,-62.627,21.21,-46.342,13.829,-61.427,48.602,-101.802,0.8,-113.058,-39.037,-92.789,-0.321,-37.819,,"kneesohime",0.108,-17.564,,"にゃんこ65K",-20.369,-50.258,101,"Metalu",-7.797,-62.615,,"Parottey",20.595,-45.314,112,"CoalCat",13.841,-61.428,,"あくせる",48.605,-101.799,,"「yune」",0.799,-113.054,,"Roscosmos",-36.602,-93.737,,2187.898,-0.598,-38.321,,,,2184.62,-18.586,-40.078,,,,2182.462,17.352,-47.915,,,,,,,,,,,,,,,,,,,2187.021,-17.574,-40.203,,,,2183.201,13.94,-47.165,,,,,,,,,,,,,"",2,0,"Parottey",,,,48,""
70,,4,0,0,9,0,0,1,0,0,0,255,255,255,39,2203.895,"Gonyong",R,4,66,101,0.414,-0.353,0.524,1.491,0.681,1.413,-37.149,41.778,51,49,0,0,-225.04,0,-3.702,0,0,3,9,L,"Ainy4／あいにゃ",188.5,85,0.512,,74,W,Y,0,,,,,,,,,,,,,,,,,,,,,,,,,,,,0,0,,,,,,,,,,,,,,,,,,,,,,,,,,,,,,,,,,,,,,0.019,-37.858,-0.019,-17.353,-21.716,-50.666,-5.177,-63.491,22.288,-48.149,14.729,-61.359,49.124,-98.639,1.243,-111.048,-37.443,-94.61,,,,"",,,,"",,,,"",,,,"",,,,"",,,,"",,,,"",,,,"",,,,2208.363,0,-37.591,,,,,,,,,,,,,,,,,,,,,,,,,,,,,,,,,,,,,,,,,,,,,,,,,,,,"",0,0,"",,,,0,""
71,,4,0,0,9,0,1,1,0,0,0,255,255,255,40,2223.045,"Gonyong",R,32,72,124,3.458,0.585,0.567,1.668,1.222,1.868,-37.149,55.76,85,15,0,1,158.104,-97.723,6.923,0,0,3,9,L,"Ainy4／あいにゃ",188.5,85,0.512,,74,W,Y,0,,,,,,,,,,,,,,,,,,,,,,,,,,,,0,0,,,,,,,,,,,,,,,,,,,,,,,,,,,,,,,,,,,,,,0.046,-37.8,0.019,-17.424,-21.861,-50.855,-5.243,-63.208,22.215,-48.349,14.359,-62.158,49.476,-99.812,1.495,-111.189,-36.236,-91.909,,,,"",,,,"",,,,"",,,,"",,,,"",,,,"",,,,"",,,,"",,,,2227.082,-0.202,-37.755,,,,,,,,,,,,,,,,,,,,,,,,,,,,,,,,,,,,,,,,,,,,,,,,,,,,"",0,0,"",,,,0,""
72,,4,0,0,9,1,1,1,0,0,0,255,255,255,41,2240.449,"Gonyong",R,10,57,91,-3.318,-0.687,-0.144,1.707,-1.389,1.882,-37.149,21.318,100,0,0,4,0,400,-4.159,-0.305,-20.928,3,9,L,"Ainy4／あいにゃ",188.5,85,0.512,,74,W,Y,1,,,,,,,,,,,,,,,,,,,,,,,,,,,,0,0,,,,,,,,,,,,,,,,,,,,,,,,,,,,,,,,,,,,,,-0.083,-37.709,-0.018,-17.476,-21.969,-50.977,-7.813,-64.498,22.657,-47.764,13.162,-63.224,49.451,-99.864,1.129,-111.019,-36.312,-91.907,,,,"",,,,"",,,,"",,,,"",,,,"",,,,"",,,,"",,,,"",,,,2247.957,-0.255,-37.866,,,,,,,,,,,,,,,,,,,,,,,,,,,,,,,,,,,,,,,,,,,,,,,,,,,,"",0,0,"",,,,0,""
73,,4,0,0,9,1,2,1,0,0,0,255,255,255,42,2263.435,"Gonyong",R,10,71,101,0.722,-2.499,0.402,1.169,0.303,0.711,-37.149,35.782,52,48,0,1,0,400,0.068,0.13,-20.235,3,9,L,"Ainy4／あいにゃ",188.5,85,0.512,,74,W,Y,0,,,,,,,,,,,,,,,,,,,,,,,,,,,,0,0,,,,,,,,,,,,,,,,,,,,,,,,,,,,,,,,,,,,,,0.001,-37.773,0.033,-17.278,-21.945,-49.962,-4.294,-65.511,22.293,-47.855,14.281,-62.237,49.421,-99.849,1.154,-111.029,-36.781,-91.776,,,,"",,,,"",,,,"",,,,"",,,,"",,,,"",,,,"",,,,"",,,,2267.377,-0.236,-37.82,,,,,,,,,,,,,,,,,,,,,,,,,,,,,,,,,,,,,,,,,,,,,,,,,,,,"",0,0,"",,,,0,""
74,,4,0,0,9,2,2,1,0,0,0,255,255,255,43,2284.006,"Gonyong",R,33,74,125,2.1,-0.75,0.447,1.402,0.662,1,-37.149,39.246,51,49,0,1,142.638,-137.618,-4.327,0,0,3,9,L,"Ainy4／あいにゃ",188.5,85,0.512,,74,W,Y,0,,,,,,,,,,,,,,,,,,,,,,,,,,,,0,0,,,,,,,,,,,,,,,,,,,,,,,,,,,,,,,,,,,,,,-0.071,-37.778,-0.009,-17.291,-21.096,-50.469,-8.747,-62.679,22.297,-47.585,14.19,-62.358,49.526,-100.24,1.28,-111.036,-37.189,-92.357,,,,"",,,,"",,,,"",,,,"",,,,"",,,,"",,,,"",,,,"",,,,2288.234,-0.318,-37.82,,,,,,,,,,,,,,,,,,,,,,,,,,,,,,,,,,,,,,,,,,,,,,,,,,,,"",0,0,"",,,,0,""
75,,4,0,0,9,3,2,1,0,0,0,255,255,255,44,2302.242,"Gonyong",R,10,73,116,1.471,-0.675,0.466,1.598,0.75,1.642,-37.149,38.081,89,11,0,0,-64.185,344.462,1.829,0,0,3,9,L,"Ainy4／あいにゃ",188.5,85,0.512,,74,W,Y,0,,,,,,,,,,,,,,,,,,,,,,,,,,,,0,0,,,,,,,,,,,,,,,2305.036,3,,578,0,,,,,,,,,,,,,,,,,,,0,-37.821,0.024,-17.284,-22.796,-51.012,-8.827,-63.006,21.946,-48.419,14.253,-62.401,48.987,-100.371,1.234,-111.035,-37.167,-92.092,,,,"",,,,"",,,,"",,,,"",,,,"",,,,"",,,,"",,,,"",,,,2308.681,-0.162,-38.373,,,,,,,,,,,,,,,,,,,,,,,,,,,,,,,,,,,,,,,,,,,,,,,,,,,,"",0,0,"",,,,0,""
76,,4,0,0,9,0,0,2,0,0,0,255,255,255,45,2327.425,"Gonyong",R,3,69,98,0.531,0.142,0.711,1.634,1.262,1.724,-37.149,53.52,81,19,0,0,-440.423,0,-6.512,0,0,4,4,R,"_이누_",190,90.478,0.447,,74,W,Y,0,,,,,,,,,,,,,,,,,,,,,,,,,,,,0,0,,,,,,,,,,,,,,,,,,,,,,,,,,,,,,,,,,,,,,0.058,-37.979,0.027,-17.281,-22.324,-50.861,-10.792,-64.274,20.026,-50.465,10.776,-63.567,43.877,-98.814,-0.838,-108.836,-39.814,-92.608,,,,"",,,,"",,,,"",,,,"",,,,"",,,,"",,,,"",,,,"",,,,2331.734,-0.292,-37.691,,,,,,,,,,,,,,,,,,,,,,,,,,,,,,,,,,,,,,,,,,,,,,,,,,,,"",0,0,"",,,,0,""
77,,4,0,0,9,0,1,2,0,0,0,255,255,255,46,2344.174,"Gonyong",R,13,78,115,0.18,-1.503,0.464,1.439,0.741,1.127,-37.149,25.679,34,66,0,2,-361.783,345.128,6.741,0,0,4,4,R,"_이누_",190,90.478,0.447,3,74,W,Y,1,2345.357,255,87,128,140,83,145,100,98.018,-80.141,0.038,0.458,-20.516,-0.37,0,0.268,-25.476,-69.081,595.465,,,,,,,,,0,0,,,,,,,,,,,,,,,,,,,,,,,,,,,,,,,,,,,,,,0.072,-37.844,0.039,-17.292,-22.165,-51.012,-10.6,-64.256,20.442,-51.831,10.73,-63.548,43.85,-98.777,-0.864,-108.812,-40.253,-93.031,-0.409,-38.063,,"kneesohime",0.042,-17.326,,"にゃんこ65K",-21.477,-51.408,,"Metalu",-10.539,-64.18,,"Parottey",20.135,-52.417,,"CoalCat",10.768,-63.366,,"あくせる",43.777,-98.697,,"「yune」",-0.861,-108.791,,"Roscosmos",-40.249,-93.018,,,,,,,,,,,,,,,,,,,,,,,,,,,,,,,,,,,,,,,,,,,,,,,,,,,,,,,,"",3,0,"",,,,0,""
78,,4,0,0,9,0,2,2,0,0,0,255,255,255,47,2361.136,"Gonyong",R,10,63,107,0.996,0.959,0.4,1.96,0.444,2.812,-37.149,51.69,88,10,2,0,-10.625,400,-3.936,0,0,4,4,R,"_이누_",190,90.478,0.447,,63,W,Y,0,,,,,,,,,,,,,,,,,,,,,,,,,,,,0,0,,,,,,,,,,,,,,,2364.006,4,,578,0,,,,,,,,,,,,,,,,,,,0.023,-37.856,0.035,-17.275,-22.465,-50.499,-10.029,-65.053,19.66,-50.751,10.12,-63.793,42.87,-99.568,-1.421,-108.208,-37.967,-95.207,,,,"",,,,"",,,,"",,,,"",,,,"",,,,"",,,,"",,,,"",,,,,,,,,,,,,,,,,,,,,,,,,,,,,,,,,,,,,,,,,,,,,,,,,,,,,,,,,,"",0,0,"",,,,0,""
79,SIDE,4,0,0,9,0,0,2,0,0,0,255,255,255,,2371.534,,,,,,,,,,,,,,,,,,,,,,,5,,,,,,,,,,,,,,,,,,,,,,,,,,,,,,,,,,,,,,,0,0,,,,,,,,,,,,,,,,,,,,,,,,,,,,,,,,,,,,,,,,,,,,,,,,,,,,,,,,,,,,,,,,,,,,,,,,,,,,,,,,,,,,,,,,,,,,,,,,,,,,,,,,,,,,,,,,,,,,,,,,,,,,,,,,,,,,,,,,,,,,,,,,,"",0,0,"",,,,0,""
80,,5,1,0,9,0,0,0,0,0,0,255,255,255,24,2406.011,"Pugeuk",R,6,90,113,-0.024,-0.104,0.166,1.507,-0.866,1.552,-36.595,10.524,58,42,0,0,477.979,0,12.602,0,0,7,3,L,"Metalu",173.6,82.749,0.433,,74,W,Y,0,,,,,,,,,,,,,,,,,,,,,,,,,,,,0,0,,,,,,,,,,,,,,,,,,,,,,,,,,,,,,,,,,,,,,-0.071,-37.465,0.015,-17.355,-20.815,-46.984,-15.198,-63.586,23.918,-50.146,14.488,-64.479,51.108,-95.59,1.221,-117.507,-42.029,-88.614,,,,"",,,,"",,,,"",,,,"",,,,"",,,,"",,,,"",,,,"",,,,,,,,,,,,,,,,,,,,,,,,,,,,,,,,,,,,,,,,,,,,,,,,,,,,,,,,,,"",0,0,"",,,,0,""
81,,5,1,0,9,0,1,0,0,0,0,255,255,255,25,2425.065,"Pugeuk",R,29,86,139,-1.033,0.516,0.408,1.605,-0.174,1.849,-36.595,21.915,63,37,0,2,-210.848,-54.808,14.328,0,0,7,3,L,"Metalu",173.6,82.749,0.433,0,74,W,Y,1,2426.077,107,23,77,36,13,135,96,45.136,-46.701,-0.203,1.085,-20.206,-0.13,0,0.104,259.426,113.219,529.037,2431.365,55.673,-76.778,2435.965,6,69.113,0.055,-92.302,1,0,,2431.091,2435.423,,,,,,,,,,,,,,,,,,,,,,,,,,,,,,,2442.983,4,,,0.029,-37.404,0.006,-17.413,-20.808,-47.122,-15.627,-63.568,23.773,-50.278,14.602,-64.512,50.275,-96.012,1.22,-117.554,-43.178,-90.283,0.353,-36.949,,"IbikiKai_JP",-0.044,-17.589,,"레이나2",-20.489,-47.069,,"sano jpn",-15.623,-63.564,,"_이누_",23.694,-50.072,79,"눈꽃",14.651,-64.501,,"Pring__",50.008,-95.247,85,"Amellaid",1.208,-117.551,,"Dοpi",-43.183,-90.285,,2447.134,2.313,-38.783,,,,,,,,,,2442.571,20.383,-39.826,,,,2436.179,68.779,-92.128,,,,,,,,,,,,,,,,,,,2446.166,17.294,-40.301,,,,2439.403,53.567,-81.291,,,,,,,"",2,0,"Pring__",2435.423,,,20,""
82,,5,1,0,9,0,0,0,0,1,0,255,3,255,26,2468.381,"Pugeuk",R,26,86,139,1.906,0.945,0.641,1.638,0.91,1.964,-36.595,19.963,46,54,0,1,-72.826,-197.289,19.274,0,0,8,7,R,"「yune」",174.8,85,0.32,,74,W,Y,0,,,,,,,,,,,,,,,,,,,,,,,,,,,,0,0,,,,,,,,,,,,,2468.773,,,,,,,,,,,,,,,,,,,,,,,,,0.318,-37.554,0.03,-17.412,-20.87,-46.533,-16.484,-62.412,22.22,-50.356,12.148,-59.87,53.08,-98.842,-5.402,-121.182,-45.003,-88.896,,,,"",,,,"",,,,"",,,,"",,,,"",,,,"",,,,"",,,,"",,,,2472.458,0.107,-37.269,,,,,,,,,,,,,,,,,,,,,,,,,,,,,,,,,,,,,,,,,,,,,,,,,,,,"",0,0,"",2470.875,,,0,""
83,,5,1,0,9,1,0,0,0,1,0,255,3,255,27,2488.89,"Pugeuk",R,3,65,94,-1.27,0.623,0.566,1.891,0.376,1.985,-36.595,38.959,83,17,0,0,-417.41,0,6.415,0,0,8,7,R,"「yune」",174.8,85,0.32,,74,W,Y,1,,,,,,,,,,,,,,,,,,,,,,,,,,,,0,0,,,,,,,,,,,,,2488.946,,,,,,,,,,,,,,,,,,,,,,,,,0.17,-37.328,0.048,-17.556,-20.943,-46.562,-16.296,-62.963,22.194,-51.51,11.429,-60.666,52.904,-98.732,-5.66,-119.501,-47.543,-88.907,,,,"",,,,"",,,,"",,,,"",,,,"",,,,"",,,,"",,,,"",,,,2493.621,0.028,-37.143,,,,,,,,,,,,,,,,,,,,,,,,,,,,,,,,,,,,,,,,,,,,,,,,,,,,"",0,0,"",2491.397,,,0,""
84,,5,1,0,9,1,1,0,0,1,0,255,3,255,28,2511.177,"Pugeuk",R,27,82,133,2.074,1.899,0.663,1.807,1.011,2.558,-36.595,30.022,88,12,0,4,-88.37,-141.932,14.068,-0.236,-6.298,8,7,R,"「yune」",174.8,85,0.32,,74,W,Y,1,,,,,,,,,,,,,,,,,,,,,,,,,,,,0,0,,,,,,,,,,,,,2511.261,,,,,,,,,,,,,,,,,,,2545.967,5,,,,,0.271,-37.404,0.105,-17.461,-21.2,-46.599,-16.295,-62.777,22.211,-50.852,10.749,-60.358,51.53,-99.321,-5.914,-119.511,-45.236,-94.103,,,120,"",,,,"",,,,"",,,,"",,,,"",,,,"",,,,"",,,,"",,,,2526.395,0.465,-38.587,,,,,,,,,,,,,,,,,,,,,,,,,2544.512,0.642,-41.853,,,,,,,,,,,,,,,,,,,,,,,,,"",0,0,"",2513.901,,,0,""
85,,5,1,0,9,1,2,0,0,1,0,255,3,255,29,2565.131,"Pugeuk",R,27,89,140,-2.649,-1.802,0.225,1.203,-1.023,0.433,-36.595,24.363,44,56,0,1,-102.068,-145.236,15.166,0,0,8,7,R,"「yune」",174.8,85,0.32,,28,W,Y,0,,,,,,,,,,,,,,,,,,,,,,,,,,,,0,0,,,,,,,,,,,,,2565.237,,,,,,,,,,,,,,,,,,,,,,,,,0.022,-37.405,0.01,-17.39,-21.122,-46.69,-15.969,-62.86,22.202,-49.627,7.908,-60.077,47.965,-102.935,-6.229,-119.599,-47.264,-89.236,,,,"",,,,"",,,,"",,,,"",,,,"",,,,"",,,,"",,,,"",,,,2569.855,0.118,-37.563,,,,,,,,,,,,,,,,,,,,,,,,,,,,,,,,,,,,,,,,,,,,,,,,,,,,"",0,0,"",2567.392,,,0,""
86,,5,1,0,9,2,2,0,0,1,0,255,3,255,30,2585.547,"Pugeuk",R,6,74,101,0.441,-0.747,0.187,1.552,-0.8,1.19,-36.595,19.766,52,48,0,0,459.091,0,29.503,0,0,8,7,R,"「yune」",174.8,85,0.32,,28,W,Y,0,,,,,,,,,,,,,,,,,,,,,,,,,,,,0,0,,,,,,,,,,,,,2586.491,,2588.366,8,,578,0,,,,,,,,,,,,,,,,,,,-0.146,-37.317,0.059,-17.452,-21.22,-46.47,-15.328,-63.051,22.691,-53.106,8.196,-61.13,49.559,-101.684,-5.087,-120.095,-46.8,-91.48,,,,"",,,,"",,,,"",,,,"",,,,"",,,,"",,,,"",,,,"",,,,2591.909,-0.338,-37.469,,,,,,,,,,,,,,,,,,,,,,,,,,,,,,,,,,,,,,,,,,,,,,,,,,,,"",0,0,"",2587.911,,,0,""
87,,5,1,0,9,1,0,1,0,1,0,255,3,255,31,2614.382,"Pugeuk",R,0,0,0,0,0,0,0,0,0,0,0,0,0,0,0,0,0,0,0,0,0,8,R,"Roscosmos",190,80,0.576,,74,W,Y,0,,,,,,,,,,,,,,,,,,,,,,,,,,,,0,0,,,,,,,,,,,,,2614.559,,,,,,,,,,,,,,,,,,,,,,,,,0.214,-37.586,0.043,-17.304,-21.027,-47.008,-15.653,-62.855,23.052,-50.961,11.443,-61.981,51.751,-102.732,-8.941,-117.539,-47.496,-92.557,,,,"",,,,"",,,,"",,,,"",,,,"",,,,"",,,,"",,,,"",,,,2627.061,0.373,-38.213,,,,,,,,,,,,,,,,,,,,,,,,,,,,,,,,,,,,,,,,,,,,,,,,,,,,"",0,0,"",,,,0,""
88,,5,1,0,9,1,0,1,0,1,0,255,3,255,32,2630.028,"Pugeuk",R,26,80,130,0.55,1.13,0.513,1.707,0.317,2.162,-36.595,19.983,88,12,0,2,-62.234,-170.183,2.679,0,0,0,8,R,"Roscosmos",190,80,0.576,5,74,W,Y,1,2630.874,133,106,141,103,71,141,87,36.864,0.067,0.1,1.449,-20.372,-1,0,0.281,594.497,64.022,-49.743,2635.954,-0.673,-88.371,2636.799,7,-0.771,0.916,-91.959,1,0,,2637.018,,,,,,,,,,,2630.872,,,,,,,,,,,,,,,,,,,,,,,,,0.245,-37.427,0.016,-17.34,-21.102,-46.849,-15.569,-62.995,23.681,-51.52,10.869,-60.972,51.751,-102.735,-9.234,-117.323,-47.577,-92.543,0.352,-37.084,,"IbikiKai_JP",0.075,-17.492,,"레이나2",-20.863,-46.811,,"sano jpn",-16.3,-63.271,,"_이누_",23.389,-50.972,,"눈꽃",10.28,-60.799,,"Pring__",51.759,-102.741,,"Amellaid",-9.253,-117.363,86,"Dοpi",-48.481,-93.48,,2645.425,12.206,-47.753,,,,,,,,,,,,,,,,,,,2636.915,-1.072,-92.829,,,,,,,,,,,,,,,,,,,,,,,,,2643.893,4.313,-71.778,,,,"",2,0,"Amellaid",2632.803,,,256,""
89,,5,1,0,9,0,0,1,1,1,0,8,3,255,33,2676.254,"Pugeuk",R,28,82,133,0.798,0.122,0.537,1.536,0.426,1.607,-36.595,16.757,53,47,0,2,-65.518,-90.967,4.402,0,0,1,9,R,"?fredo?",190.4,86.374,0.436,3,74,W,Y,1,2677.41,206,181,107,87,86,145,97,-3.125,11.671,0.167,1.102,-21.154,-0.48,0,0.471,-71.55,270.956,530.531,2677.665,-2.156,-32.029,2679.11,3,-8.592,0.059,-55.857,0,2,,2683.644,,,,2683.097,,,2683.088,,,,,,2681.918,7,2,181,1,2683.82,1,,147,16,,,,,,,,,,,,,,0.26,-37.451,0.091,-17.445,-21.123,-45.712,-13.616,-57.498,19.693,-47.434,12.58,-61.147,45.224,-98.199,-7.324,-114.232,-49.226,-93.454,0.389,-37.183,,"IbikiKai_JP",0.074,-17.69,,"레이나2",-20.887,-47.132,,"sano jpn",-13.552,-57.415,105,"_이누_",19.526,-47.498,117,"눈꽃",12.582,-61.123,,"Pring__",45.224,-98.201,,"Amellaid",-7.539,-113.076,,"Dοpi",-49.322,-92.951,,,,,,,,2683.247,-18.618,-39.255,2679.349,-8.784,-56.434,2681.298,17.965,-40.577,,,,,,,,,,,,,,,,,,,,,,2679.971,-6.311,-54.327,2681.87,14.396,-40.578,,,,,,,,,,,,,"",2,0,"sano jpn",2683.097,2683.088,,81,""
90,SIDE,5,1,0,9,0,0,2,0,1,0,255,8,255,,2687.219,,,,,,,,,,,,,,,,,,,,,,,2,,,,,,,,,,,,,,,,,,,,,,,,,,,,,,,,,,,,,,,0,0,,,,,,,,,,,,,,,,,,,,,,,,,,,,,,,,,,,,,,,,,,,,,,,,,,,,,,,,,,,,,,,,,,,,,,,,,,,,,,,,,,,,,,,,,,,,,,,,,,,,,,,,,,,,,,,,,,,,,,,,,,,,,,,,,,,,,,,,,,,,,,,,,"",0,0,"",,,,0,""
91,,5,0,0,9,0,0,0,0,0,0,255,255,255,48,2724.332,"Gonyong",R,26,83,135,-0.547,-0.239,0.206,1.484,-0.456,1.273,-37.149,22.796,88,12,0,0,134.082,-200,-2.166,0,0,5,1,L,"IbikiKai_JP",190,85.479,0.4,,74,W,Y,0,,,,,,,,,,,,,,,,,,,,,,,,,,,,0,0,,,,,,,,,,,,,,,,,,,,,,,,,,,,,,,,,,,,,,-0.043,-38.216,-0.027,-16.977,-21.898,-52.738,-9.486,-63.737,20.366,-45.294,14.541,-61.337,45.393,-92.536,3.816,-113.039,-35.679,-92.138,,,,"",,,,"",,,,"",,,,"",,,,"",,,,"",,,,"",,,,"",,,,,,,,,,,,,,,,,,,,,,,,,,,,,,,,,,,,,,,,,,,,,,,,,,,,,,,,,,"",0,0,"",,,,0,""
92,,5,0,0,9,0,1,0,0,0,0,255,255,255,49,2741.254,"Gonyong",R,13,70,99,-0.073,-1.534,0.46,1.445,0.484,1.314,-37.149,34.756,51,48,2,4,-231.996,400,-4.701,0,0,5,1,L,"IbikiKai_JP",190,85.479,0.4,,74,W,Y,1,,,,,,,,,,,,,,,,,,,,,,,,,,,,0,0,,,,,,,,,,,,,,,,,,,,,,,,,,,,,,,,,,,,,,-0.038,-37.791,0.023,-17.088,-21.883,-51.992,-7.947,-63.31,20.645,-45.126,14.572,-61.326,45.376,-92.576,4.147,-113.103,-36.776,-91.837,,,,"",,,,"",,,,"",,,,"",,,,"",,,,"",,,,"",,,,"",,,,,,,,,,,,,,,,,,,,,,,,,,,,,,,,,,,,,,,,,,,,,,,,,,,,,,,,,,"",0,0,"",,,,0,""
93,,5,0,0,9,0,2,0,0,0,0,255,255,255,50,2757.983,"Gonyong",R,13,74,101,0.523,-0.952,0.625,1.545,0.995,1.531,-37.149,34.41,39,61,0,0,-354.082,318.256,-1.68,0,0,5,1,L,"IbikiKai_JP",190,85.479,0.4,,74,W,Y,0,,,,,,,,,,,,,,,,,,,,,,,,,,,,0,0,,,,,,,,,,,,,,,2760.937,5,,578,0,,,,,,,,,,,,,,,,,,,0.111,-37.82,0.016,-16.952,-22.231,-51.706,-7.971,-64.521,20.148,-45.507,13.308,-61.732,44.612,-92.565,4.138,-113.093,-36.503,-92.159,,,,"",,,,"",,,,"",,,,"",,,,"",,,,"",,,,"",,,,"",,,,,,,,,,,,,,,,,,,,,,,,,,,,,,,,,,,,,,,,,,,,,,,,,,,,,,,,,,"",0,0,"",,,,0,""
94,,5,0,0,9,0,0,1,0,0,0,255,255,255,51,2784.161,"Gonyong",R,33,70,122,2.592,0.007,0.505,1.562,0.932,1.518,-37.149,33.58,84,16,0,2,101.666,-79.119,1.21,0,0,6,2,R,"레이나2",179.9,80.118,0.403,3,74,W,Y,1,2785.349,255,154,74,94,71,145,127,20.271,-13.466,0.507,1.054,-21.117,0.65,0,0.249,-142.731,244.535,528.99,2789.787,18.253,-132.278,2791.576,7,17.393,0.074,-128.075,1,0,,2790.749,2795.043,,,,,,,,,,,,,,,,,,,,,,,,,,,,,,,,,,,0.084,-37.75,0.05,-17.362,-22.803,-51.665,-10.651,-63.67,20.315,-48.988,11.79,-62.718,40.042,-98.729,-1.503,-110.651,-37.958,-92.61,-0.109,-37.8,,"kneesohime",0.099,-17.498,,"にゃんこ65K",-22.465,-51.743,,"Metalu",-10.662,-63.689,,"Parottey",20.21,-49.18,,"CoalCat",11.877,-62.569,79,"あくせる",39.966,-98.609,,"「yune」",-1.506,-110.648,113,"Roscosmos",-37.951,-92.603,,2800.81,-0.418,-38.403,,,,,,,,,,,,,2795.822,0.287,-59.831,,,,2791.796,17.045,-127.097,,,,,,,,,,,,,,,,,,,2799.687,-1.032,-56.262,,,,2793.076,16.65,-121.436,,,,"",2,0,"「yune」",2795.043,,,320,""
95,,5,0,0,9,0,0,1,0,1,0,255,12,255,52,2818.175,"Gonyong",R,13,65,107,-1.106,-1.439,0.374,1.497,0.323,1.285,-37.149,33.312,53,47,0,4,-382.99,308.185,1.913,0,0,7,8,R,"Dοpi",175.5,90,0.35,,74,W,Y,1,,,,,,,,,,,,,,,,,,,,,,,,,,,,0,0,,,,,,,,,,,,,2833.852,,,,,,,,,,,,,,,,,,,,,,,,,-0.013,-37.806,0.026,-17.562,-20.231,-48.153,-10.249,-61.998,18.205,-47.484,6.862,-61.014,37.802,-99.804,0.444,-114.67,-39.822,-97.139,,,,"",,,,"",,,,"",,,,"",,,,"",,,,"",,,,"",,,,"",,,,2822.638,-0.287,-37.642,,,,,,,,,,,,,,,,,,,,,,,,,,,,,,,,,,,,,,,,,,,,,,,,,,,,"",0,0,"",2820.493,,,0,""
96,,5,0,0,9,0,1,1,0,1,0,255,12,255,53,2835.257,"Gonyong",R,3,66,96,-1.546,0.287,0.417,1.663,0.349,1.797,-37.149,43.986,84,16,0,4,-436.364,0,3.266,0,0,7,8,R,"Dοpi",175.5,90,0.35,,74,W,Y,1,,,,,,,,,,,,,,,,,,,,,,,,,,,,0,0,,,,,,,,,,,,,2851.2,,,,,,,,,,,,,,,,,,,,,,,,,-0.041,-37.944,-0.019,-17.615,-20.251,-48.167,-10.4,-62.418,18.634,-47.729,6.586,-61.442,38.055,-100.452,0.437,-114.675,-40.387,-97.807,,,,"",,,,"",,,,"",,,,"",,,,"",,,,"",,,,"",,,,"",,,,2839.71,-0.244,-37.606,,,,,,,,,,,,,,,,,,,,,,,,,,,,,,,,,,,,,,,,,,,,,,,,,,,,"",0,0,"",2837.953,,,0,""
97,,5,0,0,9,0,2,1,0,1,0,255,12,255,54,2851.635,"Gonyong",R,32,61,102,3.382,0.385,0.665,1.605,1.119,1.661,-37.149,52.53,82,18,0,1,153.006,-138.154,-2.89,0,0,7,8,R,"Dοpi",175.5,90,0.35,,74,W,Y,0,,,,,,,,,,,,,,,,,,,,,,,,,,,,0,0,,,,,,,,,,,,,2871.042,,,,,,,,,,,,,,,,,,,,,,,,,0.042,-37.809,-0.015,-17.52,-21.018,-48.384,-9.64,-63.369,18.473,-47.437,6.954,-61.371,38.613,-100.295,0.669,-115.795,-40.182,-97.42,,,,"",,,,"",,,,"",,,,"",,,,"",,,,"",,,,"",,,,"",,,,2858.346,-0.187,-37.614,,,,,,,,,,,,,,,,,,,,,,,,,,,,,,,,,,,,,,,,,,,,,,,,,,,,"",0,0,"",2854.484,,,0,""
98,,5,0,0,9,1,2,1,0,1,0,255,12,255,55,2872.173,"Gonyong",R,3,58,89,0.535,0.41,0.756,1.678,1.248,1.874,-37.149,65.607,84,16,0,2,-404.546,0,-3.83,0,0,7,8,R,"Dοpi",175.5,90,0.35,3,74,W,Y,1,2873.35,86,118,90,85,64,130,87,46.814,22.588,0.106,1.085,-20.511,-0.21,0,0.154,249.223,386.568,385.296,2878.309,-31.669,-74.013,2878.821,8,-31.7,0.284,-74.058,1,0,,2878.669,,,,,,,,,,,2900.614,,,,,,,,,,,,,,,,,,,,,,,,,0.142,-37.851,0.049,-17.47,-20.112,-47.829,-9.621,-64.211,18.848,-48.77,7.5,-61.656,38.589,-100.279,1.321,-115.694,-41.784,-92.493,-0.1,-37.841,,"kneesohime",0.061,-17.622,,"にゃんこ65K",-20.144,-48.157,85,"Metalu",-9.002,-63.663,,"Parottey",18.735,-49.164,,"CoalCat",7.56,-61.483,,"あくせる",38.592,-100.275,,"「yune」",2.114,-115.117,,"Roscosmos",-41.921,-92.162,95,2886.255,-0.721,-38.146,,,,2882.156,-20.187,-41.166,,,,,,,,,,,,,,,,2878.967,-32.429,-75.219,,,,,,,2885.209,-18.686,-40.646,,,,,,,,,,,,,,,,2880.778,-28.523,-66.565,"",2,0,"Roscosmos",2879.848,,,17,""
99,,5,0,0,9,0,0,1,1,1,0,18,12,255,56,2901.833,"Gonyong",R,26,72,124,-1.767,-1.371,0.126,1.334,-0.828,0.623,-37.149,10.832,45,55,0,1,30.718,-200,12.985,0,0,8,7,L,"Amellaid",160,80.447,0.439,,74,W,Y,0,,,,,,,,,,,,,,,,,,,,,,,,,,,,0,0,,,,,,,,,,,,2910.486,2918.127,,,,,,,,,,,,,,,,,,,,,,,,,0.023,-38.037,-0.026,-17.359,-19.423,-46.195,-11.63,-62.338,19.161,-44.297,12.204,-60.148,44.531,-92.773,1.242,-105.715,-38.655,-90.112,,,,"",,,,"",,,,"",,,,"",,,,"",,,,"",,,,"",,,,"",,,,2909.741,-0.854,-38.27,,,,,,,,,,,,,,,,,,,,,,,,,,,,,,,,,,,,,,,,,,,,,,,,,,,,"",0,0,"",2904.4,,,0,""
100,,5,0,0,9,1,0,1,1,1,0,18,12,255,57,2919.588,"Gonyong",R,13,69,110,-0.971,-2.02,0.319,1.485,0.069,1.202,-37.149,27.088,56,44,0,1,-252.859,400,-3.991,-0.27,-18.841,8,7,L,"Amellaid",160,80.447,0.439,,74,W,Y,0,,,,,,,,,,,,,,,,,,,,,,,,,,,,0,0,,,,,,,,,,,,2919.975,2935.08,,,,,,,,,,,,,,,,,,,,,,,,,-0.046,-37.941,0.035,-17.266,-19.217,-45.536,-3.757,-62.949,20.8,-46.245,12.941,-59.04,44.502,-92.698,-0.287,-106.012,-38.699,-90.212,,,,"",,,,"",,,,"",,,,"",,,,"",,,,"",,,,"",,,,"",,,,2926.264,-0.922,-38.399,,,,,,,,,,,,,,,,,,,,,,,,,,,,,,,,,,,,,,,,,,,,,,,,,,,,"",0,0,"",2922.251,,,0,""
101,,5,0,0,9,2,0,1,1,1,0,18,12,255,58,2936.072,"Gonyong",R,26,64,118,0.066,-1.108,0.278,1.368,-0.123,0.756,-37.149,22.251,60,40,0,0,79.605,-200,3.087,0,0,8,7,L,"Amellaid",160,80.447,0.439,,74,W,Y,0,,,,,,,,,,,,,,,,,,,,,,,,,,,,0,0,,,,,,,,,,,,2936.878,2949.709,,,,,,,,,,,,,,,,,,,,,,,,,-0.054,-37.829,-0.003,-17.548,-18.408,-45.775,-2.146,-60.93,20.132,-46.488,13.028,-59.097,44.492,-92.752,-0.461,-105.889,-39.076,-91.228,,,,"",,,,"",,,,"",,,,"",,,,"",,,,"",,,,"",,,,"",,,,2940.884,-0.188,-37.586,,,,,,,,,,,,,,,,,,,,,,,,,,,,,,,,,,,,,,,,,,,,,,,,,,,,"",0,0,"",2938.588,,,0,""
102,,5,0,0,9,2,1,1,1,1,0,18,12,255,59,2950.744,"Gonyong",R,26,80,130,-0.046,-1.227,0.254,1.368,-0.231,0.752,-37.149,19.371,47,53,0,1,127.942,-165.351,1.632,0,0,8,7,L,"Amellaid",160,80.447,0.439,,74,W,Y,0,,,,,,,,,,,,,,,,,,,,,,,,,,,,0,0,,,,,,,,,,,,2951,2967.087,,,,,,,,,,,,,,,,,,,,,,,,,-0.045,-37.869,-0.013,-17.485,-18.864,-45.843,-4.51,-61.811,20.752,-46.697,13.016,-59.121,44.498,-92.762,0.388,-108.301,-39.168,-91.026,,,,"",,,,"",,,,"",,,,"",,,,"",,,,"",,,,"",,,,"",,,,2955.627,-0.229,-37.562,,,,,,,,,,,,,,,,,,,,,,,,,,,,,,,,,,,,,,,,,,,,,,,,,,,,"",0,0,"",2953.365,,,0,""
103,,5,0,0,9,3,1,1,1,1,0,18,12,255,60,2967.544,"Gonyong",R,3,62,93,-1.048,1.095,0.453,1.945,0.46,2.534,-37.149,54.61,86,9,4,2,-378.377,163.494,-4.272,0,0,8,7,L,"Amellaid",160,80.447,0.439,0,74,W,Y,1,2968.549,221,158,58,71,67,137,87,45.869,25.242,-0.153,1.219,-20.929,-0.47,0,0.335,500.496,-71.147,-323.175,,,,2974.076,8,-25.09,3.032,-77.074,0,0,,2973.846,,,,,,,,,,2967.706,,,2974.264,8,,457,0,,,,,,,,,,,,,,,,,,,-0.019,-37.827,-0.012,-17.228,-20.18,-45.687,-0.865,-61.019,20.048,-45.832,12.962,-59.398,44.446,-92.723,0.38,-108.293,-39.587,-91.556,-0.144,-37.548,,"kneesohime",-0.078,-17.56,,"にゃんこ65K",-19.463,-46.385,,"Metalu",-4.706,-61.184,,"Parottey",19.696,-45.312,,"CoalCat",12.985,-59.239,,"あくせる",44.321,-92.591,,"「yune」",0.424,-108.308,,"Roscosmos",-39.336,-91.166,130,,,,,,,2976.514,-19.744,-40.777,,,,,,,,,,,,,,,,2974.274,-25.162,-77.663,,,,,,,,,,,,,,,,,,,,,,,,,2975.337,-23.908,-71.248,"",1,0,"Roscosmos",2974.089,,,17,""
104,,6,1,0,9,0,0,0,0,0,0,255,255,255,34,3039.785,"Pugeuk",R,29,83,135,0.548,0.744,0.569,1.651,0.574,1.981,-36.595,21.455,55,45,0,0,-250,-109.532,20.908,0,0,2,1,R,"kneesohime",190,84.513,0.501,,89,W,Y,0,,,,,,,,,,,,,,,,,,,,,,,,,,,,0,0,,,,,,,,,,,,,,,,,,,,,,,,,,,,,,,,,,,,,,0.239,-37.65,0.077,-17.31,-21.045,-46.71,-16.433,-62.777,24.35,-53.06,14.802,-64.354,51.226,-96.955,-5.303,-113.011,-50.46,-95.388,,,,"",,,,"",,,,"",,,,"",,,,"",,,,"",,,,"",,,,"",,,,,,,,,,,,,,,,,,,,,,,,,,,,,,,,,,,,,,,,,,,,,,,,,,,,,,,,,,"",0,0,"",,,,0,""
105,,6,1,0,9,0,1,0,0,0,0,255,255,255,35,3056.907,"Pugeuk",R,6,82,107,2.262,-0.804,0.449,1.502,0.012,1.118,-36.595,13.188,55,45,0,2,486.364,0,31.937,0,0,2,1,R,"kneesohime",190,84.513,0.501,0,89,W,Y,1,3058.107,255,185,132,131,0,145,101,45.983,23.058,0.405,0.734,-20.646,-0.54,0,0.262,79.581,430.618,410.165,3063.22,-39.695,-85.448,3063.421,8,-38.49,2.631,-83.792,0,0,,3064.181,,,,,,,,,,,,,3063.619,2,,457,0,,,,,,,,,,,,,,,,,,,0.135,-37.318,0.067,-17.382,-21.04,-46.728,-16.484,-62.803,24.492,-51.661,14.795,-64.35,51.231,-96.94,-7.879,-113.944,-51.867,-97.446,0.491,-37.049,,"IbikiKai_JP",0.117,-17.483,,"레이나2",-20.706,-46.742,,"sano jpn",-16.472,-62.793,,"_이누_",24.491,-51.63,,"눈꽃",14.788,-64.338,,"Pring__",51.18,-96.898,,"Amellaid",-7.259,-114.494,,"Dοpi",-51.887,-97.462,85,3068.961,-8.47,-47.739,,,,,,,,,,,,,,,,,,,,,,3063.64,-39.065,-84.434,,,,,,,,,,,,,,,,,,,,,,,,,3066.218,-39.866,-83.243,"",1,0,"Dοpi",,,,128,""
106,,6,1,0,9,0,0,1,0,0,0,255,255,255,36,3086.538,"Pugeuk",R,29,80,131,0.24,-0.763,0.518,1.554,0.338,1.018,-36.595,32.037,48,52,0,0,-170.148,-116.255,10.423,0,0,3,6,R,"あくせる",190,89.801,0.5,,74,W,Y,0,,,,,,,,,,,,,,,,,,,,,,,,,,,,0,0,,,,,,,,,,,,,,,,,,,,,,,,,,,,,,,,,,,,,,0.044,-37.422,-0.144,-17.289,-21.142,-46.985,-16.068,-62.783,23.601,-52.627,13.922,-65.024,50.097,-100.461,-4.292,-113.408,-53.162,-95.875,,,,"",,,,"",,,,"",,,,"",,,,"",,,,"",,,,"",,,,"",,,,3090.998,0.147,-37.17,,,,,,,,,,,,,,,,,,,,,,,,,,,,,,,,,,,,,,,,,,,,,,,,,,,,"",0,0,"",,,,0,""
107,,6,1,0,9,0,1,1,0,0,0,255,255,255,37,3105.431,"Pugeuk",R,10,79,107,-0.664,-1.566,0.349,1.53,-0.299,1.178,-36.595,14.365,45,55,0,4,0,400,-4.009,0,0,3,6,R,"あくせる",190,89.801,0.5,,74,W,Y,1,,,,,,,,,,,,,,,,,,,,,,,,,,,,0,0,,,,,,,,,,,,,,,,,,,,,,,,,,,,,,,,,,,,,,0.116,-37.37,-0.085,-17.395,-21.086,-47.008,-16.178,-62.987,23.222,-53.361,13.48,-64.692,50.094,-100.46,-5.359,-113.16,-52.224,-89.355,,,,"",,,,"",,,,"",,,,"",,,,"",,,,"",,,,"",,,,"",,,,3109.868,-0.02,-36.957,,,,,,,,,,,,,,,,,,,,,,,,,,,,,,,,,,,,,,,,,,,,,,,,,,,,"",0,0,"",,,,0,""
108,,6,1,0,9,0,2,1,0,0,0,255,255,255,38,3120.702,"Pugeuk",R,28,98,140,1.138,-1.03,0.567,1.317,0.565,0.898,-36.595,20.352,40,60,0,4,-64.032,-83.203,8.262,0,0,3,6,R,"あくせる",190,89.801,0.5,,74,W,Y,1,,,,,,,,,,,,,,,,,,,,,,,,,,,,0,0,,,,,,,,,,,,,,,3123.365,3,,578,0,,,,,,,,,,,,,,,,,,,0.26,-37.312,0.067,-17.297,-21.129,-46.911,-15.544,-63.332,23.2,-52.851,13.479,-64.703,50.121,-100.469,-5.59,-113.1,-50.819,-93.783,,,,"",,,,"",,,,"",,,,"",,,,"",,,,"",,,,"",,,,"",,,,3125.272,0.074,-37.764,,,,,,,,,,,,,,,,,,,,,,,,,,,,,,,,,,,,,,,,,,,,,,,,,,,,"",0,0,"",,,,0,""
109,,6,1,0,9,0,0,2,0,0,0,255,255,255,39,3145.122,"Pugeuk",R,6,79,104,1.815,-0.478,0.387,1.597,-0.18,1.324,-36.595,13.937,57,43,0,2,472.727,0,26.361,0,0,4,2,R,"にゃんこ65K",190,91.072,0.596,5,74,W,Y,1,3146.383,197,72,126,70,32,145,90,-12.181,-88.697,0.375,0.777,-19.788,-0.93,0,0.219,-488.628,-322.532,-131.208,3146.21,3.631,-19.848,,,,,,0,0,,,,,,,,,,,,,,,,,,,,,,,,,,,,,,,,,,,,,,0.147,-37.344,0.038,-17.313,-21.168,-46.47,-15.881,-63.327,22.843,-50.94,14.853,-63.376,57.139,-99.366,-5.499,-113.187,-49.673,-94.826,0.488,-37.012,,"IbikiKai_JP",0.109,-17.441,,"레이나2",-20.906,-46.558,,"sano jpn",-16.744,-65.99,,"_이누_",23.174,-51.099,,"눈꽃",15.118,-63.283,,"Pring__",57.119,-99.368,,"Amellaid",-5.663,-113.2,,"Dοpi",-49.552,-94.953,,,,,,,,,,,,,,,,,,,,,,,,,,,,,,,,,,,,,,,,,,,,,,,,,,,,,,,,"",3,0,"",,,,0,""
110,,6,1,0,9,0,1,2,0,0,0,255,255,255,40,3164.102,"Pugeuk",R,29,89,140,0.489,0.353,0.56,1.579,0.535,1.748,-36.595,24.429,62,38,0,0,-250,-101.865,14.602,0,0,4,2,R,"にゃんこ65K",190,91.072,0.596,,90,W,Y,1,,,,,,,,,,,,,,,,,,,,,,,,,,,,0,0,,,,,,,,,,,,,,,,,,,,,,,,,,,,,,,,,,,,,,0.154,-37.323,0.048,-17.178,-21.461,-46.803,-15.45,-63.471,24.422,-53.85,15,-64.109,54.166,-102.043,-4.376,-111.402,-48.378,-92.738,,,,"",,,,"",,,,"",,,,"",,,,"",,,,"",,,,"",,,,"",,,,,,,,,,,,,,,,,,,,,,,,,,,,,,,,,,,,,,,,,,,,,,,,,,,,,,,,,,"",0,0,"",,,,0,""
111,,6,1,0,9,0,2,2,0,0,0,255,255,255,41,3183.585,"Pugeuk",R,27,86,139,-1.166,-0.17,0.357,1.667,-0.412,1.385,-36.595,23.432,62,38,0,0,-78.284,-132.142,13.48,0,0,4,2,R,"にゃんこ65K",190,91.072,0.596,,90,W,Y,0,,,,,,,,,,,,,,,,,,,,,,,,,,,,0,0,,,,,,,,,,,,,,,3186.254,4,,578,0,,,,,,,,,,,,,,,,,,,0.033,-37.459,-0.117,-17.348,-21.382,-46.582,-15.425,-63.025,23.19,-52.707,15.069,-64.272,54.2,-101.964,-5.439,-114.444,-51.327,-93.242,,,,"",,,,"",,,,"",,,,"",,,,"",,,,"",,,,"",,,,"",,,,,,,,,,,,,,,,,,,,,,,,,,,,,,,,,,,,,,,,,,,,,,,,,,,,,,,,,,"",0,0,"",,,,0,""
112,SIDE,6,1,0,9,0,0,2,0,0,0,255,255,255,,3192.268,,,,,,,,,,,,,,,,,,,,,,,5,,,,,,,,,,,,,,,,,,,,,,,,,,,,,,,,,,,,,,,0,0,,,,,,,,,,,,,,,,,,,,,,,,,,,,,,,,,,,,,,,,,,,,,,,,,,,,,,,,,,,,,,,,,,,,,,,,,,,,,,,,,,,,,,,,,,,,,,,,,,,,,,,,,,,,,,,,,,,,,,,,,,,,,,,,,,,,,,,,,,,,,,,,,"",0,0,"",,,,0,""
113,,6,0,0,9,0,0,0,0,0,0,255,255,255,61,3240.374,"Gonyong",R,13,68,97,-1.407,-1.904,0.332,1.415,0.088,1.209,-37.149,21.539,58,42,0,1,-302.814,363.426,-5.37,0,0,0,3,R,"sano jpn",172.3,92.118,0.561,,74,W,Y,0,,,,,,,,,,,,,,,,,,,,,,,,,,,,0,0,,,,,,,,,,,,,,,,,,,,,,,,,,,,,,,,,,,,,,0.015,-37.973,-0.024,-17.172,-22.039,-50.475,-11.981,-63.242,20.589,-50.464,10.923,-62.69,35.961,-95.981,-5.326,-112.57,-38.512,-88.851,,,,"",,,,"",,,,"",,,,"",,,,"",,,,"",,,,"",,,,"",,,,,,,,,,,,,,,,,,,,,,,,,,,,,,,,,,,,,,,,,,,,,,,,,,,,,,,,,,"",0,0,"",,,,0,""
114,,6,0,0,9,1,0,0,0,0,0,255,255,255,62,3259.97,"Gonyong",R,26,84,136,-0.231,-1.27,0.228,1.328,-0.352,0.674,-37.149,19.407,48,52,0,2,162.307,-200,-4.693,0,0,0,3,R,"sano jpn",172.3,92.118,0.561,3,74,W,Y,1,3261.041,98,70,138,123,58,136,125,-6.007,24.415,-0.044,0.51,-20.176,0.33,0.19,0.328,338.385,444.487,-218.922,3260.932,-1.949,-24.329,3262.854,3,-16.535,0.056,-58.522,0,0,,3265.757,,,,,,,,,,,,,3265.284,0,,147,128,,,,,,,,,,,,,,,,,,,-0.043,-37.627,-0.006,-17.111,-21.848,-50.366,-12.091,-63.255,20.1,-50.276,10.908,-62.777,36.918,-97.611,-5.155,-112.658,-39.236,-88.977,-0.588,-37.11,,"kneesohime",0,-17.111,,"にゃんこ65K",-21.867,-50.327,86,"Metalu",-12.086,-63.243,97,"Parottey",20.3,-50.572,,"CoalCat",10.975,-62.668,,"あくせる",36.912,-97.61,,"「yune」",-5.168,-112.661,,"Roscosmos",-39.027,-88.666,,3268.356,-0.278,-37.438,,,,3264.654,-19.269,-40.444,3262.867,-16.708,-60.669,,,,,,,,,,,,,,,,,,,,,,3267.355,-17.76,-40.042,3263.581,-18.028,-57.514,,,,,,,,,,,,,,,,"",2,0,"Metalu",,,,144,""
115,,6,0,0,9,0,0,1,0,0,0,255,255,255,63,3286.62,"Gonyong",R,0,52,95,1.283,2.509,0.536,2.023,0.588,3.029,-37.149,81.43,79,20,1,2,-18.629,0,5.198,0,0,1,5,L,"눈꽃",169.832,85,0.497,5,74,W,Y,0,3288.017,190,138,102,79,32,145,92,95.334,32.259,0.235,1.668,-20.326,1,0,0.393,534.278,228.9,-148.836,,,,3294.498,1,8.012,3.925,-5.425,0,0,,,,,,,,,,,,,,,3294.776,1,,450,0,,,,,,,,,,,,,,,,,,,0.006,-37.897,-0.033,-17.074,-19.999,-50.076,-8.375,-63.724,20.321,-46.334,12.418,-63.241,46.597,-97.23,1.33,-113.541,-37.853,-93.045,0.041,-37.565,,"kneesohime",-0.039,-17.082,,"にゃんこ65K",-20.679,-49.543,,"Metalu",-7.483,-63.782,,"Parottey",20.433,-46.003,,"CoalCat",12.402,-63.118,,"あくせる",46.587,-97.235,,"「yune」",1.329,-113.538,,"Roscosmos",-37.779,-92.594,,,,,3294.786,8.109,-5.271,,,,,,,,,,,,,,,,,,,,,,,,,,,,,,,,,,,,,,,,,,,,,,,,,"",1,0,"kneesohime",,,,4,""
116,,6,0,0,9,0,0,2,0,0,0,255,255,255,64,3323.995,"Gonyong",R,32,75,126,3.248,-0.129,0.525,1.503,1.025,1.306,-37.149,38.145,79,21,0,1,225.833,-200,-7.14,0,0,2,6,L,"Pring__",174.8,91.089,0.455,,74,W,Y,0,,,,,,,,,,,,,,,,,,,,,,,,,,,,0,0,,,,,,,,,,,,,,,,,,,,,,,,,,,,,,,,,,,,,,0.021,-37.882,-0.033,-16.84,-21.351,-50.542,-7.903,-63.301,21.166,-46.573,14.008,-61.396,47.025,-101.296,-0.321,-117.47,-40.995,-96.04,,,,"",,,,"",,,,"",,,,"",,,,"",,,,"",,,,"",,,,"",,,,,,,,,,,,,,,,,,,,,,,,,,,,,,,,,,,,,,,,,,,,,,,,,,,,,,,,,,"",0,0,"",,,,0,""
117,,6,0,0,9,1,0,2,0,0,0,255,255,255,65,3340.494,"Gonyong",R,13,78,115,0.828,-1.124,0.535,1.531,1.074,1.405,-37.149,35.691,88,12,0,2,-390.434,312.348,-0.412,0,0,2,6,L,"Pring__",174.8,91.089,0.455,0,74,W,Y,1,3341.417,255,199,86,110,51,145,131,7.602,-40.507,0.2,0.681,-21.297,0.69,0,0.644,-105.542,-539.035,-241.458,,,,3342.476,4,20.389,1.663,-43.443,0,0,,,,,,,,,,,,,,,3342.808,2,,453,0,,,,,,,,,,,,,,,,,,,0.053,-37.859,-0.01,-17.065,-21.387,-50.548,-7.923,-63.308,21.123,-46.392,14.018,-61.524,47.044,-101.283,-0.319,-117.52,-40.978,-96.306,-0.197,-37.775,,"kneesohime",0.021,-17.136,,"にゃんこ65K",-21.27,-50.559,,"Metalu",-8.088,-63.467,,"Parottey",20.785,-46.689,,"CoalCat",14.141,-61.378,,"あくせる",47.018,-101.296,,"「yune」",-0.31,-117.501,,"Roscosmos",-41.136,-95.775,,,,,,,,,,,,,,3342.821,20.987,-44.496,,,,,,,,,,,,,,,,,,,,,,,,,,,,,,,,,,,,,,,,"",1,0,"Parottey",,,,32,""
118,SIDE,6,0,0,9,0,0,2,0,0,0,255,255,255,,3348.207,,,,,,,,,,,,,,,,,,,,,,,3,,,,,,,,,,,,,,,,,,,,,,,,,,,,,,,,,,,,,,,0,0,,,,,,,,,,,,,,,,,,,,,,,,,,,,,,,,,,,,,,,,,,,,,,,,,,,,,,,,,,,,,,,,,,,,,,,,,,,,,,,,,,,,,,,,,,,,,,,,,,,,,,,,,,,,,,,,,,,,,,,,,,,,,,,,,,,,,,,,,,,,,,,,,"",0,0,"",,,,0,""
119,,7,1,0,9,0,0,0,0,0,0,255,255,255,42,3502.045,"Ainy4／あいにゃ",R,26,78,129,0.083,-0.77,0.258,1.529,0.272,0.927,-36.955,15.056,57,43,0,0,-154.712,-200,17.412,0,0,5,4,R,"Parottey",190,84,0.442,,74,W,Y,0,,,,,,,,,,,,,,,,,,,,,,,,,,,,0,0,,,,,,,,,,,,,,,,,,,,,,,,,,,,,,,,,,,,,,-0.038,-37.95,0.008,-17.551,-21.254,-46.77,-16.056,-63.054,19.915,-46.85,13.328,-64.857,46.693,-103.714,-6.013,-115.003,-50.233,-97.538,,,,"",,,,"",,,,"",,,,"",,,,"",,,,"",,,,"",,,,"",,,,,,,,,,,,,,,,,,,,,,,,,,,,,,,,,,,,,,,,,,,,,,,,,,,,,,,,,,"",0,0,"",,,,0,""
120,,7,1,0,9,0,1,0,0,0,0,255,255,255,43,3518.904,"Ainy4／あいにゃ",R,3,78,104,0.186,0.203,0.538,1.798,1.048,1.749,-36.955,43.206,86,14,0,2,-472.727,0,-13.234,0,0,5,4,R,"Parottey",190,84,0.442,5,74,W,Y,1,3520.169,255,110,161,69,59,145,89,99.044,78.848,0.089,1.164,-21.186,1,0,0.699,-15.163,34.696,598.804,,,,3526.287,1,8.552,3.5,-18.35,0,0,,,,,,,,,,,,,,,3526.707,5,,450,0,,,,,,,,,,,,,,,,,,,0.044,-37.914,0.003,-17.564,-21.229,-46.893,-16.146,-63.139,20.497,-47.86,13.343,-64.846,49.849,-104.645,-6.669,-114.48,-53.512,-99.36,0.161,-37.461,,"IbikiKai_JP",-0.005,-17.769,114,"레이나2",-20.907,-46.879,,"sano jpn",-17.364,-64.969,,"_이누_",20.892,-48.601,,"눈꽃",11.523,-65.364,,"Pring__",49.841,-104.649,,"Amellaid",-6.652,-114.52,,"Dοpi",-53.492,-99.356,,3534.52,0.061,-37.991,3526.719,8.665,-18.304,,,,,,,,,,,,,,,,,,,,,,,,,3533.617,-0.082,-18.325,,,,,,,,,,,,,,,,,,,,,,"",1,0,"IbikiKai_JP",,,,32,""
121,,7,1,0,9,0,0,1,0,0,0,255,255,255,44,3548.418,"Ainy4／あいにゃ",R,32,84,137,-1.112,-0.764,0.018,1.592,-0.846,1.069,-36.955,17.039,51,49,0,2,250,-94.284,-36.289,0,0,6,5,R,"CoalCat",169.5,82.838,0.435,5,74,W,Y,1,3549.465,255,143,114,75,34,145,82,-24.756,-49.532,-0.22,0.807,-22.105,1,0,0.613,-156.863,567.305,-116.442,3549.043,0.986,-23.141,,,,,,0,0,,,,,,,,,,,,,,,,,,,,,,,,,,,,,,,,,,,,,,-0.291,-37.915,-0.018,-17.258,-21.339,-47.003,-14.895,-63.974,20.812,-49.414,13.963,-64.354,50.863,-103.487,-8.453,-113.581,-46.409,-85.214,-0.063,-37.538,,"IbikiKai_JP",-0.021,-17.567,,"레이나2",-21.068,-46.92,,"sano jpn",-15.161,-64.211,,"_이누_",20.741,-49.089,,"눈꽃",13.957,-64.343,,"Pring__",50.813,-103.399,,"Amellaid",-8.426,-113.592,,"Dοpi",-46.406,-85.216,,,,,,,,,,,,,,,,,,,,,,,,,,,,,,,,,,,,,,,,,,,,,,,,,,,,,,,,"",3,0,"",,,,0,""
122,,7,1,0,9,0,1,1,0,0,0,255,255,255,45,3571.353,"Ainy4／あいにゃ",R,29,79,129,0.386,2.599,0.315,2.03,0.533,2.655,-36.955,39.368,89,11,0,2,-250,-200,-13.352,0,0,6,5,R,"CoalCat",169.5,82.838,0.435,5,74,W,Y,1,3572.463,255,105,94,68,51,145,128,0,-13.4,0.098,1.684,-21.435,0.33,0,0.533,322.371,241.187,444.866,3573.143,8.062,-57.047,3573.465,5,8.925,0.132,-61.769,0,64,,3577.187,,,,,,,,,,,,,3576.896,6,,147,2,,,,,,,,,,,,,,,,,,,-0.018,-37.998,-0.019,-17.344,-21.563,-46.804,-14.803,-63.701,21.599,-49.968,15.647,-63.633,52.504,-98.831,-4.95,-112.782,-45.782,-85.724,-0.055,-37.423,,"IbikiKai_JP",-0.008,-17.43,,"레이나2",-21.234,-46.847,85,"sano jpn",-16.192,-65.746,,"_이누_",21.531,-49.508,,"눈꽃",13.481,-64.971,103,"Pring__",52.503,-98.844,,"Amellaid",-5.417,-112.716,,"Dοpi",-45.782,-85.724,,3579.768,-1.164,-38.891,,,,3576.31,-18.009,-40.289,,,,,,,3574.11,9.408,-63.656,,,,,,,,,,,,,,,,3578.778,-17.644,-40.003,,,,,,,3574.773,6.195,-61.146,,,,,,,,,,"",2,0,"눈꽃",,,,66,""
123,,7,1,0,9,0,0,2,0,0,0,255,255,255,46,3597.17,"Ainy4／あいにゃ",R,29,75,126,2.505,1.327,0.393,2.035,1.402,2.175,-36.955,44.976,90,10,0,1,-196.452,-155.372,-19.578,0,0,7,3,L,"Metalu",173.6,82.749,0.433,,74,W,Y,0,,,,,,,,,,,,,,,,,,,,,,,,,,,,0,0,,,,,,,,,,,,,,,,,,,,,,,,,,,,,,,,,,,,,,-0.035,-38.07,-0.031,-17.364,-21.141,-46.941,-15.262,-63.265,23.586,-49.511,15.041,-64.249,53.333,-102.456,-0.381,-110.489,-45.493,-94.013,,,,"",,,,"",,,,"",,,,"",,,,"",,,,"",,,,"",,,,"",,,,3601.338,-0.217,-37.876,,,,,,,,,,,,,,,,,,,,,,,,,,,,,,,,,,,,,,,,,,,,,,,,,,,,"",0,0,"",,,,0,""
124,,7,1,0,9,1,0,2,0,0,0,255,255,255,47,3614.475,"Ainy4／あいにゃ",R,29,84,137,0.002,0.338,0.277,1.735,0.357,1.589,-36.955,23.274,90,10,0,2,-250,-200,3.573,0,0,7,3,L,"Metalu",173.6,82.749,0.433,3,74,W,Y,1,3615.478,255,56,95,74,23,145,99,4.659,-12.757,0.126,1.075,-20.8,-0.09,0,0.19,469.25,-345.97,-141.809,3616.843,10.596,-61.065,3616.909,5,9.944,0.403,-58.812,0,0,,,,,,,,,,,,,,,3617.543,7,,454,0,,,,,,,,,,,,,,,,,,,-0.008,-38.171,0.014,-17.377,-21.119,-47.026,-15.731,-63.403,23.511,-48.615,15.55,-64.036,53.322,-102.603,0.404,-110.187,-45.04,-92.144,0.231,-37.704,,"IbikiKai_JP",0.017,-17.378,,"레이나2",-20.875,-47.029,72,"sano jpn",-16.258,-65.598,,"_이누_",23.314,-48.366,,"눈꽃",14.56,-64.067,103,"Pring__",53.299,-102.569,,"Amellaid",0.79,-110.195,,"Dοpi",-45.037,-92.135,,3622.466,-0.958,-38.635,,,,3619.634,-18.179,-40.181,,,,,,,3617.553,10.344,-60.22,,,,,,,,,,,,,,,,3621.345,-17.943,-39.65,,,,,,,3618.194,7.147,-57.921,,,,,,,,,,"",1,0,"눈꽃",,,,66,""
125,SIDE,7,1,0,9,0,0,2,0,0,0,255,255,255,,3623.112,,,,,,,,,,,,,,,,,,,,,,,8,,,,,,,,,,,,,,,,,,,,,,,,,,,,,,,,,,,,,,,0,0,,,,,,,,,,,,,,,,,,,,,,,,,,,,,,,,,,,,,,,,,,,,,,,,,,,,,,,,,,,,,,,,,,,,,,,,,,,,,,,,,,,,,,,,,,,,,,,,,,,,,,,,,,,,,,,,,,,,,,,,,,,,,,,,,,,,,,,,,,,,,,,,,"",0,0,"",,,,0,""
126,,7,0,0,9,0,0,0,0,0,0,255,255,255,66,3756.137,"?fredo?",L,0,89,140,-1.026,-0.084,-0.318,1.791,-0.475,1.518,-36.594,9.067,56,44,0,0,32.142,-36.267,0,0,0,3,9,R,"Pugeuk",190,86.201,0.347,,74,W,Y,1,,,,,,,,,,,,,,,,,,,,,,,,,,,,0,0,,,,,,,,,,,,,,,,,,,,,,,,,,,,,,,,,,,,,,-0.253,-37.529,0.011,-17.227,-21.293,-50.118,-8.911,-63.737,20.325,-49.354,9.176,-64.128,35.182,-99.835,-2.771,-114.265,-46.371,-91.77,,,,"",,,,"",,,,"",,,,"",,,,"",,,,"",,,,"",,,,"",,,,,,,,,,,,,,,,,,,,,,,,,,,,,,,,,,,,,,,,,,,,,,,,,,,,,,,,,,"",0,0,"",,,,0,""
127,,7,0,0,9,0,1,0,0,0,0,255,255,255,67,3771.1,"?fredo?",L,6,77,116,-1.944,-0.155,-0.228,1.788,-0.057,1.507,-36.594,10.644,53,47,0,4,-454.741,0,0,0,0,3,9,R,"Pugeuk",190,86.201,0.347,,74,W,Y,1,,,,,,,,,,,,,,,,,,,,,,,,,,,,0,0,,,,,,,,,,,,,,,,,,,,,,,,,,,,,,,,,,,,,,-0.243,-37.528,0.054,-17.324,-21.333,-50.647,-9.853,-63.416,20.486,-49.506,9.148,-64.107,35.18,-99.927,-2.692,-113.837,-46.419,-94.398,,,,"",,,,"",,,,"",,,,"",,,,"",,,,"",,,,"",,,,"",,,,,,,,,,,,,,,,,,,,,,,,,,,,,,,,,,,,,,,,,,,,,,,,,,,,,,,,,,"",0,0,"",,,,0,""
128,,7,0,0,9,0,2,0,0,0,0,255,255,255,68,3788.626,"?fredo?",L,12,91,124,-1.004,-0.328,-0.354,1.743,-0.427,1.458,-36.594,9.303,50,50,0,2,0,59.073,0,0,0,3,9,R,"Pugeuk",190,86.201,0.347,5,74,W,Y,1,3789.804,190,52,135,81,28,145,104,23.384,-8.761,-0.192,0.951,-21.051,0.96,0,0.719,500.632,328.772,35.732,3794.432,7.774,-113.961,3794.621,7,7.712,2.201,-110.871,0,0,,3795.493,,,,,,,,,,,,,3795.076,3,,456,0,,,,,,,,,,,,,,,,,,,-0.282,-37.609,0.05,-17.389,-21.276,-50.339,-10.539,-63.262,20.06,-49.163,9.069,-63.981,35.184,-99.879,-2.356,-113.959,-47.215,-96.447,0.055,-37.25,,"kneesohime",-0.01,-17.57,,"にゃんこ65K",-21.235,-50.311,,"Metalu",-10.706,-63.232,,"Parottey",20.157,-49.363,,"CoalCat",9.12,-63.906,87,"あくせる",35.496,-99.443,,"「yune」",-2.382,-113.947,69,"Gonyong",-47.117,-96.445,,3802.871,0.274,-39.408,,,,,,,,,,,,,3799.596,5.436,-72.971,,,,3795.091,7.713,-111.849,,,,,,,,,,,,,,,,,,,3801.379,3.17,-66.514,,,,3796.897,8.046,-110.894,,,,"",1,0,"「yune」",,,,322,""
129,,7,0,0,9,0,0,1,0,0,0,255,255,255,69,3818.461,"?fredo?",L,3,81,119,2.101,0.25,-0.184,1.919,0.148,1.933,-36.594,19.139,76,20,4,2,475.686,154.023,0,0,0,4,4,R,"_이누_",190,90.478,0.447,3,74,W,Y,1,3819.704,252,162,154,71,0,145,87,106.904,61.837,0.395,1.108,-20.353,-1,0,0.229,469.397,-370.016,52.483,,,,,,,,,0,0,,,,,,,,,,,,,,,,,,,,,,,,,,,,,,,,,,,,,,-0.074,-37.567,0.062,-17.245,-21.47,-50.033,-11.467,-64.566,19.775,-49.285,10.197,-63.384,37.906,-99.342,-0.422,-117.118,-47.391,-102.06,-0.082,-37.347,,"kneesohime",0.132,-17.446,,"にゃんこ65K",-20.729,-49.862,,"Metalu",-11.559,-64.55,,"Parottey",19.448,-49.737,,"CoalCat",10.826,-62.994,,"あくせる",37.73,-99.388,,"「yune」",0.507,-116.98,,"Gonyong",-47.397,-101.914,,,,,,,,,,,,,,,,,,,,,,,,,,,,,,,,,,,,,,,,,,,,,,,,,,,,,,,,"",3,0,"",,,,0,""
130,,7,0,0,9,0,1,1,0,0,0,255,255,255,70,3835.889,"?fredo?",L,26,89,140,0.705,0.34,-0.168,1.841,0.222,1.678,-36.594,12.155,84,14,1,2,67.087,-159.46,0,0,0,4,4,R,"_이누_",190,90.478,0.447,3,64,W,Y,1,3837.095,255,59,95,0,0,132,79,29.81,44.025,0.055,1.121,-19.529,-1,0,0.215,344.995,299.311,-389.091,3841.11,-47.786,-63.814,,,,,,0,0,,,,,,,,,,,,,,,,,,,,,,,,,,,,,,,,,,,,,,-0.129,-37.517,0.007,-17.176,-21.154,-49.365,-11.542,-64.489,20.598,-51.307,12.288,-62.876,39.441,-98.494,0.083,-116.68,-48.836,-101.762,-0.306,-37.114,,"kneesohime",0.075,-17.317,,"にゃんこ65K",-21.117,-49.534,,"Metalu",-11.539,-64.501,,"Parottey",20.779,-51.535,,"CoalCat",12.351,-62.764,,"あくせる",39.44,-98.489,,"「yune」",0.076,-116.679,,"Gonyong",-48.367,-101.641,,,,,,,,,,,,,,,,,,,,,,,,,,,,,,,,,,,,,,,,,,,,,,,,,,,,,,,,"",3,0,"",,,,0,""
131,,7,0,0,9,0,2,1,0,0,0,255,255,255,71,3859.706,"?fredo?",L,6,66,95,-3.465,0.065,-0.389,1.84,-0.535,1.668,-36.594,13.466,44,56,0,4,-430.384,0,0,0,0,4,4,R,"_이누_",190,90.478,0.447,,64,W,Y,1,,,,,,,,,,,,,,,,,,,,,,,,,,,,0,0,,,,,,,,,,,,,,,3862.672,4,,578,0,,,,,,,,,,,,,,,,,,,-0.251,-37.649,-0.067,-17.16,-21.614,-50.271,-12.187,-62.924,19.194,-51.154,10.369,-63.139,37.389,-100.901,-3.49,-119.515,-49.7,-99.197,,,,"",,,,"",,,,"",,,,"",,,,"",,,,"",,,,"",,,,"",,,,,,,,,,,,,,,,,,,,,,,,,,,,,,,,,,,,,,,,,,,,,,,,,,,,,,,,,,"",0,0,"",,,,0,""
132,,7,0,0,9,0,0,2,0,0,0,255,255,255,72,3883.171,"?fredo?",L,28,77,128,-1.382,-0.011,-0.355,1.791,-0.648,1.518,-36.594,13.763,63,37,0,2,38.049,-78.999,0,0,0,5,1,L,"IbikiKai_JP",190,85.479,0.4,3,37,W,Y,1,3884.36,255,108,155,93,43,145,87,21.714,14.572,-0.388,1.192,-20.594,-1,0,0.261,251.174,-289.338,-461.731,3888.276,-13.658,-91.144,3889.943,7,-15.423,0.12,-103.861,1,0,,3890.041,,,,,,,,,,,,,,,,,,,,,,,,,,,,,,,,,,,,-0.265,-37.805,-0.04,-17.193,-21.062,-50.849,-8.089,-63.012,21.416,-46.226,13.162,-61.226,46.822,-94.781,4.706,-114.385,-44.373,-99.287,-0.15,-36.861,,"kneesohime",-0.062,-17.24,,"にゃんこ65K",-21.254,-50.57,,"Metalu",-8.827,-62.855,,"Parottey",21.226,-46.104,,"CoalCat",13.346,-61.126,72,"あくせる",46.493,-95.164,,"「yune」",4.173,-114.469,87,"Gonyong",-44.335,-99.269,,3899.034,-0.142,-38.183,,,,,,,,,,,,,3895.599,0.369,-59.859,,,,3890.458,-15.334,-104.743,,,,,,,,,,,,,,,,,,,3897.701,0.38,-57.662,,,,3894.057,-11.035,-85.21,,,,"",2,0,"「yune」",,,,322,""
133,,7,0,0,9,0,0,2,1,0,0,11,255,255,73,3913.74,"?fredo?",L,3,74,114,1.96,0.151,-0.195,1.855,0.096,1.727,-36.594,14.46,74,17,9,1,445.233,27.219,0,0,0,6,2,R,"레이나2",179.9,80.118,0.403,,74,W,Y,0,,,,,,,,,,,,,,,,,,,,,,,,,,,,0,0,,,,,,,,,,,,3914.154,,,,,,,,,,,,,,,,,,,,,,,,,,-0.206,-37.619,0.041,-17.096,-20.617,-42.012,-11.121,-61.551,20.018,-50.404,11.145,-63.12,38.512,-101.289,0.303,-111.248,-48.136,-99.157,,,,"",,,,"",,,,"",,,,"",,,,"",,,,"",,,,"",,,,"",,,,3920.684,-0.187,-38.197,,,,,,,,,,,,,,,,,,,,,,,,,,,,,,,,,,,,,,,,,,,,,,,,,,,,"",0,0,"",,,,0,""
134,,7,0,0,9,1,0,2,1,0,0,11,255,255,74,3934.625,"?fredo?",L,0,93,140,1.222,0.274,-0.101,1.864,0.536,1.758,-36.594,16.746,90,7,3,2,0,0,0,0,0,6,2,R,"레이나2",179.9,80.118,0.403,0,74,W,Y,1,3935.765,141,33,78,26,8,136,99,-15.684,20.308,0.24,1.01,-19.759,-0.17,0,0.136,-532.118,-127.012,246.412,3935.343,-0.934,-22.943,3937.465,3,-13.154,0.06,-55.601,0,0,,3941.067,,,,3940.906,,,,,,,,,3940.237,6,,147,128,,,,,,,,,,,,,,,,,,,-0.169,-37.729,0.054,-16.967,-20.092,-40.197,-11.235,-62.76,20.744,-50.509,10.142,-62.944,38.738,-101.388,0.393,-111.266,-48.075,-99.213,-0.01,-37.089,,"kneesohime",0.098,-17.281,,"にゃんこ65K",-18.935,-42.878,,"Metalu",-11.229,-62.753,90,"Parottey",20.577,-50.735,,"CoalCat",10.217,-62.794,,"あくせる",38.651,-101.265,,"「yune」",0.405,-111.254,,"Gonyong",-48.071,-99.166,,,,,,,,3939.651,-18.774,-40.677,3937.829,-13.594,-57.639,,,,,,,,,,,,,,,,,,,,,,,,,3938.792,-14.397,-53.205,,,,,,,,,,,,,,,,"",2,0,"Metalu",3940.906,,,144,""
135,SIDE,7,0,0,9,0,0,2,1,0,0,11,255,255,,3941.907,,,,,,,,,,,,,,,,,,,,,,,7,,,,,,,,,,,,,,,,,,,,,,,,,,,,,,,,,,,,,,,0,0,,,,,,,,,,,,,,,,,,,,,,,,,,,,,,,,,,,,,,,,,,,,,,,,,,,,,,,,,,,,,,,,,,,,,,,,,,,,,,,,,,,,,,,,,,,,,,,,,,,,,,,,,,,,,,,,,,,,,,,,,,,,,,,,,,,,,,,,,,,,,,,,,"",0,0,"",,,,0,""
136,,8,1,0,9,0,0,0,0,0,0,255,255,255,48,3991.743,"Ainy4／あいにゃ",R,3,83,110,-0.372,-0.628,0.409,1.582,0.649,1.25,-36.955,32.483,44,56,0,2,-418.818,0,-11.492,0,0,8,7,R,"「yune」",174.8,85,0.32,3,28,W,Y,1,3992.948,145,160,19,103,56,60,60,32.134,38.521,-0.048,0.766,-20.753,0.74,0,0.329,207.23,523.572,207.192,,,,3995.654,2,-24.447,2.482,-45.973,0,0,,3998.664,,,,,,,,,,,,,3996.174,8,,451,0,,,,,,,,,,,3998.153,2,,,,,,,-0.11,-37.889,0.029,-17.71,-21.493,-46.779,-13.011,-65.075,24.415,-53.484,11.634,-65.212,46.25,-102.129,-5.991,-111.732,-43.616,-87.522,0.27,-37.255,,"IbikiKai_JP",0.01,-17.718,,"레이나2",-21.149,-46.785,76,"눈꽃",-12.704,-65.131,,"_이누_",23.574,-52.59,,"sano jpn",11.721,-65.026,,"Pring__",46.245,-102.121,,"Amellaid",-5.585,-111.825,,"Dοpi",-43.523,-87.514,,4000.023,-1.729,-38.731,,,,3996.187,-25.021,-46.43,,,,,,,,,,,,,,,,,,,,,,,,,3998.992,-17.677,-39.879,,,,,,,,,,,,,,,,,,,"",1,0,"레이나2",,,,64,""
137,,8,1,0,9,0,0,1,0,0,0,255,255,255,49,4019.104,"Ainy4／あいにゃ",R,3,74,102,0.091,-0.046,0.518,1.728,0.987,1.591,-36.955,46.617,93,7,0,0,-443.677,0,-6.514,0,0,0,8,R,"Gonyong",169.8,80,0.2,,74,W,Y,0,,,,,,,,,,,,,,,,,,,,,,,,,,,,0,0,,,,,,,,,,,,,,,,,,,,,,,,,,,,,,,,,,,,,,-0.067,-38.012,0.019,-17.297,-21.474,-46.787,-12.841,-65.043,24.276,-53.863,11.786,-65.416,49.669,-99.745,-7.21,-113.072,-46.388,-88.064,,,,"",,,,"",,,,"",,,,"",,,,"",,,,"",,,,"",,,,"",,,,4023.595,-0.502,-37.604,,,,,,,,,,,,,,,,,,,,,,,,,,,,,,,,,,,,,,,,,,,,,,,,,,,,"",0,0,"",,,,0,""
138,,8,1,0,9,0,1,1,0,0,0,255,255,255,50,4037.628,"Ainy4／あいにゃ",R,3,75,102,-0.859,0.512,0.395,1.856,0.603,1.902,-36.955,51.497,88,12,0,0,-463.636,0,-1.224,0,0,0,8,R,"Gonyong",169.8,80,0.2,,74,W,Y,0,,,,,,,,,,,,,,,,,,,,,,,,,,,,0,0,,,,,,,,,,,,,,,,,,,,,,,,,,,,,,,,,,,,,,-0.138,-37.89,0.024,-17.307,-21.514,-46.8,-12.845,-65.09,23.284,-51.963,11.37,-64.932,49.601,-99.788,-7.376,-112.932,-44.976,-86.262,,,,"",,,,"",,,,"",,,,"",,,,"",,,,"",,,,"",,,,"",,,,4043.174,-0.3,-37.426,,,,,,,,,,,,,,,,,,,,,,,,,,,,,,,,,,,,,,,,,,,,,,,,,,,,"",0,0,"",,,,0,""
139,,8,1,0,9,0,2,1,0,0,0,255,255,255,51,4055.963,"Ainy4／あいにゃ",R,3,81,109,-2.9,-0.603,0.06,1.594,-0.434,1.268,-36.955,13.941,51,49,0,2,-399.752,0,-17.979,0,0,0,8,R,"Gonyong",169.8,80,0.2,3,74,W,Y,0,4057.212,115,177,52,141,54,133,74,14.584,56.043,-0.664,0.764,-20.609,1,0.238,0.43,-66.304,596.312,4.043,4058.154,-24.358,-34.674,,,,,,0,0,,,,,,,,,,,,,,,,,,,,,,,,,,,,,,,,,,,,,,-0.197,-37.903,0.022,-17.256,-21.419,-46.752,-12.872,-65.116,23.3,-52.972,11.433,-65.175,49.594,-99.796,-9.614,-114.379,-46.65,-88.348,0.075,-37.217,,"IbikiKai_JP",-0.083,-17.49,,"레이나2",-21.139,-46.664,,"눈꽃",-12.91,-65.065,,"_이누_",22.411,-51.721,,"sano jpn",10.541,-64.454,,"Pring__",49.576,-99.791,,"Amellaid",-9.145,-114.374,,"Dοpi",-46.642,-88.342,,,,,,,,,,,,,,,,,,,,,,,,,,,,,,,,,,,,,,,,,,,,,,,,,,,,,,,,"",3,0,"",,,,0,""
140,,8,1,0,9,0,2,1,0,0,0,255,255,255,52,4075.015,"Ainy4／あいにゃ",R,32,84,137,2.545,-0.633,0.208,1.628,0.039,1.198,-36.955,18.385,61,39,0,2,225.91,-76.211,-17.071,0,0,0,8,R,"Gonyong",169.8,80,0.2,3,74,W,Y,0,4076.109,183,126,92,58,5,145,86,13.368,43.362,0.169,0.682,-19.698,-0.69,0,0.285,-291.256,3.406,524.555,4077.031,-21.175,-42.247,4077.387,2,-20.553,0.267,-41.586,0,0,,,,,,,,,,,,,,,4079.372,0,,147,0,,,,,,,,,,,4078.71,2,,,,,,,0.03,-38.164,0.038,-17.305,-21.455,-46.599,-14.46,-64.436,22.75,-51.244,10.313,-65.91,48.573,-101.039,-6.755,-114.158,-47.495,-88.159,0.081,-37.57,,"IbikiKai_JP",0.017,-17.318,,"레이나2",-21.235,-46.509,86,"눈꽃",-14.267,-64.483,,"_이누_",22.617,-50.571,,"sano jpn",10.206,-65.649,,"Pring__",48.59,-101.049,,"Amellaid",-6.719,-114.102,,"Dοpi",-47.362,-88.146,,4081.278,-0.79,-38.912,,,,4077.913,-21.105,-42.126,,,,,,,,,,,,,,,,,,,,,,,,,4080.28,-17.809,-39.994,,,,,,,,,,,,,,,,,,,"",0,0,"레이나2",,,,64,""
141,,8,1,0,9,0,0,2,0,0,0,255,255,255,53,4099.104,"Ainy4／あいにゃ",R,10,72,102,-0.231,-0.485,0.212,1.966,-0.184,1.924,-36.955,41.159,89,11,0,2,35.942,400,-15.523,0,0,1,0,R,"?fredo?",190.4,86.374,0.436,0,74,W,Y,1,4100.314,255,142,79,105,33,145,92,-12.914,-7.219,-0.042,0.842,-20.467,-1,0,0.189,-594.15,-54.558,-63.321,4099.977,0.361,-23.64,4100.954,0,2.138,0.371,-37.548,0,0,,,,,,,,,,,,,,,4103.966,1,,147,0,,,,,,,,,,,,,,,,,,,-0.054,-38.013,0.019,-17.263,-21.2,-46.652,-14.188,-64.611,22.642,-51.843,9.246,-66.075,44.129,-97.485,-7.165,-112.656,-48.733,-92.994,0.185,-37.756,118,"IbikiKai_JP",0.014,-17.291,,"레이나2",-21.024,-46.586,,"눈꽃",-14.177,-64.59,,"_이누_",22.591,-51.738,,"sano jpn",9.153,-65.12,,"Pring__",43.571,-96.833,,"Amellaid",-8.329,-112.311,,"Dοpi",-47.301,-91.746,,4101.471,1.756,-37.868,,,,4103.348,-19.075,-39.666,,,,,,,,,,,,,,,,,,,4102.531,-2.135,-39.024,,,,,,,,,,,,,,,,,,,,,,,,,"",2,0,"Ainy4／あいにゃ",,,,64,""
142,SIDE,8,1,0,9,0,0,2,0,0,0,255,255,255,,4104.753,,,,,,,,,,,,,,,,,,,,,,,2,,,,,,,,,,,,,,,,,,,,,,,,,,,,,,,,,,,,,,,0,0,,,,,,,,,,,,,,,,,,,,,,,,,,,,,,,,,,,,,,,,,,,,,,,,,,,,,,,,,,,,,,,,,,,,,,,,,,,,,,,,,,,,,,,,,,,,,,,,,,,,,,,,,,,,,,,,,,,,,,,,,,,,,,,,,,,,,,,,,,,,,,,,,"",0,0,"",,,,0,""
143,,8,0,0,9,0,0,0,0,0,0,255,255,255,75,4144.734,"?fredo?",L,26,88,140,-1.512,0.832,-0.376,1.913,-0.744,1.934,-36.594,21.807,86,12,2,4,73.739,-152.473,0,0,0,7,8,R,"Dοpi",175.5,90,0.35,,74,W,Y,1,,,,,,,,,,,,,,,,,,,,,,,,,,,,0,0,,,,,,,,,,,,,,,,,,,,,,,,,,,,,,,,,,,,,,-0.198,-37.935,0,-17.138,-21.65,-50.057,-12.06,-60.815,20.095,-49.605,10.737,-62.618,36.003,-99.358,-0.278,-114.365,-42.405,-91.521,,,,"",,,,"",,,,"",,,,"",,,,"",,,,"",,,,"",,,,"",,,,,,,,,,,,,,,,,,,,,,,,,,,,,,,,,,,,,,,,,,,,,,,,,,,,,,,,,,"",0,0,"",,,,0,""
144,,8,0,0,9,0,1,0,0,0,0,255,255,255,76,4160.271,"?fredo?",L,3,79,116,-0.21,0.002,-0.517,1.839,-0.936,1.638,-36.594,16.69,68,25,6,2,499.077,30.371,0,0,0,7,8,R,"Dοpi",175.5,90,0.35,0,74,W,Y,1,4161.304,159,126,84,87,45,145,132,-30,5.887,-0.066,0.65,-19.665,0.59,0,0.301,-574.618,129.537,-114.169,4160.82,-0.171,-20.682,4170.109,7,-9.278,0.055,-130.328,1,0,,4167.545,4172.557,,,,,,,,,,,,,,,,,,,,,,,,,,,,,,,,,,,-0.353,-37.714,-0.031,-17.124,-21.505,-50.133,-12.211,-61.179,20.435,-49.466,9.116,-62.917,36.522,-99.304,-1.688,-114.285,-42.334,-91.448,-0.362,-37.248,,"kneesohime",-0.037,-17.145,,"にゃんこ65K",-21.497,-50.066,,"Metalu",-12.217,-60.939,,"Parottey",20.24,-49.664,,"CoalCat",9.198,-62.743,85,"あくせる",36.523,-99.275,,"「yune」",-1.43,-114.377,94,"Gonyong",-42.292,-91.394,,4178.873,0.237,-38.238,,,,,,,,,,,,,4175.453,0.207,-59.791,,,,4170.699,-9.259,-129.662,,,,,,,,,,,,,,,,,,,4177.73,1.595,-57.677,,,,4171.959,-7.514,-124.695,,,,"",2,0,"「yune」",4172.557,,,322,""
145,,8,0,0,9,0,0,0,0,1,0,255,18,255,77,4190.437,"?fredo?",L,26,91,140,-1.108,0.764,-0.327,1.872,-0.514,1.802,-36.594,17.339,84,12,4,0,31.754,-181.697,0,0,0,8,7,L,"Amellaid",160,80.447,0.439,,74,W,Y,0,,,,,,,,,,,,,,,,,,,,,,,,,,,,0,0,,,,,,,,,,,,,4190.944,,,,,,,,,,,,,,,,,,,,,,,,,-0.146,-37.577,0.034,-17.25,-21.475,-47.871,-2.11,-61.489,18.637,-44.359,12.697,-60.26,40.417,-93.686,-0.475,-114.246,-38.499,-95.664,,,,"",,,,"",,,,"",,,,"",,,,"",,,,"",,,,"",,,,"",,,,4194.988,-0.212,-38.052,,,,,,,,,,,,,,,,,,,,,,,,,,,,,,,,,,,,,,,,,,,,,,,,,,,,"",0,0,"",4193.444,,,0,""
146,,8,0,0,9,0,1,0,0,1,0,255,18,255,78,4208.112,"?fredo?",L,13,79,116,3.113,-1.178,-0.175,1.781,0.695,1.428,-36.594,9.498,34,58,8,1,384.498,319.627,0,0,0,8,7,L,"Amellaid",160,80.447,0.439,,74,W,Y,0,,,,,,,,,,,,,,,,,,,,,,,,,,,,0,0,,,,,,,,,,,,,,,,,,,,,,,,,,,,,,,,,,,,,,-0.175,-38.265,0.115,-17.557,-19.038,-47.836,-1.476,-60.579,18.936,-45.401,12.435,-59.223,39.997,-96.329,0.317,-112.982,-38.604,-95.684,,,,"",,,,"",,,,"",,,,"",,,,"",,,,"",,,,"",,,,"",,,,4214.312,-0.134,-38.113,,,,,,,,,,,,,,,,,,,,,,,,,,,,,,,,,,,,,,,,,,,,,,,,,,,,"",0,0,"",4211.21,,,0,""
147,,8,0,0,9,1,1,0,0,1,0,255,18,255,79,4224.761,"?fredo?",L,10,88,128,-1.52,-0.559,-0.356,1.869,-0.651,1.791,-36.594,22.625,85,13,2,2,0,400,0,0,0,8,7,L,"Amellaid",160,80.447,0.439,0,74,W,Y,1,4225.705,197,233,55,23,21,129,85,-1.813,-9.254,-0.281,0.703,-20.391,-0.32,0,0.427,374.767,-462.272,76.517,4225.665,1.478,-30.396,4227.465,5,6.117,0.059,-55.551,0,0,,4230.506,,,,,,,4229.986,,,,4224.954,,4230.556,8,,147,64,,,,,,,,,,,,,,,,,,,-0.241,-37.727,0.042,-17.428,-20.199,-48.308,-1.009,-59.888,20.27,-45.285,12.721,-59.157,39.988,-96.322,0.369,-113.014,-38.584,-95.663,-0.146,-37.449,,"kneesohime",-0.026,-17.613,,"にゃんこ65K",-20.088,-48.226,85,"Metalu",-4.665,-60.703,,"Parottey",19.42,-44.712,,"CoalCat",12.765,-58.982,102,"あくせる",40.013,-96.316,,"「yune」",0.676,-113.091,,"Gonyong",-38.551,-95.668,,4234.569,1.086,-38.493,,,,4229.979,-18.582,-40.677,,,,,,,4227.982,6.371,-56.593,,,,,,,,,,,,,,,,4233.503,-17.821,-40.194,,,,,,,4228.737,3.06,-55.036,,,,,,,,,,"",2,0,"CoalCat",,4229.986,,82,""
148,,8,0,0,9,0,0,1,0,0,1,255,255,18,80,4251.035,"?fredo?",L,13,79,116,0.853,-0.61,-0.267,1.843,-0.237,1.689,-36.594,15.036,71,20,9,0,367.182,339.378,0,0,0,0,5,R,"sano jpn",172.3,92.118,0.561,,74,W,Y,0,,,,,,,,,,,,,,,,,,,,,,,,,,,,0,0,,,,,,,,,,,,,,4252.028,,,,,,,,,,,,,,,,,,,,,,,,-0.163,-37.584,0.074,-17.552,-20.019,-47.071,-8.537,-60.159,18.555,-40.174,7.85,-58.271,36.195,-97.659,-5.951,-114.371,-35.99,-89.94,,,,"",,,,"",,,,"",,,,"",,,,"",,,,"",,,,"",,,,"",,,,4255.714,-0.362,-37.912,,,,,,,,,,,,,,,,,,,,,,,,,,,,,,,,,,,,,,,,,,,,,,,,,,,,"",0,0,"",,4253.737,,0,""
149,,8,0,0,9,0,1,1,0,0,1,255,255,18,81,4265.125,"?fredo?",L,26,91,140,-1.136,0.369,-0.339,1.83,-0.574,1.64,-36.594,13.986,53,44,2,2,65.96,-170.728,0,0,0,0,5,R,"sano jpn",172.3,92.118,0.561,3,74,W,Y,1,4266.282,146,39,128,84,25,145,125,11.545,33.282,-0.201,0.994,-19.734,0.34,0,0.344,424.565,296.042,-303.486,4269.654,-60.044,-101.532,4272.388,8,-52.644,0.058,-100.294,1,0,,4271.064,4275.495,,,,,,,,4275.186,,,4270.232,,,,,,,,,,,,,,,,,,,,,,,,-0.255,-37.703,0.032,-17.214,-20.275,-47.473,-8.665,-60.203,18.508,-40.473,7.941,-58.279,35.911,-97.244,-4.552,-113.719,-36.043,-90.054,0.147,-37.455,,"kneesohime",-0.064,-17.272,,"にゃんこ65K",-19.981,-47.557,85,"Metalu",-8.618,-59.876,,"Parottey",18.428,-42.63,,"CoalCat",7.656,-54.763,,"あくせる",35.88,-97.254,,"「yune」",-4.548,-113.72,,"Gonyong",-36.012,-90.012,101,4281.493,1.035,-38.824,,,,4276.65,-24.252,-47.819,,,,,,,,,,,,,,,,4272.912,-51.541,-99.19,,,,,,,4280.213,-20.019,-48.289,,,,,,,,,,,,,,,,4273.997,-51.937,-95.168,"",2,0,"Gonyong",4275.495,,4275.186,19,""
150,,8,0,0,10,0,0,1,0,1,0,255,15,255,82,4300.275,"?fredo?",L,28,89,140,-1.15,0.229,-0.333,1.828,-0.545,1.636,-36.594,16.797,81,14,5,2,40.963,-85.404,0,0,0,1,3,L,"눈꽃",169.832,85,0.497,0,74,W,Y,0,4301.433,221,43,79,47,17,141,111,28.249,-27.963,-0.102,1.033,-19.332,0.84,0,0.282,185.176,255.211,-510.468,4305.398,40.75,-103.443,4305.609,6,39.43,2.462,-100.068,0,0,,4306.539,,,,,,,,,,,4325.862,,4306.144,1,,455,0,,,,,,,,,,,,,,,4310.861,4,,,-0.121,-37.426,-0.011,-17.154,-19.875,-48.81,-10.068,-61.491,19.904,-45.487,12.493,-58.711,43.94,-96.81,-1.812,-117.057,-48.552,-107.482,-0.281,-37.118,,"kneesohime",-0.042,-17.192,,"にゃんこ65K",-19.885,-48.379,,"Metalu",-9.031,-61.799,,"Parottey",19.743,-45.155,85,"CoalCat",12.495,-58.593,,"あくせる",43.951,-96.809,109,"「yune」",-1.81,-117.054,,"Gonyong",-48.227,-106.973,,4313.197,-0.002,-38.046,,,,,,,,,,4309.675,20.164,-40.957,,,,4306.155,39.718,-100.834,,,,,,,,,,,,,,,,,,,4312.232,16.623,-40.533,,,,4307.133,36.147,-96.342,,,,,,,"",1,0,"あくせる",4307.033,,,42,""
151,,8,0,0,10,0,0,2,0,1,0,255,15,255,83,4338.206,"?fredo?",L,13,86,110,1.828,-0.341,-0.184,1.91,0.098,1.834,-36.594,21.537,69,26,5,1,391.101,311.512,0,0,0,2,6,L,"Pring__",174.8,91.089,0.455,,74,W,Y,0,,,,,,,,,,,,,,,,,,,,,,,,,,,,0,0,,,,,,,,,,,,,4341.288,,,,,,,,,,,,,,,,,,,,,,,,,-0.108,-37.638,0.027,-17.052,-19.906,-48.491,-2.324,-61.582,20.343,-45.942,13.648,-59.563,47.335,-98.564,2.936,-113.365,-41.149,-100.965,,,,"",,,,"",,,,"",,,,"",,,,"",,,,"",,,,"",,,,"",,,,4343.537,-0.031,-38.242,,,,,,,,,,,,,,,,,,,,,,,,,,,,,,,,,,,,,,,,,,,,,,,,,,,,"",0,0,"",4341.16,,,0,""
152,,8,0,0,10,1,0,2,0,1,0,255,15,255,84,4354.437,"?fredo?",L,13,69,97,1.521,-0.823,-0.228,1.858,-0.038,1.712,-36.594,15.521,67,27,6,1,323.499,339.733,0,0,0,2,6,L,"Pring__",174.8,91.089,0.455,,74,W,Y,0,,,,,,,,,,,,,,,,,,,,,,,,,,,,0,0,,,,,,,,,,,,,4355.027,,,,,,,,,,,,,,,,,,,,,,,,,-0.199,-37.659,0.058,-17.282,-21.112,-48.78,-3.927,-60.633,20.395,-45.734,13.799,-59.603,47.335,-98.548,3.056,-113.334,-41.116,-100.962,,,,"",,,,"",,,,"",,,,"",,,,"",,,,"",,,,"",,,,"",,,,4359.448,-0.114,-38.031,,,,,,,,,,,,,,,,,,,,,,,,,,,,,,,,,,,,,,,,,,,,,,,,,,,,"",0,0,"",4357.223,,,0,""
153,,8,0,0,10,2,0,2,0,1,0,255,15,255,85,4370.749,"?fredo?",L,27,89,140,0.495,0.356,-0.186,1.84,0.139,1.679,-36.594,17.326,89,11,0,0,60.759,-128.77,0,0,0,2,6,L,"Pring__",174.8,91.089,0.455,,74,W,Y,0,,,,,,,,,,,,,,,,,,,,,,,,,,,,0,0,,,,,,,,,,,,,4385.15,,,,,,,,,,,,,,,,,,,,,,,,,-0.295,-38.137,0.011,-17.105,-20.847,-49.847,-4.836,-60.981,19.804,-44.99,13.923,-59.409,47.772,-99.17,2.905,-113.29,-41.122,-100.984,,,,"",,,,"",,,,"",,,,"",,,,"",,,,"",,,,"",,,,"",,,,4374.999,-0.474,-38.041,,,,,,,,,,,,,,,,,,,,,,,,,,,,,,,,,,,,,,,,,,,,,,,,,,,,"",0,0,"",4373.662,,,0,""
154,,8,0,0,10,2,1,2,0,1,0,255,15,255,86,4386.394,"?fredo?",L,10,87,128,0.069,-0.35,-0.203,1.889,0.059,1.849,-36.594,19.771,89,8,3,2,-15.187,400,0,0,0,2,6,L,"Pring__",174.8,91.089,0.455,3,74,W,Y,1,4387.371,255,190,108,125,65,145,126,100.879,67.207,0.011,0.848,-20.602,0.59,0,0.521,520.052,-123.078,-272.76,,,,,,,,,0,0,,,,,,,,,,,,,4401.435,,,,,,,,,,,,,,,,,,,,,,,,,-0.264,-38.122,0.045,-17.183,-21.376,-49.846,-0.318,-59.361,20.194,-44.76,13.549,-59.552,47.779,-99.145,2.805,-113.218,-41.234,-101.02,-0.097,-37.331,,"kneesohime",0.054,-17.366,,"にゃんこ65K",-21.025,-49.931,,"Metalu",-2.536,-59.812,,"Parottey",19.753,-44.36,,"CoalCat",13.509,-59.417,,"あくせる",47.759,-99.165,,"「yune」",2.804,-113.217,,"Gonyong",-41.272,-101.032,,,,,,,,,,,,,,,,,,,,,,,,,,,,,,,,,,,,,,,,,,,,,,,,,,,,,,,,"",3,0,"",4390.837,,,0,""
155,,8,0,0,10,2,2,2,0,1,0,255,15,255,87,4403.426,"?fredo?",L,6,52,97,-2.746,-0.541,-0.265,1.735,-0.227,1.308,-36.594,8.744,57,43,0,4,-440.909,0,0,0,0,2,6,L,"Pring__",174.8,91.089,0.455,,74,W,Y,1,,,,,,,,,,,,,,,,,,,,,,,,,,,,0,4,,,,,,,,,,,,,4407.298,,4406.249,2,,578,0,,,,,,,,,,,,,,,,,,,-0.267,-38.078,0.079,-17.119,-21.154,-50.245,-2.563,-60.635,19.669,-44.498,13.561,-59.762,47.878,-97.467,2.75,-114.207,-42.869,-100.582,,,,"",,,,"",,,,"",,,,"",,,,"",,,,"",,,,"",,,,"",,,,,,,,,,,,,,,,,,,,,,,,,,,,,,,,,,,,,,,,,,,,,,,,,,,,,,,,,,"",0,0,"",4406.808,,,0,""
156,SIDE,8,0,0,10,2,2,2,0,1,0,255,15,255,,4411.93,,,,,,,,,,,,,,,,,,,,,,,2,,,,,,,,,,,,,,,,,,,,,,,,,,,,,,,,,,,,,,,0,0,,,,,,,,,,,,,,,,,,,,,,,,,,,,,,,,,,,,,,,,,,,,,,,,,,,,,,,,,,,,,,,,,,,,,,,,,,,,,,,,,,,,,,,,,,,,,,,,,,,,,,,,,,,,,,,,,,,,,,,,,,,,,,,,,,,,,,,,,,,,,,,,,"",0,0,"",,,,0,""
157,,9,1,0,10,0,0,0,0,0,0,255,255,255,54,4452.082,"Ainy4／あいにゃ",R,32,79,129,0.08,0,0.121,1.71,-0.365,1.513,-36.955,25.135,92,8,0,2,247.781,-91.415,-13.356,0,0,2,1,R,"kneesohime",190,84.513,0.501,3,74,W,Y,1,4453.201,255,112,133,102,60,145,105,114.197,-56.378,-0.008,1.042,-20.352,-0.12,0,0.292,425.22,369.099,207.253,,,,,,,,,0,0,,,,,,,,,,,,,,,,,,,,,,,,,,,,,,,,,,,,,,-0.194,-37.964,0.024,-17.328,-21.218,-47.086,-13.884,-64.57,23.253,-51.991,10.142,-65.869,52.056,-102.172,-7.089,-115.869,-47.991,-94.836,0.048,-37.592,,"IbikiKai_JP",0.018,-17.335,,"레이나2",-21.021,-47.127,,"눈꽃",-13.88,-64.548,,"_이누_",22.687,-52.192,,"sano jpn",10.378,-65.805,,"Pring__",51.988,-102.319,,"Amellaid",-7.143,-115.839,,"Dοpi",-47.997,-94.818,,,,,,,,,,,,,,,,,,,,,,,,,,,,,,,,,,,,,,,,,,,,,,,,,,,,,,,,"",3,0,"",,,,0,""
158,,9,1,0,10,0,1,0,0,0,0,255,255,255,55,4474.992,"Ainy4／あいにゃ",R,0,0,0,0,0,0,0,0,0,0,0,0,0,0,0,0,0,0,0,0,2,1,R,"kneesohime",190,84.513,0.501,,74,W,Y,0,,,,,,,,,,,,,,,,,,,,,,,,,,,,0,0,,,,,,,,,,,,,,,,,,,,,,,,,,,,,,,,,,,,,,-0.156,-38.083,0.01,-17.377,-21.414,-46.828,-14.766,-63.986,23.383,-53.365,9.266,-66.436,51.446,-102.475,-7.841,-116.238,-45.73,-89.959,,,,"",,,,"",,,,"",,,,"",,,,"",,,,"",,,,"",,,,"",,,,,,,,,,,,,,,,,,,,,,,,,,,,,,,,,,,,,,,,,,,,,,,,,,,,,,,,,,"",0,0,"",,,,0,""
159,,9,1,0,10,1,1,0,0,0,0,255,255,255,56,4495.099,"Ainy4／あいにゃ",R,29,84,136,-0.281,0.895,0.251,1.855,0.238,1.981,-36.955,31.53,95,5,0,0,-250,-200,-3.579,0,0,2,1,R,"kneesohime",190,84.513,0.501,,74,W,Y,1,,,,,,,,,,,,,,,,,,,,,,,,,,,,0,0,,,,,,,,,,,,,,,,,,,,,,,,,,,,,,,,,,,,,,-0.124,-37.977,0.021,-17.318,-21.534,-46.758,-14.502,-64.304,22.641,-51.579,9.355,-66.28,51.434,-102.478,-8.54,-117.223,-46.776,-91.584,,,,"",,,,"",,,,"",,,,"",,,,"",,,,"",,,,"",,,,"",,,,,,,,,,,,,,,,,,,,,,,,,,,,,,,,,,,,,,,,,,,,,,,,,,,,,,,,,,"",0,0,"",,,,0,""
160,,9,1,0,10,1,2,0,0,0,0,255,255,255,57,4514.072,"Ainy4／あいにゃ",R,3,82,108,-2.557,-0.022,0.124,1.731,-0.236,1.605,-36.955,31.221,93,7,0,4,-445.541,0,-11.158,0,0,2,1,R,"kneesohime",190,84.513,0.501,,74,W,Y,1,,,,,,,,,,,,,,,,,,,,,,,,,,,,0,0,,,,,,,,,,,,,,,4516.887,2,,578,0,,,,,,,,,,,,,,,,,,,-0.279,-37.875,-0.005,-17.344,-21.528,-46.898,-14.853,-64.298,22.519,-51.373,9.06,-66.632,51.441,-102.461,-6.413,-118.905,-47.398,-86.829,,,,"",,,,"",,,,"",,,,"",,,,"",,,,"",,,,"",,,,"",,,,,,,,,,,,,,,,,,,,,,,,,,,,,,,,,,,,,,,,,,,,,,,,,,,,,,,,,,"",0,0,"",,,,0,""
161,,9,1,0,10,0,0,1,0,0,0,255,255,255,58,4536.258,"Ainy4／あいにゃ",R,26,80,130,0.804,1.583,0.338,1.984,0.643,2.4,-36.955,42.449,90,10,0,1,-191.992,-200,-14.02,0,0,3,6,R,"あくせる",190,89.801,0.5,,74,W,Y,0,,,,,,,,,,,,,,,,,,,,,,,,,,,,0,0,,,,,,,,,,,,,,,,,,,,,,,,,,,,,,,,,,,,,,-0.078,-38.029,-0.008,-17.425,-21.339,-46.59,-14.666,-64.253,23.604,-51.759,11.205,-65.679,52.1,-104.906,-5.325,-115.638,-46.689,-89.541,,,,"",,,,"",,,,"",,,,"",,,,"",,,,"",,,,"",,,,"",,,,,,,,,,,,,,,,,,,,,,,,,,,,,,,,,,,,,,,,,,,,,,,,,,,,,,,,,,"",0,0,"",,,,0,""
162,,9,1,0,10,1,0,1,0,0,0,255,255,255,59,4552.198,"Ainy4／あいにゃ",R,29,90,140,0.659,-0.359,0.336,1.614,0.631,1.201,-36.955,22.853,51,49,0,0,-250,-200,19.636,0,0,3,6,R,"あくせる",190,89.801,0.5,,74,W,Y,1,,,,,,,,,,,,,,,,,,,,,,,,,,,,0,0,,,,,,,,,,,,,,,,,,,,,,,,,,,,,,,,,,,,,,-0.037,-37.985,0.002,-17.347,-21.316,-46.411,-14.616,-64.464,23.681,-51.757,11.163,-65.336,52.099,-104.904,-6.234,-115.695,-47.728,-90.318,,,,"",,,,"",,,,"",,,,"",,,,"",,,,"",,,,"",,,,"",,,,,,,,,,,,,,,,,,,,,,,,,,,,,,,,,,,,,,,,,,,,,,,,,,,,,,,,,,"",0,0,"",,,,0,""
163,,9,1,0,10,1,1,1,0,0,0,255,255,255,60,4572.271,"Ainy4／あいにゃ",R,32,81,132,4.524,-0.31,0.082,1.595,-0.549,1.142,-36.955,21.308,45,55,0,2,177.035,-101.064,-18.044,0,0,3,6,R,"あくせる",190,89.801,0.5,0,74,W,Y,1,4573.376,255,123,169,104,53,145,128,1.053,24.858,-0.117,0.762,-19.936,0.2,0,0.216,31.75,599.133,-5.577,4572.987,-11.192,-42.104,4575.81,8,-38.458,0.06,-92.281,1,0,,4579.317,,,,,,,,,,,,,,,,,,,,,,,,,,,,,,,,4587.594,4,,,-0.224,-37.913,-0.233,-17.251,-21.529,-46.98,-14.116,-64.734,24.194,-51.524,10.861,-65.617,52.075,-104.882,-6.161,-115.835,-51.506,-90.798,0.122,-37.49,,"IbikiKai_JP",-0.327,-17.472,,"레이나2",-21.206,-47.005,76,"눈꽃",-12.488,-65.086,,"_이누_",24.172,-51.483,66,"sano jpn",10.764,-65.552,,"Pring__",52.055,-104.837,,"Amellaid",-6.169,-115.823,,"Dοpi",-53.846,-92.042,104,4591.1,0.247,-38.838,,,,4580.315,-19.46,-40.933,,,,4586.335,21.671,-39.934,,,,,,,,,,4576.826,-39.241,-92.47,,,,,,,4583.822,-18.044,-39.92,,,,4589.903,17.322,-40.457,,,,,,,,,,4578.044,-35.181,-87.167,"",2,0,"Dοpi",,,,208,""
164,,9,1,0,10,0,0,1,1,0,0,6,255,255,61,4608.282,"Ainy4／あいにゃ",R,29,76,126,0.3,1.046,0.294,1.882,0.437,2.069,-36.955,45.538,96,4,0,2,-191.047,-188.808,-20.411,0,0,4,2,R,"にゃんこ65K",190,91.072,0.596,5,74,W,Y,0,4609.368,148,84,104,48,46,145,132,29.917,-36.419,0.042,1.396,-19.997,0.63,0,0.263,483.294,295.513,197.734,4614.487,67.97,-125.282,,,,,,0,0,,4616.726,4621.79,4626.928,4632.093,4614.647,4619.734,4625.207,,,,,,,,,,,,,,,,,,,,,,,,,,,,,,-0.101,-38,-0.008,-17.415,-20.993,-42.223,-11.221,-58.979,23.905,-51.817,10.046,-59.128,52.165,-103.378,-7.728,-109.545,-55.32,-96.759,0.085,-37.684,,"IbikiKai_JP",0.002,-17.445,,"레이나2",-20.491,-45.74,,"눈꽃",-10.198,-59.162,,"_이누_",24.088,-53.098,,"sano jpn",10.152,-59.097,,"Pring__",52.16,-103.378,,"Amellaid",-7.718,-109.538,,"Dοpi",-55.323,-96.753,,,,,,,,,,,,,,,,,,,,,,,,,,,,,,,,,,,,,,,,,,,,,,,,,,,,,,,,"",4,0,"",4614.647,4619.734,4625.207,0,""
165,,9,1,2,10,0,0,1,0,0,0,255,255,255,62,4654.452,"Ainy4／あいにゃ",R,27,99,140,-1.351,-1.411,0.055,1.428,-0.675,0.6,-36.955,11.035,44,56,0,1,59.296,-137.697,-3.414,0,0,5,4,R,"Parottey",190,84,0.442,,74,W,Y,0,,,,,,,,,,,,,,,,,,,,,,,,,,,,0,0,,,,,,,,,,,,,,,,,,,,,,,,,,,,,,,,,,,,,,-0.139,-37.946,0.021,-17.337,-21.308,-46.93,-13.139,-64.811,25,-52.447,12.359,-65.184,52.989,-105.302,-5.512,-111.643,-50.346,-93.188,,,,"",,,,"",,,,"",,,,"",,,,"",,,,"",,,,"",,,,"",,,,,,,,,,,,,,,,,,,,,,,,,,,,,,,,,,,,,,,,,,,,,,,,,,,,,,,,,,"",0,0,"",,,,0,""
166,,9,1,2,10,1,0,1,0,0,0,255,255,255,63,4674.542,"Ainy4／あいにゃ",R,10,77,118,82.051,0.959,0.193,1.747,-0.033,1.632,-36.955,22.712,92,8,0,2,0,400,15.084,0,0,5,4,R,"Parottey",190,84,0.442,3,74,W,Y,1,4675.724,255,106,89,86,53,145,122,-30,32.583,-0.105,0.668,-20.597,0.78,0,0.645,-429.328,366.705,202.99,4674.343,-0.833,-21.732,4675.954,2,-16.231,2.045,-46.075,0,0,,4681.544,,,,,,,,,,,,,4679.593,5,,147,0,,,,,,,,,,,4678.929,2,,,,,,,-0.115,-38.019,-0.06,-17.447,-21.358,-46.957,-13.451,-64.43,24.982,-52.479,11.194,-65.086,52.874,-105.136,-5.448,-110.955,-48.176,-87.888,0.199,-37.615,,"IbikiKai_JP",-0.107,-17.543,,"레이나2",-21.098,-46.897,85,"눈꽃",-13.451,-64.251,,"_이누_",24.982,-52.473,,"sano jpn",11.218,-64.337,,"Pring__",52.975,-105.304,,"Amellaid",-5.246,-110.935,,"Dοpi",-48.176,-87.891,,4681.591,-0.999,-38.645,,,,4677.258,-16.814,-46.911,,,,,,,,,,,,,,,,,,,,,,,,,4680.599,-18.066,-39.689,,,,,,,,,,,,,,,,,,,"",2,0,"레이나2",,,,64,""
167,,9,1,2,10,0,0,2,0,0,0,255,255,255,64,4700.469,"Ainy4／あいにゃ",R,32,78,129,-0.52,-0.927,0.215,1.713,-0.495,1.015,-36.955,32.568,87,13,0,2,166.219,-47.189,-7.44,0,0,6,5,R,"CoalCat",169.5,82.838,0.435,3,74,W,Y,1,4701.588,255,173,106,90,66,145,80,30.258,50.353,-0.152,0.889,-22.261,1,0,0.682,-113.52,441.614,389.987,4703.154,-40.799,-50.96,,,,,,0,0,,,,,,,,,,,,,,,,,,,,,,,,,,,,,,,,,,,,,,-0.179,-37.984,0.007,-17.335,-21.206,-46.612,-14.637,-63.862,22.564,-49.591,11.211,-65.369,47.9,-99.921,-7.8,-113.07,-45.784,-86.678,0.21,-37.276,,"IbikiKai_JP",-0.016,-17.383,,"레이나2",-20.924,-46.699,,"눈꽃",-10.704,-65.808,,"_이누_",22.305,-49.814,,"sano jpn",11.416,-66.701,,"Pring__",47.909,-99.945,,"Amellaid",-7.951,-113.007,,"Dοpi",-45.621,-86.488,,,,,,,,,,,,,,,,,,,,,,,,,,,,,,,,,,,,,,,,,,,,,,,,,,,,,,,,"",3,0,"",,,,0,""
168,,9,1,2,10,0,1,2,0,0,0,255,255,255,65,4720.079,"Ainy4／あいにゃ",R,14,83,107,1.146,-0.674,0.106,1.79,-0.292,1.742,-36.955,15.015,89,11,0,2,379.786,312.348,33.725,0,0,6,5,R,"CoalCat",169.5,82.838,0.435,5,74,W,Y,1,4721.28,255,113,135,108,59,145,82,29.316,8.857,0.34,0.821,-22.216,1,0,0.623,-125.028,506.984,-295.526,4724.587,-16.754,-87.133,4725.365,7,-18.069,0.697,-90.285,1,0,,4726.669,,,,,,,,,,,,,,,,,,,,,,,,,,,,,,,,,,,,-0.115,-37.918,0.052,-17.396,-21.172,-46.697,-14.576,-63.917,23.357,-52.155,10.653,-63.019,47.813,-98.986,-7.967,-111.382,-43.206,-87.388,0.158,-37.445,,"IbikiKai_JP",0.077,-17.477,,"레이나2",-20.934,-46.745,,"눈꽃",-14.067,-64.116,,"_이누_",23.357,-52.067,,"sano jpn",10.487,-61.588,64,"Pring__",47.814,-98.986,,"Amellaid",-7.084,-111.65,95,"Dοpi",-43.652,-87.878,,4734.523,0.076,-38.609,,,,,,,,,,,,,4729.651,-0.342,-59.961,,,,4726.621,-18.058,-91.342,,,,,,,,,,,,,,,,,,,4733.171,-0.427,-57.39,,,,4728.352,-14.094,-79.929,,,,"",2,0,"Amellaid",,,,257,""
169,,9,1,2,10,0,0,2,1,0,0,5,255,255,66,4754.454,"Ainy4／あいにゃ",R,14,76,103,1.449,-0.598,0.154,1.805,-0.143,1.776,-36.955,25.471,96,4,0,0,365.589,312.348,7.408,0,0,7,3,L,"Metalu",173.6,82.749,0.433,,74,W,Y,0,,,,,,,,,,,,,,,,,,,,,,,,,,,,0,0,,,,,,,,,,,,4755.855,,,,,,,,,,,,,,,,,,,,,,,,,,-0.038,-38.02,0.012,-17.361,-21.644,-46.201,-11.177,-64.593,24.229,-49.678,13.958,-64.648,55.607,-99.787,0.414,-109.507,-40.316,-97.343,,,,"",,,,"",,,,"",,,,"",,,,"",,,,"",,,,"",,,,"",,,,4758.632,-0.266,-38.087,,,,,,,,,,,,,,,,,,,,,,,,,,,,,,,,,,,,,,,,,,,,,,,,,,,,"",0,0,"",,,,0,""
170,,9,1,2,10,0,1,2,1,0,0,5,255,255,67,4775.546,"Ainy4／あいにゃ",R,28,82,133,-0.517,1.454,0.134,1.943,-0.308,2.325,-36.955,36.987,92,8,0,1,52.148,-97.116,-1.081,0,0,7,3,L,"Metalu",173.6,82.749,0.433,,74,W,Y,0,,,,,,,,,,,,,,,,,,,,,,,,,,,,0,0,,,,,,4779.698,,,,,,,,,,,,,,,,,,,,,,,,,,4780.075,3,,,,,-0.336,-37.682,-0.056,-17.407,-20.244,-41.446,-7.688,-63.379,24.301,-48.764,14.031,-64.095,55.596,-99.787,-2.159,-109.019,-39.069,-89.831,,,,"",,,,"",,,,"",,,,"",,,,"",,,,"",,,,"",,,,"",,,,4783.662,0.009,-38.769,,,,,,,,,,,,,,,,,,,,,,,,,,,,,,,,,,,,,,,,,,,,,,,,,,,,"",0,0,"",4779.698,,,0,""
171,,9,1,2,10,1,1,2,0,1,0,255,5,255,68,4802.219,"Ainy4／あいにゃ",R,28,83,134,-1.819,-0.123,0.017,1.699,-0.851,1.46,-36.955,17.954,51,49,0,2,38.687,-62.937,-0.168,0,0,7,3,L,"Metalu",173.6,82.749,0.433,3,74,W,Y,1,4803.312,156,40,69,80,21,140,79,-12.474,4.242,-0.37,0.79,-20.566,-1,0,0.242,-166.242,527.471,-232.677,4801.731,-0.617,-23.632,4802.721,0,-1.696,0.179,-35.944,0,0,,,,,,,,,4808.363,4813.53,,,4802.379,,4807.243,7,,147,0,,,,,,,,,,,,,,,,,,,-0.3,-37.758,-0.004,-17.443,-21.449,-46.886,-7.121,-63.682,23.62,-49.213,12.474,-60.769,53.513,-101.774,-0.558,-111.088,-44.664,-92.547,-0.105,-37.252,118,"IbikiKai_JP",-0.046,-17.569,,"레이나2",-20.898,-47.062,,"눈꽃",-6.643,-62.717,,"_이누_",23.433,-48.778,,"sano jpn",12.497,-60.727,,"Pring__",53.51,-101.772,,"Amellaid",-0.598,-111.085,,"Dοpi",-43.095,-88.94,,4804.495,-1.516,-35.916,,,,4806.632,-19.202,-39.463,,,,,,,,,,,,,,,,,,,4805.961,-7.395,-39.378,,,,,,,,,,,,,,,,,,,,,,,,,"",2,0,"Ainy4／あいにゃ",,4808.363,4813.53,64,""
172,END,9,0,2,10,0,0,0,0,0,0,255,255,255,,4957,,,,,,,,,,,,,,,,,,,,,,,,,,,,,,,,,,,,,,,,,,,,,,,,,,,,,,,,,,,,,,,,,,,,,,,,,,,,,,,,,,,,,,,,,,,,,,,,,,,,,,,,,,,,,,,,,,,,,,,,,,,,,,,,,,,,,,,,,,,,,,,,,,,,,,,,,,,,,,,,,,,,,,,,,,,,,,,,,,,,,,,,,,,,,,,,,,,,,,,,,,,,,,,,,,,,,,,,"{""schemaVersion"":6,""gameTimeZeroUtc"":""2026-08-04T13:05:57.204Z"",""exportedAtUtc"":""2026-08-04T14:28:34.204Z"",""teamNameA"":""Red"",""teamNameB"":""Blue""}"
