id,inn,half,scoreA,scoreB,ball,strk,out,b1,b2,b3,b1Idx,b2Idx,b3Idx,pCnt,pSec,pName,pHand,pType,pPow,spdK,zoneX,zoneY,startX,startY,targetX,targetY,zDist,pitchAngle,pOver,pSide,pUnder,call,balk,sH,sV,gyro,plx,plz,bSwing,bIdx,bPos,bZone,bName,bHCm,batLen,batCen,batType,bFps,bOS,bVR,hSec,rotS,rotL,shS,lgS,prepS,batSpd,ev,ldeg,sdeg,hPos,buntGrip,handDist,angVeloX,angVeloY,angVeloZ,PPosX,PPosY,PThrSpd,CName,CPosX,CPosY,CThrSpd,1BName,1BPosX,1BPosY,1BThrSpd,2BName,2BPosX,2BPosY,2BThrSpd,3BName,3BPosX,3BPosY,3BThrSpd,SSName,SSPosX,SSPosY,SSThrSpd,LFName,LFPosX,LFPosY,LFThrSpd,CFName,CFPosX,CFPosY,CFThrSpd,RFName,RFPosX,RFPosY,RFThrSpd,ltSec,lx,lz,cSec,cPos,cPlr,cx,cz,1BSafe,tag,cpSec,sb2Sec,sb3Sec,sbhSec,ass,result
1,1,1,0,0,0,0,0,0,0,0,255,255,255,0,386.911,"Pring__",R,32,92,140,-1.119,-0.695,0.152,1.399,-0.689,1.029,-36.186,17.363,32,68,0,0,0,246.335,-200,36.849,0,0,0,0,8,R,"Yaksok~",173.3,80,0.332,0,86,W,Y,0,0,0,0,0,0,0,0,0,0,0,0,0,0,0,0,-0.142,-37.598,0,"HalF_HearteD",0.007,-16.684,0,"ame_3",-19.546,-45.979,0,"_Gosomi",-15.324,-62.412,0,"horisen",18.273,-45.552,0,"alcohol500",9.851,-62.691,0,"AI",40.9,-90.65,0,"紅さかな",-0.301,-119.375,0,"Pizzallaris",-41.732,-100.682,0,0,0,0,0,0,"",0,0,0,0,387.558,,,,0,0
2,1,1,0,0,0,1,0,0,0,0,255,255,255,1,403.101,"Pring__",R,0,58,99,2.75,0.55,0.682,1.641,1.177,1.943,-36.186,77.811,9,91,0,2,0,0,0,-11.868,0,0,0,0,8,R,"Yaksok~",173.3,80,0.332,3,86,W,Y,404.171,236,122,99,89,45,145,107,96.541,64.856,0.1,0,0.22,324.429,20.386,473.615,0.098,-37.257,0,"HalF_HearteD",-0.041,-16.902,0,"ame_3",-19.48,-45.931,0,"_Gosomi",-15.04,-62.624,0,"horisen",18.365,-45.363,0,"alcohol500",10.626,-61.814,0,"AI",40.9,-90.65,0,"紅さかな",-0.825,-115.151,0,"Pizzallaris",-41.736,-100.738,0,0,0,0,0,0,"",0,0,0,0,,,,,8,3
3,1,1,0,0,0,2,0,0,0,0,255,255,255,2,423.64,"Pring__",R,13,86,111,-0.763,-1.337,0.304,1.462,0.012,1.385,-36.186,32.917,52,48,0,1,0,-203.348,400,7.241,0,0,0,0,8,R,"Yaksok~",173.3,80,0.332,0,86,W,Y,0,0,0,0,0,0,0,0,0,0,0,0,0,0,0,0,-0.093,-37.604,0,"HalF_HearteD",0.006,-16.671,0,"ame_3",-19.897,-46.288,0,"_Gosomi",-14.56,-62.655,0,"horisen",18.809,-45.295,0,"alcohol500",11.966,-63.214,0,"AI",40.9,-90.65,0,"紅さかな",0.264,-116.525,0,"Pizzallaris",-41.911,-102.433,0,0,0,0,0,0,"",0,0,0,0,424.346,,,,0,0
4,1,1,0,0,1,2,0,0,0,0,255,255,255,3,440.083,"Pring__",R,3,81,106,-1.313,-0.539,0.398,1.433,0.302,1.316,-36.186,38.082,13,87,0,2,0,-481.818,0,-2.559,0,0,1,0,8,R,"Yaksok~",173.3,80,0.332,3,86,W,Y,441.157,216,130,95,85,31,145,94,110.736,-68.564,0.94,0,0.16,297.805,-316.294,320.475,-0.161,-37.481,0,"HalF_HearteD",-0.437,-16.836,0,"ame_3",-19.8,-45.929,0,"_Gosomi",-14.925,-63.252,0,"horisen",18.645,-45.54,0,"alcohol500",11.842,-63.132,0,"AI",40.9,-90.65,0,"紅さかな",0.4,-116.593,0,"Pizzallaris",-42.696,-102.801,0,0,0,0,0,0,"",0,0,0,0,,,,,8,3
5,1,1,0,0,1,2,0,0,0,0,255,255,255,4,456.915,"Pring__",R,32,93,140,-1.358,0.066,0.105,1.325,-0.908,1.474,-36.186,21.042,0,100,0,0,0,250,-200,26.489,0,0,0,0,8,R,"Yaksok~",173.3,80,0.332,0,86,W,Y,0,0,0,0,0,0,0,0,0,0,0,0,0,0,0,0,-0.067,-37.705,0,"HalF_HearteD",-0.031,-16.68,0,"ame_3",-19.577,-45.676,0,"_Gosomi",-15.614,-63.008,0,"horisen",18.773,-45.495,0,"alcohol500",11.147,-63,0,"AI",40.9,-90.65,0,"紅さかな",-0.857,-115.933,0,"Pizzallaris",-42.632,-102.319,0,0,0,0,0,0,"",0,0,0,0,457.546,,,,0,0
6,1,1,0,0,0,0,1,0,0,0,255,255,255,5,481.572,"Pring__",R,32,97,140,-3.318,-0.739,-0.045,1.185,-1.606,1.006,-36.186,19.232,0,100,0,1,0,250,-200,49.026,0,0,0,1,6,R,"-KYU-",180.7,83,0.433,0,86,W,Y,0,0,0,0,0,0,0,0,0,0,0,0,0,0,0,0,-0.103,-37.551,0,"HalF_HearteD",-0.019,-16.754,0,"ame_3",-20.009,-46.454,0,"_Gosomi",-15.604,-62.986,0,"horisen",18.308,-45.134,0,"alcohol500",8.962,-63.046,0,"AI",40.9,-90.65,0,"紅さかな",0.068,-118.1,0,"Pizzallaris",-44.77,-101.263,0,0,0,0,0,0,"",0,0,0,0,482.424,,,,0,0
7,1,1,0,0,1,0,1,0,0,0,255,255,255,6,497.137,"Pring__",R,32,91,140,-2.687,-0.259,-0.016,1.269,-1.47,1.292,-36.186,16.996,5,95,0,1,0,250,-200,39.969,0,0,0,1,6,R,"-KYU-",180.7,83,0.433,0,86,W,Y,0,0,0,0,0,0,0,0,0,0,0,0,0,0,0,0,-0.077,-37.771,0,"HalF_HearteD",-0.197,-16.757,0,"ame_3",-19.905,-46.415,0,"_Gosomi",-15.625,-62.998,0,"horisen",18.589,-45.585,0,"alcohol500",9.224,-63.882,0,"AI",40.9,-90.65,0,"紅さかな",0.424,-119.222,0,"Pizzallaris",-44.767,-101.263,0,0,0,0,0,0,"",0,0,0,0,497.946,,,,0,0
8,1,1,0,0,2,0,1,0,0,0,255,255,255,7,512.873,"Pring__",R,13,81,106,-0.818,-0.458,0.306,1.432,0.328,1.783,-36.186,33.423,23,77,0,2,0,-376.237,312.348,11.157,0,0,1,1,6,R,"-KYU-",180.7,83,0.433,3,86,W,Y,514.038,255,150,122,95,99,145,115,-6.035,35.391,0.89,0,0.648,-96.734,283.782,2.927,0.044,-37.007,0,"HalF_HearteD",-0.264,-16.985,0,"ame_3",-19.888,-46.351,91,"_Gosomi",-15.572,-62.929,0,"horisen",18.64,-45.573,0,"alcohol500",9.423,-64.046,0,"AI",40.9,-90.65,0,"紅さかな",0.607,-119.264,0,"Pizzallaris",-44.766,-101.264,0,513.713,-4.643,-27.088,514.769,2,"ame_3",-16.109,-43.853,0,0,,,,,40,2
9,1,1,0,0,0,0,2,0,0,0,255,255,255,8,537.955,"Pring__",R,13,80,106,0.267,-0.374,0.398,1.441,0.614,1.795,-36.186,41.267,46,54,0,0,0,-329.785,364.525,3.128,0,0,1,2,0,L,"Kr_Luna",190,95.256,0.499,0,76,W,Y,0,0,0,0,0,0,0,0,0,0,0,0,0,0,0,0,-0.085,-37.644,0,"HalF_HearteD",-0.103,-16.697,0,"ame_3",-19.722,-46.274,0,"_Gosomi",-10.984,-65.308,0,"horisen",18.318,-45.155,0,"alcohol500",11.737,-63.133,0,"AI",40.9,-90.65,0,"紅さかな",7.259,-122.979,0,"Pizzallaris",-43.944,-101.517,0,0,0,0,0,0,"",0,0,0,0,538.669,,,,0,0
10,1,1,0,0,0,1,2,0,0,0,255,255,255,9,556.424,"Pring__",R,3,78,104,0.051,-0.208,0.49,1.309,0.9,1.51,-36.186,44.194,0,100,0,2,0,-472.727,0,-0.361,0,0,1,2,0,L,"Kr_Luna",190,95.256,0.499,3,77,W,Y,557.388,160,38,68,35,24,136,130,-30,-13.321,0.41,0,0.047,-424.976,-174.703,314.921,-0.004,-37.323,0,"HalF_HearteD",-0.184,-16.844,0,"ame_3",-19.783,-46.242,0,"_Gosomi",-11.936,-64.651,0,"horisen",18.324,-45.154,0,"alcohol500",13.034,-62.758,98,"AI",40.9,-90.65,0,"紅さかな",7.054,-123.139,0,"Pizzallaris",-43.944,-101.51,0,556.813,0.235,-20.564,558.658,5,"alcohol500",9.833,-60.554,0,0,621.091,,,,508,2
11,1,0,0,0,0,0,0,0,0,0,255,255,255,0,732.69,"Kr_Luna",L,13,76,114,1.862,-0.964,-0.166,1.782,0.158,1.519,-36.808,29.918,94,6,0,2,0,362.752,344.11,0,0,0,0,0,8,R,"Pizzallaris",175.1,88,0.383,3,86,W,Y,733.826,145,92,118,83,93,145,113,-30,-42.87,0.87,0.095,0.355,-273.654,290.569,-395.342,0.368,-37.476,0,"mungjungh",0.092,-17.916,0,"가앤슬_",-21.419,-47.23,0,"crani",-14.29,-63.294,0,"HANA_ARASHI",17.017,-58.317,0,"CVPileMaki",2.06,-67.819,0,"-KYU-",42.98,-97.503,0,"k@ster",-0.42,-107.09,0,"Yaksok~",-34.313,-87.335,0,733.235,1.18,-21.358,0,0,"",0,0,0,0,,,,,4,0
12,1,0,0,0,0,1,0,0,0,0,255,255,255,1,777.449,"Kr_Luna",L,10,67,110,0.461,-2.261,-0.255,1.703,0.207,0.876,-36.808,35.447,100,0,0,1,0,0,400,0,0,0,0,0,8,R,"Pizzallaris",175.1,88,0.383,0,84,W,Y,0,0,0,0,0,0,0,0,0,0,0,0,0,0,0,0,0.294,-37.991,0,"mungjungh",-0.006,-17.899,0,"가앤슬_",-20.867,-46.875,0,"crani",-14.75,-62.819,0,"HANA_ARASHI",18.079,-57.058,0,"CVPileMaki",1.358,-68.034,0,"-KYU-",43.853,-94.924,0,"k@ster",-2.806,-111.349,0,"Yaksok~",-34.083,-90.226,0,0,0,0,0,0,"",0,0,0,0,778.346,,,,0,0
13,1,0,0,0,1,1,0,0,0,0,255,255,255,2,792.551,"Kr_Luna",L,28,90,140,1.237,0.445,-0.06,1.852,0.651,1.765,-36.808,38.528,88,11,1,0,0,-79.262,-89.006,0,0,0,1,0,8,R,"Pizzallaris",175.1,88,0.383,0,84,W,Y,0,0,0,0,0,0,0,0,0,0,0,0,0,0,0,0,0.295,-38.022,0,"mungjungh",0.215,-17.828,0,"가앤슬_",-20.438,-46.635,0,"crani",-14.283,-63.192,0,"HANA_ARASHI",18.168,-59.519,0,"CVPileMaki",1.947,-67.958,0,"-KYU-",43.912,-94.874,0,"k@ster",-1.464,-111.101,0,"Yaksok~",-34.114,-90.663,0,0,0,0,0,0,"",0,0,0,0,793.28,,,,0,0
14,1,0,0,0,1,2,0,0,0,0,255,255,255,3,808.776,"Kr_Luna",L,10,81,124,0.104,-2.73,-0.189,1.526,0.05,0.254,-36.808,21.612,58,42,0,1,0,0,326.378,0,0,0,0,0,8,R,"Pizzallaris",175.1,88,0.383,0,84,W,Y,0,0,0,0,0,0,0,0,0,0,0,0,0,0,0,0,0.349,-38.083,0,"mungjungh",0.014,-17.89,0,"가앤슬_",-21.387,-48.142,0,"crani",-14.343,-63.152,0,"HANA_ARASHI",19.255,-55.584,0,"CVPileMaki",1.687,-67.995,0,"-KYU-",43.827,-94.934,0,"k@ster",-0.258,-111.784,0,"Yaksok~",-34.731,-89.146,0,0,0,0,0,0,"",0,0,0,0,809.613,,,,0,0
15,1,0,0,0,2,2,0,0,0,0,255,255,255,4,824.131,"Kr_Luna",L,27,94,128,1.494,0.33,0.03,1.815,0.712,1.652,-36.808,31.749,87,10,3,2,0,-39.639,-123.499,0,0,0,1,0,8,R,"Pizzallaris",175.1,88,0.383,3,84,W,Y,825.31,145,123,165,75,89,145,86,64.365,-55.458,-0.78,0.095,0.391,-26.039,-188.697,-30.436,0.283,-37.917,0,"mungjungh",0.122,-17.769,0,"가앤슬_",-21.342,-48.113,0,"crani",-14.324,-63.139,0,"HANA_ARASHI",17.133,-58.722,0,"CVPileMaki",1.493,-68.053,0,"-KYU-",43.703,-94.839,0,"k@ster",-0.263,-111.808,0,"Yaksok~",-35.055,-90.219,0,830.002,48.902,-49.155,0,0,"",0,0,0,0,,,,,4,3
16,1,0,0,0,2,2,0,0,0,0,255,255,255,5,854.152,"Kr_Luna",L,12,54,107,-1.151,0.644,-0.306,1.976,-0.492,2.181,-36.808,45.965,100,0,0,2,0,0,136.527,0,0,0,1,0,8,R,"Pizzallaris",175.1,88,0.383,3,82,W,Y,855.348,98,133,78,98,44,134,117,25.294,12.518,0.26,0,0.233,298.773,492.843,6.632,-0.034,-37.968,0,"mungjungh",-0.006,-17.681,0,"가앤슬_",-21.244,-47.2,0,"crani",-14.477,-63.354,0,"HANA_ARASHI",17.746,-54.625,0,"CVPileMaki",1.956,-67.916,82,"-KYU-",43.743,-95.48,0,"k@ster",-0.557,-111.486,0,"Yaksok~",-34.786,-89.78,104,859.802,-34.35,-117.582,862.246,8,"Yaksok~",-35.139,-119.408,1,0,,865.515,,,69,2
17,1,0,0,0,0,0,0,0,1,0,255,18,255,6,892.378,"Kr_Luna",L,12,63,116,-0.332,1.053,-0.23,2,-0.138,2.267,-36.808,42.943,100,0,0,0,0,0,51.176,0,0,0,0,1,3,R,"_Gosomi",175.3,85.038,0.47,0,81,W,Y,0,0,0,0,0,0,0,0,0,0,0,0,0,0,0,0,0.171,-37.906,119,"mungjungh",-0.135,-17.877,0,"가앤슬_",-21.135,-47.734,0,"crani",-13.771,-63.905,0,"HANA_ARASHI",20.755,-46.701,0,"CVPileMaki",0.661,-60.93,0,"-KYU-",42.172,-96.878,0,"k@ster",-0.273,-114.204,0,"Yaksok~",-35.825,-96.444,0,0,0,0,0,0,"",0,0,0,0,893.302,895.162,,,0,0
18,1,0,0,0,0,1,0,0,1,0,255,18,255,7,934.989,"Kr_Luna",L,10,73,114,0.957,1.053,-0.11,2.158,0.42,2.821,-36.808,46.61,89,11,0,0,0,0,400,0,0,0,0,1,3,R,"_Gosomi",175.3,85.038,0.47,0,81,W,Y,0,0,0,0,0,0,0,0,0,0,0,0,0,0,0,0,0.369,-37.902,98,"mungjungh",-0.018,-17.901,0,"가앤슬_",-20.689,-46.709,0,"crani",-14.302,-63.729,0,"HANA_ARASHI",20.887,-42.117,0,"CVPileMaki",8.475,-65.54,0,"-KYU-",45.99,-91.885,0,"k@ster",-0.274,-111.266,0,"Yaksok~",-33.71,-93.47,0,0,0,0,0,0,"",0,0,0,0,935.858,,938.377,,0,0
19,1,0,0,0,0,2,0,0,0,1,255,255,18,8,962.483,"Kr_Luna",L,14,72,111,-2.271,-1.089,-0.274,1.781,-0.346,1.498,-36.808,43.382,100,0,0,1,0,-339.016,367.517,0,-0.57,-17.314,0,1,3,R,"_Gosomi",175.3,85.038,0.47,0,81,W,Y,0,0,0,0,0,0,0,0,0,0,0,0,0,0,0,0,0.247,-38.394,0,"mungjungh",-0.409,-17.35,0,"가앤슬_",-20.426,-46.013,0,"crani",-13.527,-63.741,0,"HANA_ARASHI",21.14,-45.185,0,"CVPileMaki",8.59,-63.789,0,"-KYU-",41.682,-96.324,0,"k@ster",-0.13,-117.071,0,"Yaksok~",-33.909,-91.477,0,0,0,0,0,0,"",0,0,0,0,963.38,,965.359,,0,0
20,1,0,0,0,1,2,0,0,0,1,255,255,18,9,980.465,"Kr_Luna",L,10,70,113,-0.968,-1.109,-0.27,1.939,-0.414,1.509,-36.808,52.732,89,11,0,4,0,0,400,0,0,0,1,1,3,R,"_Gosomi",175.3,85.038,0.47,0,81,W,Y,0,0,0,0,0,0,0,0,0,0,0,0,0,0,0,0,0.001,-38.137,0,"mungjungh",-0.17,-17.41,0,"가앤슬_",-20.848,-45.547,0,"crani",-13.569,-63.826,0,"HANA_ARASHI",19.453,-43.911,0,"CVPileMaki",6.639,-63.636,0,"-KYU-",41.98,-96.405,0,"k@ster",-0.025,-117.219,0,"Yaksok~",-34.337,-91.745,0,0,0,0,0,0,"",0,0,0,0,981.369,,983.578,,0,0
21,1,0,0,0,0,0,1,0,0,1,255,255,18,10,1005.115,"Kr_Luna",L,10,79,119,1.73,-1.44,-0.038,1.803,0.754,1.225,-36.808,25.689,93,7,0,2,0,0,400,0,0,0,1,2,7,R,"紅さかな",173.2,86,0.402,3,79,W,Y,1006.269,146,152,121,108,93,145,126,111.983,-68.418,0.65,0,0.139,-215.776,-445.38,-183.465,0.374,-37.935,0,"mungjungh",0.187,-17.454,0,"가앤슬_",-21.66,-47.103,0,"crani",-13.904,-63.667,0,"HANA_ARASHI",18.508,-44.373,0,"CVPileMaki",9.427,-64.805,0,"-KYU-",43.529,-95.73,0,"k@ster",0.016,-113.961,0,"Yaksok~",-34.275,-90.07,0,0,0,0,0,0,"",0,0,0,0,,,1009.54,,4,3
22,1,0,0,0,0,1,1,0,0,1,255,255,18,11,1024.927,"Kr_Luna",L,10,81,120,2.06,-2.393,-0.055,1.668,0.673,0.745,-36.808,21.413,93,7,0,2,0,132.166,400,0,0,0,1,2,7,R,"紅さかな",173.2,86,0.402,3,80,W,Y,1026.073,175,150,102,124,40,145,126,-17.52,17.95,0.69,0,0.174,-349.87,466.088,-142.664,0.288,-37.967,0,"mungjungh",0.172,-17.387,0,"가앤슬_",-22.604,-48.55,0,"crani",-14.033,-63.598,0,"HANA_ARASHI",19.65,-44.29,0,"CVPileMaki",8.87,-65.663,0,"-KYU-",44.037,-96.514,0,"k@ster",-0.239,-115.154,0,"Yaksok~",-35.277,-90.033,0,1025.391,0.238,-20.984,1027.157,3,"crani",-12.055,-58.772,1,0,,,,1030.191,36,2
23,1,0,0,1,0,0,1,1,0,0,17,255,255,12,1061.159,"Kr_Luna",L,10,81,121,-1.962,-0.93,-0.381,1.773,-0.843,1.501,-36.808,42.435,92,8,0,1,0,0,400,0,0,0,0,3,0,L,"Pring__",190,93.089,0.485,0,80,W,Y,0,0,0,0,0,0,0,0,0,0,0,0,0,0,0,0,0.277,-38.139,0,"mungjungh",-0.209,-17.621,0,"가앤슬_",-20.322,-43.286,0,"crani",-12.92,-63.99,0,"HANA_ARASHI",17.62,-57.33,0,"CVPileMaki",1.716,-67.729,0,"-KYU-",45.179,-98.104,0,"k@ster",-2.506,-120.427,0,"Yaksok~",-39.335,-94.66,0,0,0,0,0,0,"",0,0,0,0,1061.791,,,,0,0
24,1,0,0,1,1,0,1,1,0,0,17,255,255,13,1079.081,"Kr_Luna",L,10,71,113,-1.539,-0.741,-0.342,1.924,-0.66,1.654,-36.808,54.217,86,12,2,1,0,0,400,0,0,0,0,3,0,L,"Pring__",190,93.089,0.485,0,80,W,Y,0,0,0,0,0,0,0,0,0,0,0,0,0,0,0,0,0.09,-38.034,0,"mungjungh",-0.083,-17.508,0,"가앤슬_",-20.344,-43.386,0,"crani",-13.788,-63.691,0,"HANA_ARASHI",18.049,-57.499,0,"CVPileMaki",1.149,-66.815,0,"-KYU-",45.821,-97.821,0,"k@ster",-2.037,-120.064,0,"Yaksok~",-39.323,-94.644,0,0,0,0,0,0,"",0,0,0,0,1079.857,,,,0,0
25,1,0,0,1,2,0,1,1,0,0,17,255,255,14,1098.174,"Kr_Luna",L,13,81,119,-0.444,-0.509,-0.318,1.956,-0.549,1.759,-36.808,39.695,86,14,0,2,0,212.691,400,0,0,0,0,3,0,L,"Pring__",190,93.089,0.485,3,80,W,Y,1099.111,255,173,94,112,93,145,123,18.611,16.058,0.23,0,0.637,-73.912,-478.813,-289.663,-0.042,-37.482,0,"mungjungh",0.136,-17.481,0,"가앤슬_",-20.629,-45.353,0,"crani",-13.719,-63.681,0,"HANA_ARASHI",18.905,-54.941,0,"CVPileMaki",1.711,-67.23,85,"-KYU-",46.52,-98.194,0,"k@ster",-2.683,-121.162,87,"Yaksok~",-37.369,-92.911,0,1102.824,-17.18,-126.03,1104.469,7,"k@ster",-18.061,-130.694,1,0,,1103.738,1108.612,,196,2
26,1,0,0,1,0,0,1,0,1,1,255,10,17,15,1135.043,"Kr_Luna",L,10,85,127,0.382,0.449,-0.163,2.017,0.171,2.256,-36.808,47.695,92,8,0,0,0,0,393.628,0,0,0,0,4,1,R,"HalF_HearteD",190,82,0.446,0,80,W,Y,0,0,0,0,0,0,0,0,0,0,0,0,0,0,0,0,-0.071,-37.843,0,"mungjungh",0.18,-17.382,0,"가앤슬_",-21.907,-47.581,0,"crani",-13.893,-63.503,0,"HANA_ARASHI",19.212,-43.87,0,"CVPileMaki",2.12,-67.506,0,"-KYU-",43.278,-98.919,0,"k@ster",-3.486,-118.535,0,"Yaksok~",-35.554,-89.668,0,0,0,0,0,0,"",0,0,0,0,1135.924,1137.896,1137.896,,0,0
27,1,0,0,1,0,1,1,0,1,1,255,10,17,16,1158.206,"Kr_Luna",L,26,88,140,0.903,1.446,-0.099,1.941,0.471,2.358,-36.808,39.148,83,13,4,1,0,-53.862,-174.36,0,0,0,0,4,1,R,"HalF_HearteD",190,82,0.446,0,80,W,Y,0,0,0,0,0,0,0,0,0,0,0,0,0,0,0,0,0.06,-38.075,0,"mungjungh",-0.005,-17.279,0,"가앤슬_",-21.608,-46.339,0,"crani",-13.885,-63.483,0,"HANA_ARASHI",19.106,-39.926,0,"CVPileMaki",1.824,-67.438,0,"-KYU-",43.353,-98.882,0,"k@ster",-3.684,-118.367,0,"Yaksok~",-35.075,-90.801,0,0,0,0,0,0,"",0,0,0,0,1158.958,1161.066,1160.978,,0,0
28,1,0,0,1,0,2,1,0,1,1,255,10,17,17,1179.262,"Kr_Luna",L,13,72,111,-0.198,-1.008,-0.362,1.657,-0.755,1.437,-36.808,20.027,59,41,0,1,0,362.098,344.798,0,0,0,0,4,1,R,"HalF_HearteD",190,82,0.446,0,80,W,Y,0,0,0,0,0,0,0,0,0,0,0,0,0,0,0,0,0.143,-38.281,0,"mungjungh",-0.249,-17.252,0,"가앤슬_",-22.506,-48.131,0,"crani",-14.039,-63.434,0,"HANA_ARASHI",20.015,-42.567,0,"CVPileMaki",0.494,-64.738,0,"-KYU-",42.709,-98.047,0,"k@ster",-3.643,-118.685,0,"Yaksok~",-36.651,-92.314,0,0,0,0,0,0,"",0,0,0,0,1180.224,1182.065,1182.445,,0,0
29,1,0,0,1,1,2,1,0,1,1,255,10,17,18,1199.209,"Kr_Luna",L,14,74,113,-2.254,-1.336,-0.256,1.669,-0.259,1.174,-36.808,35.642,100,0,0,1,0,-390.434,312.348,0,0,0,0,4,1,R,"HalF_HearteD",190,82,0.446,0,80,W,Y,0,0,0,0,0,0,0,0,0,0,0,0,0,0,0,0,0.297,-38.326,0,"mungjungh",-0.387,-17.331,0,"가앤슬_",-21.702,-46.873,0,"crani",-14.137,-63.524,0,"HANA_ARASHI",18.738,-43.65,0,"CVPileMaki",1.112,-68.142,0,"-KYU-",42.957,-98.181,0,"k@ster",-3.639,-118.553,0,"Yaksok~",-36.757,-92.281,0,0,0,0,0,0,"",0,0,0,0,1200.157,1202.154,1202.077,,0,0
30,1,0,0,1,2,2,1,0,1,1,255,10,17,19,1213.934,"Kr_Luna",L,27,85,137,0.668,0.846,-0.112,1.935,0.412,2.037,-36.808,45.162,87,13,0,0,0,-81.639,-105.254,0,0,0,1,4,1,R,"HalF_HearteD",190,82,0.446,0,80,W,Y,0,0,0,0,0,0,0,0,0,0,0,0,0,0,0,0,0.188,-38.133,0,"mungjungh",0.075,-17.406,0,"가앤슬_",-21.176,-45.97,0,"crani",-14.109,-63.463,0,"HANA_ARASHI",20.002,-41.46,0,"CVPileMaki",0.659,-65.271,0,"-KYU-",42.612,-98.254,0,"k@ster",-3.667,-118.527,0,"Yaksok~",-36.61,-92.048,0,0,0,0,0,0,"",0,0,0,0,1214.691,1217.275,1216.855,,0,0
31,1,0,0,1,0,0,2,0,1,1,255,10,17,20,1237.905,"Kr_Luna",L,3,68,97,-0.91,-0.22,-0.58,1.849,-1.178,1.723,-36.808,36.614,97,3,0,0,0,413.533,173.44,0,0,0,0,5,2,L,"ame_3",190,80,0.21,0,80,W,Y,0,0,0,0,0,0,0,0,0,0,0,0,0,0,0,0,0.278,-38.118,0,"mungjungh",-0.168,-17.345,0,"가앤슬_",-22.39,-48.47,0,"crani",-8.285,-65.743,0,"HANA_ARASHI",21.114,-45.327,0,"CVPileMaki",14.762,-63.362,0,"-KYU-",45.707,-97.86,0,"k@ster",0.266,-120.078,0,"Yaksok~",-37.373,-91.773,0,0,0,0,0,0,"",0,0,0,0,1238.691,1240.809,1240.76,,0,0
32,1,0,0,1,0,1,2,0,1,1,255,10,17,21,1255.288,"Kr_Luna",L,10,73,116,1.248,-0.901,-0.237,1.837,0.295,1.371,-36.808,34.767,96,4,0,2,0,144.427,270.955,0,0,0,1,5,2,L,"ame_3",190,80,0.21,3,80,W,Y,1256.323,181,81,85,57,42,145,37,-74.252,-74.256,0.63,0,0.51,-123.368,-304.294,-47.711,0.351,-38,0,"mungjungh",0.541,-17.361,0,"가앤슬_",-22.407,-48.509,0,"crani",-8.205,-65.615,0,"HANA_ARASHI",20.499,-47.365,0,"CVPileMaki",15.619,-63.136,0,"-KYU-",45.712,-97.812,0,"k@ster",0.251,-120.1,0,"Yaksok~",-36.795,-92.319,0,1255.702,0.988,-19.397,0,0,"",0,0,0,0,,1261.016,1261.328,,4,3
33,1,0,0,1,0,2,2,0,1,1,255,10,17,22,1281.595,"Kr_Luna",L,14,68,109,-1.65,-2.529,-0.201,1.522,-0.006,0.7,-36.808,29.242,98,2,0,2,0,-370.725,331.707,0,0,0,1,5,2,L,"ame_3",190,80,0.21,3,35,W,Y,1282.577,255,153,118,109,62,145,106,-41.209,-0.89,-0.08,0,0.493,-560.762,163.147,-27.217,0.253,-38.085,0,"mungjungh",-0.353,-17.292,0,"가앤슬_",-22.972,-49.549,0,"crani",-8.306,-65.414,0,"HANA_ARASHI",20.792,-46.783,0,"CVPileMaki",14.523,-63.555,78,"-KYU-",46.512,-95.95,0,"k@ster",-0.215,-119.598,95,"Yaksok~",-36.543,-92.923,0,1281.935,-0.32,-20.187,1286.946,7,"k@ster",1.707,-99.833,1,0,,,1287.167,1287.078,196,2
34,1,0,0,2,0,0,2,1,0,1,12,255,10,23,1315.746,"Kr_Luna",L,27,85,138,-0.773,0.949,-0.249,1.915,-0.228,1.999,-36.808,44.296,87,11,1,0,0,-81.566,-146.326,0,0,0,0,6,5,L,"alcohol500",175.1,86.32,0.398,0,79,W,Y,0,0,0,0,0,0,0,0,0,0,0,0,0,0,0,0,0.177,-38.121,0,"mungjungh",-0.133,-17.248,0,"가앤슬_",-21.837,-45.43,0,"crani",-8.329,-66.107,0,"HANA_ARASHI",21.137,-44.958,0,"CVPileMaki",14.67,-63.152,0,"-KYU-",42.698,-95.671,0,"k@ster",0.609,-109.451,0,"Yaksok~",-37.227,-91.73,0,0,0,0,0,0,"",0,0,0,0,1316.302,,1318.055,,0,0
35,1,0,0,2,0,1,2,1,0,1,12,255,10,24,1335.414,"Kr_Luna",L,13,75,114,2.662,-1.97,-0.144,1.742,0.727,1.013,-36.808,25.521,99,1,0,2,0,239.912,400,0,0,0,1,6,5,L,"alcohol500",175.1,86.32,0.398,3,79,W,Y,1336.423,129,83,96,102,41,139,102,-30,-44.047,0.93,0,0.143,22.995,436.897,390.957,0.311,-38.113,0,"mungjungh",0.278,-17.425,0,"가앤슬_",-21.8,-45.853,0,"crani",-6.951,-66.122,0,"HANA_ARASHI",21.507,-47.472,120,"CVPileMaki",16.58,-62.419,0,"-KYU-",42.615,-95.726,0,"k@ster",3.337,-109.976,0,"Yaksok~",-37.307,-93.097,0,1335.902,0.809,-20.296,1337.357,4,"HANA_ARASHI",21.683,-41.958,0,0,,1342.076,,1342.385,24,2
36,2,1,0,2,0,0,0,0,0,0,255,255,255,10,1388.771,"Pring__",R,13,90,126,-2.742,-1.122,0.109,1.398,-0.888,1.08,-36.186,14.045,20,80,0,1,0,-390.434,312.348,47.625,0,0,0,3,4,R,"HANA_ARASHI",190,90,0.25,0,79,W,Y,0,0,0,0,0,0,0,0,0,0,0,0,0,0,0,0,-0.133,-37.581,0,"HalF_HearteD",-0.125,-16.736,0,"ame_3",-19.703,-46.569,0,"_Gosomi",-13.462,-64.199,0,"horisen",18.98,-45.587,0,"alcohol500",9.64,-64.691,0,"AI",40.9,-90.65,0,"紅さかな",0.995,-120.632,0,"Pizzallaris",-42.032,-99.148,0,0,0,0,0,0,"",0,0,0,0,1389.435,,,,0,0
37,2,1,0,2,1,0,0,0,0,0,255,255,255,11,1406.442,"Pring__",R,13,90,126,-1.834,-0.773,0.149,1.313,-0.237,1.45,-36.186,19.325,16,84,0,4,0,-390.434,312.348,30.816,0,0,1,3,4,R,"HANA_ARASHI",190,90,0.25,0,79,W,Y,0,0,0,0,0,0,0,0,0,0,0,0,0,0,0,0,-0.09,-37.684,0,"HalF_HearteD",-0.076,-16.651,0,"ame_3",-19.814,-46.558,0,"_Gosomi",-13.615,-63.68,0,"horisen",19.083,-45.039,0,"alcohol500",9.573,-64.774,0,"AI",40.9,-90.65,0,"紅さかな",0.925,-120.456,0,"Pizzallaris",-41.769,-99.382,0,0,0,0,0,0,"",0,0,0,0,1407.202,,,,0,0
38,2,1,0,2,1,1,0,0,0,0,255,255,255,12,1421.517,"Pring__",R,13,83,107,-0.452,-0.668,0.356,1.554,0.484,1.607,-36.186,32.481,38,62,0,2,0,-379.786,312.348,9.821,0,0,0,3,4,R,"HANA_ARASHI",190,90,0.25,3,79,W,Y,1422.66,175,88,112,142,81,145,109,-30,40.317,0.93,0,0.726,-93.133,-61.805,-199.139,0.132,-36.992,0,"HalF_HearteD",-0.255,-16.94,0,"ame_3",-19.769,-46.569,0,"_Gosomi",-13.568,-63.62,0,"horisen",18.834,-45.452,0,"alcohol500",9.723,-65.059,0,"AI",40.9,-90.65,0,"紅さかな",0.22,-119.135,0,"Pizzallaris",-41.76,-99.377,0,1422.013,-1.207,-22.67,1423.446,2,"ame_3",-17.683,-42.078,0,0,,,,,40,2
39,2,1,0,2,0,0,1,0,0,0,255,255,255,13,1445.86,"Pring__",R,32,90,140,-0.982,-0.323,0.068,1.253,-0.613,1.257,-36.186,20.289,40,60,0,0,0,247.826,-200,41.447,0,0,0,4,2,R,"가앤슬_",190,87,0.2,0,79,W,Y,0,0,0,0,0,0,0,0,0,0,0,0,0,0,0,0,-0.088,-37.731,0,"HalF_HearteD",-0.181,-16.947,0,"ame_3",-20.108,-46.271,0,"_Gosomi",-15.588,-62.671,0,"horisen",18.607,-45.56,0,"alcohol500",10.526,-63.596,0,"AI",40.9,-90.65,0,"紅さかな",0.584,-119.795,0,"Pizzallaris",-45.237,-104.041,0,0,0,0,0,0,"",0,0,0,0,1446.68,,,,0,0
40,2,1,0,2,0,1,1,0,0,0,255,255,255,14,1461.826,"Pring__",R,32,81,132,2.688,1.26,0.397,1.579,0.915,2.313,-36.186,43.472,23,77,0,2,0,176.114,-110.021,-5.981,0,0,1,4,2,R,"가앤슬_",190,87,0.2,3,79,W,Y,1463.014,165,45,90,70,24,145,111,112.941,21.68,0.07,0,0.407,211.384,51.556,-73.529,-0.028,-37.42,0,"HalF_HearteD",-0.089,-16.886,0,"ame_3",-20.015,-46.244,0,"_Gosomi",-15.609,-62.614,0,"horisen",18.628,-45.559,0,"alcohol500",10.241,-62.559,0,"AI",40.9,-90.65,0,"紅さかな",0.571,-119.834,0,"Pizzallaris",-46.757,-108.85,0,0,0,0,0,0,"",0,0,0,0,,,,,8,3
41,2,1,0,2,0,2,1,0,0,0,255,255,255,15,1482.469,"Pring__",R,13,75,102,0.766,-0.519,0.513,1.604,0.97,1.774,-36.186,47.905,54,46,0,2,0,-336.239,344.258,-3.213,0,0,1,4,2,R,"가앤슬_",190,87,0.2,3,80,W,Y,1483.713,255,95,71,106,90,145,90,-42.929,36.625,-0.81,0,0.665,194.836,-533.796,159.378,0.101,-37.145,0,"HalF_HearteD",-0.207,-16.863,0,"ame_3",-20.256,-46.731,90,"_Gosomi",-15.383,-62.445,0,"horisen",18.763,-44.982,0,"alcohol500",12.958,-63.598,0,"AI",40.9,-90.65,0,"紅さかな",0.589,-120.619,0,"Pizzallaris",-45.418,-108.037,0,1483.124,-0.468,-21.372,1484.969,2,"ame_3",-15.542,-41.914,0,0,,,,,40,2
42,2,1,0,2,0,0,2,0,0,0,255,255,255,16,1506.086,"Pring__",R,32,95,140,-1.954,-0.796,-0.019,1.194,-1.02,0.988,-36.186,22.073,27,73,0,1,0,250,-200,46.333,0,0,0,5,3,R,"crani",167.4,80,0.4,0,80,W,Y,0,0,0,0,0,0,0,0,0,0,0,0,0,0,0,0,-0.284,-37.813,0,"HalF_HearteD",-0.157,-16.818,0,"ame_3",-18.994,-45.318,0,"_Gosomi",-15.67,-62.736,0,"horisen",18.312,-45.123,0,"alcohol500",8.331,-60.04,0,"AI",40.9,-90.65,0,"紅さかな",0.002,-115.977,0,"Pizzallaris",-45.483,-106.586,0,0,0,0,0,0,"",0,0,0,0,1506.913,,,,0,0
43,2,1,0,2,1,0,2,0,0,0,255,255,255,17,1520.981,"Pring__",R,32,88,140,-1.157,0.095,0.024,1.328,-0.818,1.479,-36.186,16.844,0,100,0,0,0,250,-200,26.22,0,0,0,5,3,R,"crani",167.4,80,0.4,0,80,W,Y,0,0,0,0,0,0,0,0,0,0,0,0,0,0,0,0,-0.296,-37.832,0,"HalF_HearteD",-0.143,-16.818,0,"ame_3",-19.264,-45.59,0,"_Gosomi",-15.261,-61.85,0,"horisen",18.259,-45.226,0,"alcohol500",8.316,-60.219,0,"AI",40.9,-90.65,0,"紅さかな",0.031,-117.045,0,"Pizzallaris",-45.207,-107.791,0,0,0,0,0,0,"",0,0,0,0,1521.769,,,,0,0
44,2,1,0,2,1,1,2,0,0,0,255,255,255,18,1535.827,"Pring__",R,32,84,136,0.2,1.075,0.146,1.484,-0.252,2.052,-36.186,26.692,0,100,0,2,0,250,-158.861,15.598,0,0,1,5,3,R,"crani",167.4,80,0.4,3,80,W,Y,1537.001,212,66,99,73,33,145,118,-30,1.803,0.76,0,0.493,-239.74,20.984,54.458,-0.255,-37.396,88,"HalF_HearteD",-0.101,-16.82,0,"ame_3",-19.299,-45.627,0,"_Gosomi",-15.232,-61.797,0,"horisen",18.362,-45.145,0,"alcohol500",8.435,-60.135,0,"AI",40.9,-90.65,0,"紅さかな",0.066,-117.022,0,"Pizzallaris",-45.206,-107.764,0,1536.369,-0.002,-20.656,1537.18,0,"Pring__",-0.497,-36.417,0,0,,,,,172,2
45,2,0,0,2,0,0,0,0,0,0,255,255,255,25,1645.584,"Kr_Luna",L,14,64,106,1.236,-0.066,0.055,2.015,1.185,1.974,-36.808,47.69,96,4,0,0,0,-376.237,312.348,0,0,0,1,7,4,L,"horisen",175.7,94.856,0.448,0,35,W,Y,0,0,0,0,0,0,0,0,0,0,0,0,0,0,0,0,0.301,-38.397,0,"mungjungh",0.055,-17.308,0,"가앤슬_",-21.041,-45.782,0,"crani",-8.478,-65.128,0,"HANA_ARASHI",20.736,-54.09,0,"CVPileMaki",10.379,-65.732,0,"-KYU-",44.045,-95.226,0,"k@ster",2.003,-112.108,0,"Yaksok~",-31.894,-87.014,0,0,0,0,0,0,"",0,0,0,0,1646.557,,,,0,0
46,2,0,0,2,0,1,0,0,0,0,255,255,255,26,1663.905,"Kr_Luna",L,13,68,97,2.369,-0.44,-0.191,2.057,0.339,1.965,-36.808,42.058,89,11,0,1,0,310.509,354.977,0,0,0,0,7,4,L,"horisen",175.7,94.856,0.448,0,35,W,Y,0,0,0,0,0,0,0,0,0,0,0,0,0,0,0,0,0.18,-38.304,0,"mungjungh",0.127,-17.269,0,"가앤슬_",-21.44,-45.9,0,"crani",-8.471,-65.116,0,"HANA_ARASHI",21.526,-52.485,0,"CVPileMaki",14.063,-64.024,0,"-KYU-",44.01,-95.235,0,"k@ster",2.768,-112.157,0,"Yaksok~",-32.802,-87.856,0,0,0,0,0,0,"",0,0,0,0,1664.88,,,,0,0
47,2,0,0,2,1,1,0,0,0,0,255,255,255,27,1680.743,"Kr_Luna",L,28,86,139,-0.726,0.184,-0.248,1.829,-0.222,1.668,-36.808,40.621,93,7,0,2,0,-21.339,-53.618,0,0,0,1,7,4,L,"horisen",175.7,94.856,0.448,3,35,W,Y,1681.88,245,31,34,47,29,118,70,52.732,-32.445,-0.78,0,0.207,456.591,-322.665,-112.568,-0.041,-37.849,0,"mungjungh",-0.132,-17.355,0,"가앤슬_",-21.288,-46.224,0,"crani",-8.183,-65.482,0,"HANA_ARASHI",21.46,-53.177,106,"CVPileMaki",7.499,-66.329,0,"-KYU-",43.995,-95.257,0,"k@ster",0.678,-112.593,0,"Yaksok~",-33.377,-88.554,0,1686.157,27.904,-54.719,1686.324,4,"HANA_ARASHI",26.685,-53.291,0,0,,,,,12,1
48,2,0,0,2,0,0,1,0,0,0,255,255,255,28,1707.216,"Kr_Luna",L,27,84,136,0.459,0.804,-0.138,1.898,0.29,1.912,-36.808,33.917,89,11,0,2,0,-59.648,-147.004,0,0,0,1,0,8,R,"Pizzallaris",175.1,88,0.383,3,81,W,Y,1708.384,246,211,109,94,41,145,101,21.287,6.372,0.01,0.143,0.33,-304.335,-178.298,-16.815,0.021,-37.774,0,"mungjungh",0.065,-17.319,0,"가앤슬_",-21.167,-46.781,95,"crani",-13.236,-64.011,0,"HANA_ARASHI",18.992,-56.109,0,"CVPileMaki",1.878,-67.876,0,"-KYU-",40.066,-95.591,0,"k@ster",-4.47,-115.69,0,"Yaksok~",-34.515,-92.403,0,1711.446,-5.551,-95.59,1712.102,7,"k@ster",-5.713,-99.915,1,0,,,,,148,2
49,2,0,0,2,0,0,1,1,0,0,18,255,255,29,1742.646,"Kr_Luna",L,13,64,94,1.449,-0.426,-0.314,2.079,-0.042,2.017,-36.808,47.741,86,14,0,0,0,292.485,364.488,0,0,0,0,1,3,R,"_Gosomi",175.3,85.038,0.47,0,81,W,Y,0,0,0,0,0,0,0,0,0,0,0,0,0,0,0,0,-2.653,-38.779,0,"mungjungh",-0.198,-17.954,0,"가앤슬_",-19.264,-40.046,0,"crani",-13.67,-64.058,0,"HANA_ARASHI",21.629,-50.445,0,"CVPileMaki",0.63,-59.046,0,"-KYU-",40.973,-95.687,0,"k@ster",-0.715,-100.077,0,"Yaksok~",-34.502,-87.9,0,0,0,0,0,0,"",0,0,0,0,1743.613,1745.28,,,0,0
50,2,0,0,2,0,1,1,0,1,0,255,18,255,30,1767.518,"Kr_Luna",L,10,77,117,0.702,-1.386,-0.134,1.83,0.309,1.324,-36.808,40.503,96,4,0,2,0,0,400,0,0,0,1,1,3,R,"_Gosomi",175.3,85.038,0.47,3,81,W,Y,1768.721,255,103,113,114,76,145,127,-26.066,-40.64,0.53,0,0.543,123.116,-237.367,-301.732,0.389,-37.794,0,"mungjungh",0.131,-17.592,0,"가앤슬_",-22.414,-46.83,89,"crani",-13.94,-63.905,0,"HANA_ARASHI",20.495,-48.116,120,"CVPileMaki",4.702,-64.19,0,"-KYU-",44.423,-95.282,0,"k@ster",-2.687,-105.875,0,"Yaksok~",-35.422,-90.522,0,1768.002,0.567,-21.216,1769.491,4,"HANA_ARASHI",18.252,-44.601,0,0,,1772.325,,,28,2
51,2,0,0,2,0,0,2,0,1,0,255,18,255,31,1802.672,"Kr_Luna",L,28,89,140,0.382,1.306,-0.137,1.998,0.292,2.246,-36.808,51.922,88,8,4,1,0,-87.121,-95.462,0,0,0,0,2,7,R,"紅さかな",173.2,86,0.402,0,81,W,Y,0,0,0,0,0,0,0,0,0,0,0,0,0,0,0,0,0.167,-37.98,0,"mungjungh",-0.015,-17.573,0,"가앤슬_",-20.699,-47.422,0,"crani",-13.814,-63.491,0,"HANA_ARASHI",20.467,-53.041,0,"CVPileMaki",3.511,-64.775,0,"-KYU-",42.231,-97.642,0,"k@ster",-3.137,-103.277,0,"Yaksok~",-36.005,-88.709,0,0,0,0,0,0,"",0,0,0,0,1803.491,1805.783,,,0,0
52,2,0,0,2,0,1,2,0,1,0,255,18,255,32,1849.861,"Kr_Luna",L,26,89,140,1.951,1.191,0.008,1.943,0.966,2.123,-36.808,41.272,86,14,0,2,0,-83.47,-157.006,0,0,0,1,2,7,R,"紅さかな",173.2,86,0.402,3,81,W,Y,1851.07,254,79,93,52,23,145,85,5.196,-23.649,-0.8,0,0.193,474.965,128.641,-67.696,0.298,-38.042,0,"mungjungh",0.198,-17.313,0,"가앤슬_",-22.769,-47.573,0,"crani",-13.836,-63.634,0,"HANA_ARASHI",20.546,-54.304,0,"CVPileMaki",8.092,-65.551,0,"-KYU-",44.878,-96.489,0,"k@ster",-1.979,-102.769,0,"Yaksok~",-33.522,-90.133,0,1851.913,13.46,-50.019,1852.346,4,"HANA_ARASHI",13.853,-50.825,0,4,,,1854.757,,24,2
53,3,1,0,2,0,0,0,0,0,0,255,255,255,19,1905.341,"Pring__",R,32,85,138,0.779,0.679,0.212,1.436,0.054,1.867,-36.186,27.338,0,100,0,2,0,250,-154.935,5.278,0,0,0,6,5,R,"CVPileMaki",175.2,94,0.397,3,82,W,Y,1906.491,191,39,118,82,50,145,93,-7.958,55.015,0.95,0,0.188,-41.203,240.885,-32.438,-0.232,-37.497,0,"HalF_HearteD",-0.033,-17.049,0,"ame_3",-20.317,-47.096,0,"_Gosomi",-14.444,-62.651,0,"horisen",18.835,-45.363,0,"alcohol500",10.91,-61.508,0,"AI",40.9,-90.65,0,"紅さかな",-0.151,-118.531,0,"Pizzallaris",-42.352,-103.745,0,1906.169,-7.175,-22.817,0,0,"",0,0,0,0,,,,,8,3
54,3,1,0,2,0,1,0,0,0,0,255,255,255,20,1924.842,"Pring__",R,32,78,128,2.844,0.414,0.386,1.404,0.867,1.756,-36.186,43.351,0,100,0,2,0,250,-97.594,2.757,0,0,0,6,5,R,"CVPileMaki",175.2,94,0.397,3,82,W,Y,1926.007,134,80,117,93,56,141,83,96.975,71.36,-0.81,0,0.298,-41.053,388.774,-120.47,0.027,-37.078,0,"HalF_HearteD",-0.016,-16.934,0,"ame_3",-19.953,-46.36,0,"_Gosomi",-16.56,-61.041,0,"horisen",18.892,-45.547,0,"alcohol500",8.667,-63.607,0,"AI",40.9,-90.65,0,"紅さかな",-2.002,-118.428,0,"Pizzallaris",-42.356,-103.77,0,0,0,0,0,0,"",0,0,0,0,,,,,8,3
55,3,1,0,2,0,2,0,0,0,0,255,255,255,21,1947.747,"Pring__",R,32,93,140,-2.31,-0.66,-0.081,1.205,-1.305,1.056,-36.186,20.657,0,100,0,1,0,250,-200,37.193,0,0,0,6,5,R,"CVPileMaki",175.2,94,0.397,0,82,W,Y,0,0,0,0,0,0,0,0,0,0,0,0,0,0,0,0,-0.016,-37.924,0,"HalF_HearteD",0.042,-16.708,0,"ame_3",-19.932,-46.948,0,"_Gosomi",-15.459,-63.013,0,"horisen",19.197,-45.509,0,"alcohol500",10.035,-64.086,0,"AI",40.9,-90.65,0,"紅さかな",0.034,-117.567,0,"Pizzallaris",-42.413,-104.448,0,0,0,0,0,0,"",0,0,0,0,1948.48,,,,0,0
56,3,1,0,2,1,2,0,0,0,0,255,255,255,22,1965.236,"Pring__",R,32,92,140,-0.646,0.354,0.073,1.372,-0.592,1.641,-36.186,13.581,0,100,0,2,0,250,-200,28.861,0,0,1,6,5,R,"CVPileMaki",175.2,94,0.397,3,82,W,Y,1966.392,238,12,164,80,52,145,103,-30,49.281,0.94,0,0.219,-141.477,-72.731,17.553,-0.158,-37.349,0,"HalF_HearteD",-0.011,-16.818,0,"ame_3",-19.99,-47.016,0,"_Gosomi",-14.947,-63.183,0,"horisen",19.204,-45.496,0,"alcohol500",10.292,-64.064,0,"AI",40.9,-90.65,0,"紅さかな",0.148,-117.702,0,"Pizzallaris",-42.409,-104.412,0,1965.813,-1.759,-18.927,0,0,"",0,0,0,0,,,,,8,3
57,3,1,0,2,1,2,0,0,0,0,255,255,255,23,1985.944,"Pring__",R,13,87,110,-2.978,-1.488,0.004,1.373,-0.608,1.18,-36.186,14.495,34,66,0,2,0,-390.434,312.348,43.064,0,0,1,6,5,R,"CVPileMaki",175.2,94,0.397,3,82,W,Y,1987.185,226,92,79,96,74,145,35,-6.031,-16.962,0.93,0,0.358,14.922,-271.269,-74.332,-0.003,-36.499,114,"HalF_HearteD",-0.622,-16.854,0,"ame_3",-19.233,-45.856,86,"_Gosomi",-16.306,-62.245,0,"horisen",18.62,-45.54,0,"alcohol500",11.008,-63.365,0,"AI",40.9,-90.65,0,"紅さかな",0.453,-118.049,0,"Pizzallaris",-43.731,-106.213,0,1986.657,-0.236,-21.121,1988.557,0,"Pring__",3.922,-32.234,0,0,,,,,40,2
58,3,1,0,2,0,0,1,0,0,0,255,255,255,24,2013.063,"Pring__",R,3,78,105,-0.181,0.237,0.386,1.413,0.576,1.75,-36.186,36.281,4,96,0,2,0,-426.589,0,8.719,0,0,1,7,7,R,"k@ster",160,85.128,0.549,3,82,W,Y,2014.151,212,153,63,54,23,138,102,114.889,-42.498,0.15,0,0.233,338.567,160.053,73.74,-0.133,-37.184,0,"HalF_HearteD",-0.126,-16.905,0,"ame_3",-19.237,-45.898,0,"_Gosomi",-15.015,-61.6,0,"horisen",18.643,-45.673,0,"alcohol500",7.573,-57.575,0,"AI",40.9,-90.65,0,"紅さかな",0.63,-118.933,0,"Pizzallaris",-43.57,-106.102,0,0,0,0,0,0,"",0,0,0,0,,,,,8,3
59,3,1,0,2,0,1,1,0,0,0,255,255,255,25,2033.606,"Pring__",R,32,81,132,1.18,0.561,0.241,1.386,0.192,1.696,-36.186,29.654,14,86,0,0,0,227.023,-200,4.108,0,0,0,7,7,R,"k@ster",160,85.128,0.549,0,88,W,Y,0,0,0,0,0,0,0,0,0,0,0,0,0,0,0,0,-0.144,-37.539,0,"HalF_HearteD",0.013,-16.834,0,"ame_3",-19.751,-46.47,0,"_Gosomi",-14.59,-60.965,0,"horisen",19.01,-44.488,0,"alcohol500",8.972,-59.455,0,"AI",40.9,-90.65,0,"紅さかな",-0.625,-116.27,0,"Pizzallaris",-41.298,-98.505,0,0,0,0,0,0,"",0,0,0,0,2034.246,,,,0,0
60,3,1,0,2,0,2,1,0,0,0,255,255,255,26,2051.978,"Pring__",R,32,80,131,0.572,1.214,0.203,1.487,0.014,2.085,-36.186,25.744,0,100,0,2,0,163.95,-154.367,12.101,0,0,1,7,7,R,"k@ster",160,85.128,0.549,3,88,W,Y,2052.952,142,118,74,45,20,137,75,38.739,11.921,-0.86,0,0.141,207.168,165.458,-391.515,-0.013,-37.323,0,"HalF_HearteD",-0.008,-16.832,0,"ame_3",-19.698,-46.458,0,"_Gosomi",-14.958,-61.408,85,"horisen",18.465,-44.933,0,"alcohol500",9.339,-59.368,0,"AI",40.9,-90.65,0,"紅さかな",-1.287,-111.018,0,"Pizzallaris",-41.235,-98.868,0,2057.057,-12.11,-73.887,2057.224,3,"_Gosomi",-11.574,-71.985,0,0,,,,,10,1
61,3,1,0,2,0,0,2,0,0,0,255,255,255,27,2078.828,"Pring__",R,13,87,110,-1.327,-0.596,0.171,1.517,-0.089,1.527,-36.186,21.45,39,61,0,0,0,-390.434,312.348,30.21,0,0,1,8,1,R,"mungjungh",190,87.235,0.299,0,65,W,Y,0,0,0,0,0,0,0,0,0,0,0,0,0,0,0,0,-0.13,-37.995,0,"HalF_HearteD",-0.141,-16.728,0,"ame_3",-19.689,-46.434,0,"_Gosomi",-14.929,-62.469,0,"horisen",18.612,-45.089,0,"alcohol500",8.659,-62.494,0,"AI",40.9,-90.65,0,"紅さかな",-0.626,-119.123,0,"Pizzallaris",-44.291,-108.258,0,0,0,0,0,0,"",0,0,0,0,2079.735,,,,0,0
62,3,1,0,2,0,1,2,0,0,0,255,255,255,28,2093.517,"Pring__",R,13,87,111,-0.572,-1.069,0.306,1.458,0.329,1.401,-36.186,28.037,51,49,0,4,0,-338.398,368.085,3.965,0,0,1,8,1,R,"mungjungh",190,87.235,0.299,0,65,W,Y,0,0,0,0,0,0,0,0,0,0,0,0,0,0,0,0,-0.03,-38.137,0,"HalF_HearteD",-0.138,-16.734,0,"ame_3",-19.69,-46.48,0,"_Gosomi",-14.909,-63.037,0,"horisen",18.545,-45.062,0,"alcohol500",11.146,-62.86,0,"AI",40.9,-90.65,0,"紅さかな",-0.779,-119.242,0,"Pizzallaris",-44.155,-108.153,0,0,0,0,0,0,"",0,0,0,0,2094.413,,,,0,0
63,3,1,0,2,0,2,2,0,0,0,255,255,255,29,2108.521,"Pring__",R,0,68,107,3.446,0.191,0.568,1.558,1.484,1.748,-36.186,70.799,6,94,0,2,0,0,0,-0.328,0,0,0,8,1,R,"mungjungh",190,87.235,0.299,3,65,W,Y,2109.808,247,198,122,64,22,145,112,11.391,21.109,0.85,0,0.675,-287.728,491.947,24.759,-0.326,-37.67,0,"HalF_HearteD",-0.108,-16.937,0,"ame_3",-19.716,-46.515,0,"_Gosomi",-14.87,-62.949,51,"horisen",18.531,-45.095,0,"alcohol500",11.477,-62.697,0,"AI",40.9,-90.65,0,"紅さかな",-0.783,-119.209,0,"Pizzallaris",-43.763,-106.324,0,0,0,0,2111.069,3,"_Gosomi",-16.729,-60.317,0,0,2123.446,,,,262,1
64,3,0,0,2,0,0,0,0,0,0,255,255,255,33,2171.295,"Kr_Luna",L,27,98,140,1.425,-1.112,-0.052,1.551,0.687,0.78,-36.808,9.95,47,52,1,2,0,-46.18,-144.013,0,0,0,0,3,0,L,"Pring__",190,93.089,0.485,3,82,W,Y,2172.129,255,197,78,139,49,145,130,21.895,-31.196,0.55,0,0.602,246.991,187.805,-43.625,0.213,-37.086,0,"mungjungh",-0.098,-17.315,0,"가앤슬_",-21.138,-48.25,0,"crani",-10.901,-66.073,0,"HANA_ARASHI",21.628,-53.23,0,"CVPileMaki",3.388,-67.578,0,"-KYU-",45.169,-97.736,0,"k@ster",-0.542,-104.779,0,"Yaksok~",-38.306,-89.824,0,2176.28,58.091,-123.391,0,0,"",0,0,0,0,,2182.744,2188.023,,4,4
65,3,0,0,3,0,0,0,0,0,0,255,255,255,34,2215.732,"Kr_Luna",L,26,89,140,5.086,0.262,-0.107,1.71,0.434,1.295,-36.808,35.175,90,10,0,2,0,-95.012,-153.744,0,0,0,1,4,1,R,"HalF_HearteD",190,82,0.446,3,82,W,Y,2216.764,246,98,99,79,40,145,91,-4.12,26.469,-0.79,0,0.256,164.677,459.117,-343.755,0.161,-37.898,0,"mungjungh",0.145,-17.397,0,"가앤슬_",-22.293,-47.699,94,"crani",-13.71,-63.959,86,"HANA_ARASHI",20.342,-55.334,0,"CVPileMaki",1.655,-67.685,0,"-KYU-",43.542,-97.096,0,"k@ster",-2.189,-101.659,0,"Yaksok~",-35.773,-88.548,0,2216.446,-4.047,-27.837,2218.446,3,"crani",-17.805,-56.868,0,0,,,,,52,2
66,3,0,0,3,0,0,1,0,0,0,255,255,255,35,2243.901,"Kr_Luna",L,14,71,111,-1.682,-0.263,-0.277,2.04,-0.082,1.947,-36.808,51.38,97,3,0,2,0,-354.916,352.185,0,0,0,1,5,2,L,"ame_3",190,80,0.21,3,35,W,Y,2244.909,255,140,107,110,75,145,90,-11.403,-8.826,-0.82,0,0.436,-522.635,146.765,136.298,0.178,-37.974,0,"mungjungh",-0.225,-17.277,0,"가앤슬_",-21.214,-47.46,91,"crani",-12.571,-64.519,0,"HANA_ARASHI",20.34,-51.688,0,"CVPileMaki",3.557,-67.231,101,"-KYU-",44.63,-94.358,0,"k@ster",0.167,-103.003,0,"Yaksok~",-33.157,-87.704,0,2244.346,0.256,-23.841,2246.424,5,"CVPileMaki",5.311,-59.935,0,32,,,,,84,2
67,3,0,0,3,0,0,2,0,0,0,255,255,255,36,2275.809,"Kr_Luna",L,28,85,138,-0.942,0.891,-0.26,1.938,-0.279,2.021,-36.808,53.096,87,9,4,2,0,-87.294,-87.599,0,0,0,1,6,5,L,"alcohol500",175.1,86.32,0.398,3,83,W,Y,2276.729,137,15,68,35,13,136,127,27.801,-24.642,0.51,0,0.148,21.899,-333.312,376.533,-0.149,-37.661,0,"mungjungh",-0.124,-16.995,0,"가앤슬_",-21.117,-47.367,0,"crani",-8.707,-65.326,84,"HANA_ARASHI",22.146,-53.298,0,"CVPileMaki",8.39,-66.334,0,"-KYU-",43.415,-95.719,120,"k@ster",0.281,-106.062,0,"Yaksok~",-32.165,-86.438,0,2281.235,51.694,-117.119,2282.069,6,"-KYU-",49.71,-115.05,1,0,,2286.328,,,38,2
68,3,0,0,3,0,0,2,0,1,0,255,15,255,37,2340.152,"Kr_Luna",L,27,85,138,-0.025,-0.113,-0.175,1.808,0.118,1.391,-36.808,33.657,92,8,0,0,0,-87.049,-139.38,0,0,0,0,7,4,L,"horisen",175.7,94.856,0.448,0,83,W,Y,0,0,0,0,0,0,0,0,0,0,0,0,0,0,0,0,0.131,-37.915,0,"mungjungh",-0.138,-17.399,0,"가앤슬_",-21.783,-45.663,0,"crani",-6.773,-65.492,0,"HANA_ARASHI",20.168,-49.823,0,"CVPileMaki",9.077,-66.353,0,"-KYU-",44.693,-97.277,0,"k@ster",0.992,-99.798,0,"Yaksok~",-32.635,-88.967,0,0,0,0,0,0,"",0,0,0,0,2340.791,2343.007,,,0,0
69,3,0,0,3,0,1,2,0,1,0,255,15,255,38,2357.357,"Kr_Luna",L,13,79,104,2.474,-2.162,-0.166,1.612,0.416,0.926,-36.808,17.435,52,48,0,4,0,325.484,362.607,0,0.534,-19.392,1,7,4,L,"horisen",175.7,94.856,0.448,0,83,W,Y,0,0,0,0,0,0,0,0,0,0,0,0,0,0,0,0,0.224,-37.965,0,"mungjungh",0.172,-17.347,0,"가앤슬_",-20.735,-46.171,0,"crani",-3.739,-64.084,0,"HANA_ARASHI",20.744,-49.639,0,"CVPileMaki",15.407,-63.243,0,"-KYU-",44.936,-96.794,0,"k@ster",-0.109,-99.686,0,"Yaksok~",-32.632,-88.965,0,0,0,0,0,0,"",0,0,0,0,2358.18,2360.236,,,0,0
70,3,0,0,3,0,2,2,0,1,0,255,15,255,39,2378.29,"Kr_Luna",L,14,77,115,-0.24,0.695,-0.083,2.056,0.543,2.467,-36.808,49.066,92,8,0,0,0,-360.716,346.242,0,0,0,0,7,4,L,"horisen",175.7,94.856,0.448,0,83,W,Y,0,0,0,0,0,0,0,0,0,0,0,0,0,0,0,0,-0.038,-37.895,0,"mungjungh",0.011,-17.247,0,"가앤슬_",-20.812,-45.605,0,"crani",-2.914,-62.635,0,"HANA_ARASHI",21.245,-49.015,0,"CVPileMaki",13.167,-64.049,0,"-KYU-",43.761,-95.972,0,"k@ster",-0.131,-99.682,0,"Yaksok~",-32.331,-88.565,0,0,0,0,0,0,"",0,0,0,0,2379.08,,,,0,0
71,4,1,0,3,0,0,0,0,0,0,255,255,255,30,2430.142,"Pring__",R,3,78,104,-0.326,-0.485,0.537,1.447,0.734,1.35,-36.186,38.095,0,100,0,2,0,-472.727,0,13.729,0,0,1,0,8,R,"Yaksok~",173.3,80,0.332,3,83,W,Y,2431.234,214,192,170,87,62,145,90,11.332,26.949,0.96,0,0.222,-18.844,447.445,39.541,-0.173,-37.096,0,"HalF_HearteD",-0.119,-16.757,0,"ame_3",-20.319,-47.241,0,"_Gosomi",-14.645,-64.07,0,"horisen",18.984,-45.257,0,"alcohol500",10.624,-62.202,75,"si_ho",36.82,-98.665,0,"紅さかな",0.072,-117.147,0,"Pizzallaris",-41.568,-102.586,106,2432.591,-22.252,-58.783,2435.224,8,"Pizzallaris",-38.305,-82.336,1,0,,,,,73,2
72,4,1,0,3,0,0,0,1,0,0,8,255,255,31,2457.117,"Pring__",R,32,82,134,-0.01,-0.247,0.224,1.467,-0.351,1.285,-36.186,28.552,17,83,0,0,0,250,-194.589,-3.145,0,0,0,1,6,R,"-KYU-",180.7,83,0.433,0,83,W,Y,0,0,0,0,0,0,0,0,0,0,0,0,0,0,0,0,0.013,-38.041,0,"HalF_HearteD",-0.002,-16.629,0,"ame_3",-19.652,-40.988,0,"_Gosomi",-13.776,-63.354,0,"horisen",18.657,-44.194,0,"alcohol500",5.096,-60.639,0,"si_ho",36.958,-98.73,0,"紅さかな",1.602,-117.153,0,"Pizzallaris",-42.592,-103.616,0,0,0,0,0,0,"",0,0,0,0,2457.824,,,,0,0
73,4,1,0,3,0,1,0,1,0,0,8,255,255,32,2527.482,"Pring__",R,32,84,136,-0.786,-0.029,0.054,1.308,-0.678,1.424,-36.186,24.159,18,82,0,2,0,250,-200,16.93,0,0,1,1,6,R,"-KYU-",180.7,83,0.433,3,83,W,Y,2528.651,255,154,76,113,0,145,108,27.083,-9.35,0.06,0,0.611,60.068,-64.385,12.943,0.057,-37.244,0,"HalF_HearteD",-0.15,-16.667,0,"ame_3",-19.528,-42.053,0,"_Gosomi",-16.646,-61.681,87,"horisen",18.636,-44.846,0,"alcohol500",6.054,-60.896,0,"si_ho",36.925,-98.785,0,"紅さかな",-0.321,-118.241,111,"Pizzallaris",-42.563,-104.492,0,2532.691,15.981,-109.171,2532.902,7,"紅さかな",15.558,-106.959,0,0,,,,,14,1
74,4,1,0,3,0,0,1,1,0,0,8,255,255,33,2555.775,"Pring__",R,32,84,136,-0.059,0.298,0.122,1.371,-0.364,1.641,-36.186,25.557,41,59,0,0,0,250,-200,16.725,0,0,0,2,0,L,"Kr_Luna",190,95.256,0.499,0,83,W,Y,0,0,0,0,0,0,0,0,0,0,0,0,0,0,0,0,-0.199,-37.669,0,"HalF_HearteD",-0.042,-16.832,0,"ame_3",-19.82,-43.128,0,"_Gosomi",-5.172,-64.638,0,"horisen",18.546,-45.603,0,"alcohol500",11.715,-61.295,0,"si_ho",45.354,-98.586,0,"紅さかな",9.821,-125.085,0,"Pizzallaris",-44.616,-107.425,0,0,0,0,0,0,"",0,0,0,0,2556.28,,,,0,0
75,4,1,0,3,0,1,1,1,0,0,8,255,255,34,2581.229,"Pring__",R,3,82,107,-1.171,-0.166,0.318,1.319,0.365,1.533,-36.186,36.141,0,100,0,2,0,-486.364,0,-5.672,0,0,1,2,0,L,"Kr_Luna",190,95.256,0.499,3,84,W,Y,2582.278,120,121,128,82,56,138,94,54.332,-45.853,-0.4,0,0.109,295.464,-338.482,-38.426,-0.08,-37.054,0,"HalF_HearteD",-0.139,-16.794,0,"ame_3",-19.87,-42.479,0,"_Gosomi",-6.171,-65.406,0,"horisen",18.554,-45.563,0,"alcohol500",11.257,-62.218,0,"si_ho",45.786,-98.481,0,"紅さかな",8.169,-124.221,0,"Pizzallaris",-44.585,-107.38,0,2587.091,54.773,-63.091,0,0,"",0,0,0,0,,,,,8,3
76,4,1,0,3,0,2,1,1,0,0,8,255,255,35,2604.88,"Pring__",R,13,89,112,-3.72,-2.211,-0.018,1.191,-0.676,0.823,-36.186,16.914,34,66,0,3,0,-390.434,312.348,43.261,-0.108,-20.081,0,2,0,L,"Kr_Luna",190,95.256,0.499,0,85,W,Y,0,0,0,0,0,0,0,0,0,0,0,0,0,0,0,0,0.023,-37.531,0,"HalF_HearteD",0.058,-16.89,0,"ame_3",-19.087,-42.184,0,"_Gosomi",-5.391,-63.691,0,"horisen",19.027,-45.704,0,"alcohol500",13.188,-62.543,0,"si_ho",45.262,-97.844,0,"紅さかな",9.833,-123.66,0,"Pizzallaris",-44.582,-107.396,0,0,0,0,0,0,"",0,0,0,0,2608.546,,,,0,6
77,4,1,0,3,0,0,1,1,1,0,0,8,255,36,2649.65,"Pring__",R,13,90,113,-2.959,-1.061,-0.009,1.223,-0.649,1.324,-36.186,17.497,24,76,0,1,0,-390.434,312.348,49.641,0,0,0,3,4,R,"HANA_ARASHI",190,90,0.25,0,83,W,Y,0,0,0,0,0,0,0,0,0,0,0,0,0,0,0,0,-0.304,-37.744,0,"HalF_HearteD",-0.206,-16.695,0,"ame_3",-19.888,-45.015,0,"_Gosomi",-15.482,-63.012,0,"horisen",19.095,-43.908,0,"alcohol500",6.705,-60.232,0,"si_ho",39.138,-100.876,0,"紅さかな",0.697,-118.506,0,"Pizzallaris",-46.122,-110.225,0,0,0,0,0,0,"",0,0,0,0,2650.402,2652.298,,,0,0
78,4,1,0,3,1,0,1,1,1,0,0,8,255,37,2668.097,"Pring__",R,13,75,102,0.541,-0.097,0.498,1.536,0.923,2.001,-36.186,40.398,44,56,0,2,0,-362.039,312.348,-3.867,0,0,0,3,4,R,"HANA_ARASHI",190,90,0.25,3,83,W,Y,2669.252,255,67,95,110,62,145,122,-2.068,16.67,0.78,0,0.711,-30.897,-318.64,-25.703,-0.204,-37.369,0,"HalF_HearteD",-0.202,-16.862,0,"ame_3",-19.45,-45.721,0,"_Gosomi",-14.731,-61.386,82,"horisen",18.135,-44.673,0,"alcohol500",6.794,-61.623,104,"si_ho",39.128,-100.921,0,"紅さかな",1.322,-118.811,0,"Pizzallaris",-45.861,-109.637,0,2668.88,-3.935,-34.532,2670.18,3,"_Gosomi",-9.941,-57.532,0,0,,2673.362,2673.787,,118,2
79,4,0,0,3,0,0,0,0,0,0,255,255,255,40,2722.117,"Kr_Luna",L,28,84,137,0.904,0.919,-0.099,1.98,0.471,2.035,-36.808,53.987,89,6,5,2,0,-59.113,-90.243,0,0,0,1,8,6,R,"si_ho",175.5,87.779,0.35,3,83,W,Y,2723.267,255,90,164,64,21,145,116,25.502,12.619,0.2,0,0.665,323.476,23.544,52.465,0.236,-37.818,0,"mungjungh",0.143,-17.397,0,"가앤슬_",-22.166,-48.077,0,"crani",-13.305,-64.123,0,"HANA_ARASHI",20.026,-52.604,0,"CVPileMaki",2.483,-66.847,85,"-KYU-",42.037,-97.278,0,"k@ster",-2.491,-100.749,90,"Yaksok~",-36.414,-90.204,0,2727.613,-23.376,-119.654,2730.202,7,"k@ster",-22.7,-127.369,1,0,,,,,196,2
80,4,0,0,3,0,0,0,1,0,0,16,255,255,41,2757.641,"Kr_Luna",L,27,89,140,1.563,-0.181,-0.028,1.786,0.8,1.354,-36.808,38.129,88,10,1,1,0,-85.199,-139.148,0,0,0,0,0,8,R,"Pizzallaris",175.1,88,0.383,0,83,W,Y,0,0,0,0,0,0,0,0,0,0,0,0,0,0,0,0,0.269,-38.131,0,"mungjungh",0.039,-17.466,0,"가앤슬_",-20.337,-41.956,0,"crani",-13.679,-63.918,0,"HANA_ARASHI",19.581,-55.9,0,"CVPileMaki",1.809,-66.737,0,"-KYU-",41.457,-96.825,0,"k@ster",-1.997,-103.061,0,"Yaksok~",-35.777,-87.948,0,0,0,0,0,0,"",0,0,0,0,2758.346,,,,0,0
81,4,0,0,3,1,0,0,1,0,0,16,255,255,42,2775.398,"Kr_Luna",L,10,81,121,0.176,-1.28,-0.183,1.713,0.081,1.363,-36.808,24.175,92,8,0,2,0,0.46,400,0,0,0,0,0,8,R,"Pizzallaris",175.1,88,0.383,3,83,W,Y,2776.523,211,215,94,93,76,145,127,100.287,-72.839,0.55,0.095,0.37,-374.125,-468.981,-9.341,0.326,-37.818,0,"mungjungh",0.097,-17.518,0,"가앤슬_",-20.736,-43.956,0,"crani",-13.624,-63.632,0,"HANA_ARASHI",20.94,-52.81,0,"CVPileMaki",1.752,-67,0,"-KYU-",41.835,-96.69,0,"k@ster",-2.005,-102.972,0,"Yaksok~",-35.006,-89.26,0,0,0,0,0,0,"",0,0,0,0,,,,,4,3
82,4,0,0,3,1,1,0,1,0,0,16,255,255,43,2798.104,"Kr_Luna",L,10,80,120,0.08,-2.73,-0.191,1.516,0.04,0.22,-36.808,24.447,100,0,0,1,0,0,400,0,0.001,-21.517,0,0,8,R,"Pizzallaris",175.1,88,0.383,0,83,W,Y,0,0,0,0,0,0,0,0,0,0,0,0,0,0,0,0,0.42,-38.092,0,"mungjungh",0.06,-17.524,0,"가앤슬_",-20.704,-44.352,0,"crani",-13.798,-63.894,0,"HANA_ARASHI",21.197,-49.691,0,"CVPileMaki",1.966,-67.044,0,"-KYU-",41.751,-96.962,0,"k@ster",-2.353,-101.254,0,"Yaksok~",-35.734,-89.794,0,0,0,0,0,0,"",0,0,0,0,2798.824,,,,0,0
83,4,0,0,3,2,1,0,1,0,0,16,255,255,44,2815.143,"Kr_Luna",L,26,78,128,0.38,1.453,-0.138,1.998,0.287,2.252,-36.808,51.771,86,11,2,2,0,-75.352,-169.028,0,0,0,1,0,8,R,"Pizzallaris",175.1,88,0.383,3,83,W,Y,2816.31,134,152,110,119,50,141,127,26.819,0.681,0.51,0.095,0.355,159.289,-107.093,-2.878,0.072,-37.825,0,"mungjungh",0.102,-17.527,0,"가앤슬_",-20.718,-44.445,0,"crani",-13.784,-63.87,0,"HANA_ARASHI",18.844,-55.225,72,"CVPileMaki",1.547,-67.847,95,"-KYU-",40.95,-96.17,0,"k@ster",-2.326,-101.218,95,"Yaksok~",-36.261,-91.661,0,2820.724,1.341,-131.984,2822.302,7,"k@ster",1.69,-129.197,1,0,,2824.406,2829.041,,204,2
84,4,0,0,3,0,0,0,1,0,1,18,255,16,45,2856,"Kr_Luna",L,28,86,139,1.391,-1.153,-0.048,1.595,0.706,0.836,-36.808,11.883,65,35,0,2,0,-70.547,-95.273,0,0,0,1,1,3,R,"_Gosomi",175.3,85.038,0.47,3,84,W,Y,2857.092,255,62,83,126,86,145,117,26.161,21.078,0.21,0,0.491,342.165,-118.64,33.873,0.294,-37.877,0,"mungjungh",0.124,-17.529,0,"가앤슬_",-20.902,-43.659,0,"crani",-12.962,-64.467,0,"HANA_ARASHI",19.18,-50.306,0,"CVPileMaki",7.87,-65.525,0,"-KYU-",40.92,-97.709,0,"k@ster",-2.138,-102.466,0,"Yaksok~",-30.343,-86.725,99,2861.446,-35.613,-117.608,2864.557,8,"Yaksok~",-36.744,-119.844,1,0,,2862.377,2867.201,2865.571,69,2
85,4,0,0,4,0,0,0,0,1,1,255,13,18,46,3005.363,"Kr_Luna",L,27,80,130,-2.275,0.719,-0.371,1.89,-0.797,1.876,-36.808,44.265,95,5,0,1,0,-119.344,-120.247,0,0,0,0,2,7,R,"紅さかな",173.2,86,0.402,0,84,W,Y,0,0,0,0,0,0,0,0,0,0,0,0,0,0,0,0,0.208,-38.143,0,"mungjungh",-0.285,-17.144,0,"가앤슬_",-21.306,-45.485,0,"crani",-13.389,-64.151,0,"HANA_ARASHI",22.183,-49.81,0,"CVPileMaki",2.557,-67.352,0,"-KYU-",43.596,-96.158,0,"k@ster",0.277,-105.324,0,"Yaksok~",-34.907,-91.045,0,0,0,0,0,0,"",0,0,0,0,3006.035,3009.437,3008.398,,0,0
86,4,0,0,4,1,0,0,0,1,1,255,13,18,47,3022.945,"Kr_Luna",L,28,73,124,-0.619,0.648,-0.234,1.883,-0.159,1.849,-36.808,47.318,97,3,0,0,0,-64.136,-99.968,0,0,0,1,2,7,R,"紅さかな",173.2,86,0.402,0,84,W,Y,0,0,0,0,0,0,0,0,0,0,0,0,0,0,0,0,-0.028,-38.013,0,"mungjungh",-0.085,-17.222,0,"가앤슬_",-21.526,-46.252,0,"crani",-13.381,-64.092,0,"HANA_ARASHI",19.694,-41.736,0,"CVPileMaki",2.063,-67.607,0,"-KYU-",43.801,-96.044,0,"k@ster",-3.955,-104.749,0,"Yaksok~",-34.414,-90.62,0,0,0,0,0,0,"",0,0,0,0,3023.735,3037.305,3025.988,,0,0
87,4,0,0,4,1,1,0,0,1,1,255,13,18,48,3041.624,"Kr_Luna",L,27,82,133,-0.07,1.309,-0.168,1.981,0.147,2.197,-36.808,55.418,92,7,2,2,0,-115.794,-140.129,0,0,0,1,2,7,R,"紅さかな",173.2,86,0.402,3,84,W,Y,3042.753,169,75,79,53,28,140,97,43.634,37.227,-0.04,0,0.23,256.049,428.399,-197.759,0.367,-37.736,0,"mungjungh",0.129,-17.223,120,"가앤슬_",-22.951,-48.309,0,"crani",-13.33,-64.07,0,"HANA_ARASHI",20.083,-44.99,0,"CVPileMaki",1.721,-67.618,105,"-KYU-",43.783,-96.044,0,"k@ster",-2.761,-105.084,0,"Yaksok~",-34.101,-89.914,109,3047.357,-52.895,-76.242,3049.98,8,"Yaksok~",-62.314,-83.724,1,2,3056.013,3052.626,3045.754,3052.613,325,2
88,4,0,0,5,0,0,1,0,1,0,255,17,255,49,3079.791,"Kr_Luna",L,32,96,140,2.407,-2.269,0,1.308,1.398,-0.03,-36.808,12.917,47,53,0,1,0,-250,-200,0,0.455,-19.318,0,3,0,L,"Pring__",190,93.089,0.485,0,84,W,Y,0,0,0,0,0,0,0,0,0,0,0,0,0,0,0,0,-0.036,-37.817,0,"mungjungh",-0.056,-17.492,0,"가앤슬_",-23.31,-46.773,0,"crani",-7.487,-65.661,0,"HANA_ARASHI",21.965,-50.547,0,"CVPileMaki",15.765,-62.646,0,"-KYU-",44.929,-98.377,0,"k@ster",0.1,-104.928,0,"Yaksok~",-35.01,-93.324,0,0,0,0,0,0,"",0,0,0,0,3080.313,3082.164,,,0,0
89,4,0,0,5,1,0,1,0,1,0,255,17,255,50,3094.689,"Kr_Luna",L,32,79,129,-2.637,0.981,-0.466,1.942,-0.774,2.023,-36.808,50.791,89,11,0,1,0,-233.729,-200,0,0,0,0,3,0,L,"Pring__",190,93.089,0.485,0,84,W,Y,0,0,0,0,0,0,0,0,0,0,0,0,0,0,0,0,0.135,-37.804,0,"mungjungh",-0.181,-17.394,0,"가앤슬_",-24.171,-47.732,0,"crani",-4.579,-65.906,0,"HANA_ARASHI",22.151,-49.874,0,"CVPileMaki",15.441,-63.015,0,"-KYU-",44.847,-98.451,0,"k@ster",0.083,-104.768,0,"Yaksok~",-35.202,-92.779,0,0,0,0,0,0,"",0,0,0,0,3095.246,3097.315,,,0,0
90,4,0,0,5,2,0,1,0,1,0,255,17,255,51,3114.309,"Kr_Luna",L,13,66,107,-3.43,1.275,-0.589,2.18,-2.115,2.944,-36.808,73.853,85,15,0,3,0,352.911,344.053,0,0.316,-21.506,0,3,0,L,"Pring__",190,93.089,0.485,0,84,W,Y,0,0,0,0,0,0,0,0,0,0,0,0,0,0,0,0,-0.043,-37.701,0,"mungjungh",-0.135,-18.059,0,"가앤슬_",-23.405,-47.88,0,"crani",-5.361,-65.843,0,"HANA_ARASHI",21.564,-48.602,0,"CVPileMaki",15.461,-63.283,0,"-KYU-",42.968,-98.25,0,"k@ster",-0.732,-102.341,0,"Yaksok~",-34.038,-91.982,0,0,0,0,0,0,"",0,0,0,0,3117.924,3117.977,,,0,6
91,4,0,0,5,0,0,1,1,1,0,10,17,255,52,3149.043,"Kr_Luna",L,29,87,140,1.935,-0.092,-0.093,1.74,0.498,1.369,-36.808,29.939,98,2,0,2,0,250,-200,0,0,0,1,4,1,R,"HalF_HearteD",190,82,0.446,3,84,W,Y,3150.148,242,82,100,66,20,145,108,-30,20.744,0.03,0,0.285,-498.678,139.835,43.665,0.34,-38.037,0,"mungjungh",0.016,-17.451,0,"가앤슬_",-21.258,-44.153,0,"crani",-13.387,-64.371,87,"HANA_ARASHI",20.008,-50.04,0,"CVPileMaki",1.619,-68.008,104,"-KYU-",41.712,-97.281,0,"k@ster",-1.16,-103.165,0,"Yaksok~",-33.642,-89.276,0,3149.435,-0.027,-19.872,3151.569,3,"crani",-14.045,-56.702,0,0,,3156.087,3154.963,,120,2
92,5,1,0,5,0,0,0,0,0,0,255,255,255,38,3203.195,"Pring__",R,32,89,140,-1.842,-0.373,0.062,1.243,-1.107,1.225,-36.186,20.121,14,86,0,1,0,250,-200,38.074,0,0,0,4,2,R,"가앤슬_",190,87,0.2,0,84,W,Y,0,0,0,0,0,0,0,0,0,0,0,0,0,0,0,0,-0.164,-37.974,0,"HalF_HearteD",-0.05,-16.704,0,"ame_3",-19.659,-46.512,0,"_Gosomi",-14.393,-63.312,0,"horisen",18.275,-44.868,0,"alcohol500",11.011,-63.139,0,"si_ho",38.124,-97.085,0,"紅さかな",1.155,-118.981,0,"Pizzallaris",-45.475,-107.8,0,0,0,0,0,0,"",0,0,0,0,3203.935,,,,0,0
93,5,1,0,5,1,0,0,0,0,0,255,255,255,39,3217.658,"Pring__",R,32,82,133,1.228,0.693,0.346,1.447,0.216,1.886,-36.186,35.837,5,95,0,2,0,224.385,-195.649,-0.662,0,0,1,4,2,R,"가앤슬_",190,87,0.2,3,84,W,Y,3218.813,249,61,120,74,44,145,95,35.119,52.574,0.96,0,0.514,193.313,-253.07,-3.942,-0.115,-37.277,0,"HalF_HearteD",-0.056,-16.854,0,"ame_3",-19.854,-46.495,0,"_Gosomi",-14.337,-63.246,0,"horisen",18.298,-44.787,0,"alcohol500",10.609,-62.587,0,"si_ho",38.133,-97.147,0,"紅さかな",0.742,-118.905,0,"Pizzallaris",-45.98,-107.15,0,3222.869,-62.789,-71.739,0,0,"",0,0,0,0,,,,,8,3
94,5,1,0,5,1,1,0,0,0,0,255,255,255,40,3240.436,"Pring__",R,32,82,133,1.55,0.551,0.383,1.423,0.384,1.807,-36.186,38.959,0,100,0,2,0,203.412,-184.178,-9.07,0,0,1,4,2,R,"가앤슬_",190,87,0.2,3,84,W,Y,3241.553,117,31,88,46,31,137,122,29.261,34.99,0.71,0,0.307,192.173,483.962,-145.92,-0.067,-37.091,0,"HalF_HearteD",-0.009,-16.878,0,"ame_3",-20.144,-45.278,0,"_Gosomi",-15.585,-62.235,0,"horisen",18.516,-45.455,0,"alcohol500",9.901,-63.606,83,"si_ho",40.197,-98.872,0,"紅さかな",-1.688,-118.636,0,"Pizzallaris",-45.156,-104.245,110,3246.035,-68.17,-98.083,3246.946,8,"Pizzallaris",-65.137,-95.924,1,0,,3251.79,,,73,2
95,5,1,0,5,0,0,0,0,1,0,255,2,255,41,3275.602,"Pring__",R,32,81,131,1.086,0.392,0.324,1.37,0.114,1.634,-36.186,29.766,27,73,0,0,0,250,-193.783,10.435,0,0,0,5,3,R,"crani",167.4,80,0.4,0,84,W,Y,0,0,0,0,0,0,0,0,0,0,0,0,0,0,0,0,-0.202,-37.645,0,"HalF_HearteD",-0.044,-16.814,0,"ame_3",-20.139,-46.505,0,"_Gosomi",-17.439,-61.216,0,"horisen",19.386,-42.848,0,"alcohol500",6.068,-60.905,0,"si_ho",36.17,-93.403,0,"紅さかな",-0.184,-117.545,0,"Pizzallaris",-48.158,-104.539,0,0,0,0,0,0,"",0,0,0,0,3276.369,3277.583,,,0,0
96,5,1,0,5,0,1,0,0,1,0,255,2,255,42,3290.846,"Pring__",R,32,87,140,0.154,0.342,0.245,1.365,-0.254,1.616,-36.186,24.098,0,100,0,0,0,250,-200,26.347,0,0,0,5,3,R,"crani",167.4,80,0.4,0,84,W,Y,0,0,0,0,0,0,0,0,0,0,0,0,0,0,0,0,-0.152,-37.778,0,"HalF_HearteD",-0.09,-16.83,0,"ame_3",-20.192,-46.599,0,"_Gosomi",-16.828,-60.855,0,"horisen",18.786,-43.897,0,"alcohol500",6.753,-61.082,0,"si_ho",35.692,-93.965,0,"紅さかな",-0.701,-116.157,0,"Pizzallaris",-48.324,-104.267,0,0,0,0,0,0,"",0,0,0,0,3291.569,3293.818,,,0,0
97,5,1,0,5,0,2,0,0,1,0,255,2,255,43,3308.497,"Pring__",R,32,89,140,-0.785,-1,0.061,1.361,-0.647,0.865,-36.186,11.518,0,100,0,0,0,250,-200,36.828,0,0,0,5,3,R,"crani",167.4,80,0.4,0,84,W,Y,0,0,0,0,0,0,0,0,0,0,0,0,0,0,0,0,-0.206,-37.864,0,"HalF_HearteD",-0.074,-16.71,0,"ame_3",-20.205,-46.603,0,"_Gosomi",-16.706,-60.995,0,"horisen",18.341,-45.279,0,"alcohol500",7.136,-61.876,0,"si_ho",35.668,-93.923,0,"紅さかな",-0.156,-116.576,0,"Pizzallaris",-48.33,-104.278,0,0,0,0,0,0,"",0,0,0,0,3309.224,3311.452,,,0,0
98,5,1,0,5,0,0,1,0,1,0,255,2,255,44,3333.003,"Pring__",R,13,77,103,-2.143,-0.788,0.228,1.371,-0.225,1.644,-36.186,24.125,32,68,0,2,0,-365.589,312.348,26.376,0,0,0,6,5,R,"CVPileMaki",175.2,94,0.397,3,84,W,Y,3334.292,253,61,113,117,69,145,113,26.432,-31.155,0.8,0,0.243,77.649,289.728,156.316,-0.012,-37.254,0,"HalF_HearteD",-0.305,-16.928,0,"ame_3",-20.267,-46.682,0,"_Gosomi",-16.452,-61.936,90,"horisen",18.048,-44.722,0,"alcohol500",6.685,-61.579,0,"si_ho",37.244,-96.612,106,"紅さかな",-0.188,-116.74,0,"Pizzallaris",-48.737,-104.509,0,3338.335,44.057,-108.302,3338.546,6,"si_ho",42.589,-105.006,0,0,,3340.659,,,266,1
99,5,1,0,5,0,0,2,0,1,0,255,2,255,45,3361.478,"Pring__",R,32,80,130,1.431,0.99,0.368,1.447,0.318,1.93,-36.186,30.361,0,100,0,2,0,208.389,-188.762,2.019,0,0,1,7,7,R,"k@ster",160,85.128,0.549,3,84,W,Y,3362.505,216,150,93,57,24,145,80,35.121,-32.375,-0.82,0,0.121,292.444,16.302,-52.992,-0.004,-37.074,0,"HalF_HearteD",-0.029,-16.775,0,"ame_3",-19.603,-46.159,0,"_Gosomi",-14.843,-62.089,0,"horisen",18.566,-45.113,0,"alcohol500",5.386,-59.17,0,"si_ho",34.998,-91.455,0,"紅さかな",-0.383,-112.883,0,"Pizzallaris",-43.599,-103.114,0,3366.513,35.845,-74.442,3366.713,6,"si_ho",34.427,-72.17,0,0,,,3367.966,,348,1
100,5,0,0,5,0,0,0,0,0,0,255,255,255,53,3415.787,"Kr_Luna",L,29,77,127,2.326,0.763,-0.049,1.898,0.7,1.882,-36.808,40.741,96,4,0,4,0,200.195,-200,0,0,0,1,5,2,L,"ame_3",190,80,0.21,0,35,W,Y,0,0,0,0,0,0,0,0,0,0,0,0,0,0,0,0,0.376,-37.99,0,"mungjungh",0.192,-17.17,0,"가앤슬_",-22.564,-46.358,0,"crani",-8.293,-65.741,0,"HANA_ARASHI",22.222,-49.751,0,"CVPileMaki",15.736,-63.156,0,"-KYU-",47.288,-97.784,0,"k@ster",-0.256,-100.925,0,"Yaksok~",-32.81,-91.861,0,0,0,0,0,0,"",0,0,0,0,3416.324,,,,0,0
101,5,0,0,5,0,1,0,0,0,0,255,255,255,54,3435.735,"Kr_Luna",L,0,69,121,0.015,1.214,-0.197,2.045,0.013,2.357,-36.808,60.049,98,2,0,2,0,0,0,0,0,0,1,5,2,L,"ame_3",190,80,0.21,3,35,W,Y,3436.759,255,94,121,72,35,145,92,97.653,81.982,-0.73,0,0.275,-87.236,-511.622,265.515,0.106,-37.919,0,"mungjungh",-0.068,-17.276,0,"가앤슬_",-22.371,-46.595,0,"crani",-8.722,-65.718,0,"HANA_ARASHI",21.038,-49.635,0,"CVPileMaki",15.543,-63.203,0,"-KYU-",47.31,-97.723,0,"k@ster",-0.289,-100.972,0,"Yaksok~",-32.554,-90.405,0,0,0,0,0,0,"",0,0,0,0,,,,,4,3
102,5,0,0,5,0,2,0,0,0,0,255,255,255,55,3453.181,"Kr_Luna",L,13,94,127,3.635,-2.529,-0.013,1.428,1.335,0.048,-36.808,4.86,52,48,0,1,0,166.055,400,0,0.595,-22.002,0,5,2,L,"ame_3",190,80,0.21,0,35,W,Y,0,0,0,0,0,0,0,0,0,0,0,0,0,0,0,0,-0.041,-37.889,0,"mungjungh",0.071,-17.284,0,"가앤슬_",-22.282,-48.359,0,"crani",-7.848,-65.403,0,"HANA_ARASHI",21.289,-50.538,0,"CVPileMaki",15.717,-62.398,0,"-KYU-",47.068,-98.408,0,"k@ster",-0.109,-101.779,0,"Yaksok~",-32.408,-90.265,0,0,0,0,0,0,"",0,0,0,0,3453.78,,,,0,0
103,5,0,0,5,1,2,0,0,0,0,255,255,255,56,3482.161,"Kr_Luna",L,10,81,121,-0.553,-1.614,-0.25,1.637,-0.234,1.057,-36.808,14.715,95,5,0,2,0,0,400,0,0,0,1,5,2,L,"ame_3",190,80,0.21,3,35,W,Y,3483.137,255,137,117,92,50,145,39,-41.055,3.421,0,0,0.598,230.82,484.042,269.119,0.091,-37.896,119,"mungjungh",-0.129,-17.434,0,"가앤슬_",-22.394,-48.679,90,"crani",-10.106,-65.088,0,"HANA_ARASHI",21.024,-52.931,0,"CVPileMaki",7.875,-66.095,0,"-KYU-",46.755,-97.555,0,"k@ster",0.02,-102.829,0,"Yaksok~",-37.182,-89.877,0,3482.324,-0.114,-20.089,3484.435,0,"Kr_Luna",-1.276,-31.703,0,0,,,,,20,2
104,5,0,0,5,0,0,1,0,0,0,255,255,255,57,3509.056,"Kr_Luna",L,26,78,128,0.482,0.264,-0.216,1.787,-0.072,1.533,-36.808,32.121,97,3,0,0,0,185.963,-200,0,0,0,0,6,5,L,"alcohol500",175.1,86.32,0.398,0,84,W,Y,0,0,0,0,0,0,0,0,0,0,0,0,0,0,0,0,0.199,-37.96,0,"mungjungh",-0.212,-17.021,0,"가앤슬_",-21.734,-47.97,0,"crani",-5.663,-66.377,0,"HANA_ARASHI",22.375,-51.563,0,"CVPileMaki",15.684,-62.799,0,"-KYU-",46.528,-97.73,0,"k@ster",2.15,-109.505,0,"Yaksok~",-34.904,-96.99,0,0,0,0,0,0,"",0,0,0,0,3509.535,,,,0,0
105,5,0,0,5,0,1,1,0,0,0,255,255,255,58,3521.74,"Kr_Luna",L,0,73,124,-1.076,1.169,-0.299,1.994,-0.46,2.262,-36.808,58.448,97,3,0,2,0,0,0,0,0,0,1,6,5,L,"alcohol500",175.1,86.32,0.398,3,84,W,Y,3522.676,122,26,60,46,14,135,91,13.252,-8.031,-0.2,0,0.139,167.621,-498.454,288.873,0.095,-37.873,0,"mungjungh",-0.204,-17.071,0,"가앤슬_",-20.924,-48.941,0,"crani",-5.658,-66.422,0,"HANA_ARASHI",19.933,-53.507,0,"CVPileMaki",12.136,-64.855,107,"-KYU-",46.848,-97.53,0,"k@ster",5.476,-108.359,0,"Yaksok~",-35.704,-94.972,0,0,0,0,3524.546,5,"CVPileMaki",9.56,-66.654,0,0,,,,,68,1
106,5,0,0,5,0,0,2,0,0,0,255,255,255,59,3545.947,"Kr_Luna",L,14,76,114,-3.912,0.431,-0.209,1.854,-0.042,1.77,-36.808,42.302,96,4,0,2,0,-390.434,312.348,0,0,0,1,7,4,L,"horisen",175.7,94.856,0.448,3,84,W,Y,3547.161,255,79,22,46,28,75,64,-23.759,-33.864,-0.53,0,0.248,-511.729,-114.813,-289.218,0.128,-37.816,0,"mungjungh",-0.205,-17.086,0,"가앤슬_",-23.703,-48.84,0,"crani",-6.678,-66.615,0,"HANA_ARASHI",19.757,-53.286,0,"CVPileMaki",9.794,-66.146,0,"-KYU-",42.784,-95.172,0,"k@ster",1.222,-102.11,0,"Yaksok~",-34.676,-90.326,0,3546.502,0.668,-21.57,3548.946,4,"HANA_ARASHI",16.421,-45.634,1,128,,,,,28,2
107,5,0,0,5,0,0,2,1,0,0,14,255,255,60,3587.279,"Kr_Luna",L,26,78,128,1.364,0.961,-0.116,1.909,0.392,1.962,-36.808,45.581,94,6,0,0,0,132.562,-176.312,0,0,0,0,8,6,R,"si_ho",175.5,87.779,0.35,0,84,W,Y,0,0,0,0,0,0,0,0,0,0,0,0,0,0,0,0,0.08,-37.944,0,"mungjungh",-0.008,-17.226,0,"가앤슬_",-20.479,-44.409,0,"crani",-13.526,-64.153,0,"HANA_ARASHI",20.716,-51.833,0,"CVPileMaki",4.977,-65.652,0,"-KYU-",41.351,-96.812,0,"k@ster",-0.554,-101.418,0,"Yaksok~",-35.804,-90.491,0,0,0,0,0,0,"",0,0,0,0,3588.002,,,,0,0
108,5,0,0,5,0,1,2,1,0,0,14,255,255,61,3603.423,"Kr_Luna",L,0,77,128,-0.552,0.482,-0.25,1.984,-0.233,1.863,-36.808,50.81,88,12,0,0,0,0,0,0,0,0,0,8,6,R,"si_ho",175.5,87.779,0.35,0,84,W,Y,0,0,0,0,0,0,0,0,0,0,0,0,0,0,0,0,0,-37.782,0,"mungjungh",0.016,-17,0,"가앤슬_",-20.409,-43.965,0,"crani",-13.516,-64.171,0,"HANA_ARASHI",20.848,-51.76,0,"CVPileMaki",5.547,-65.092,0,"-KYU-",41.227,-97.048,0,"k@ster",-0.47,-101.443,0,"Yaksok~",-36.043,-91.11,0,0,0,0,0,0,"",0,0,0,0,3604.091,,,,0,0
109,5,0,0,5,0,2,2,1,0,0,14,255,255,62,3623.264,"Kr_Luna",L,14,73,112,-2.618,-1.318,-0.288,1.816,-0.409,1.275,-36.808,46.088,100,0,0,4,0,-390.434,312.348,0,-0.64,-17.634,1,8,6,R,"si_ho",175.5,87.779,0.35,0,84,W,Y,0,0,0,0,0,0,0,0,0,0,0,0,0,0,0,0,0.347,-38.093,0,"mungjungh",-0.798,-17.495,0,"가앤슬_",-20.139,-42.819,0,"crani",-13.537,-64.179,0,"HANA_ARASHI",20.812,-52.26,0,"CVPileMaki",4.261,-65.505,0,"-KYU-",41.854,-97.692,0,"k@ster",-0.5,-101.419,0,"Yaksok~",-34.942,-90.431,0,0,0,0,0,0,"",0,0,0,256,3624.069,,,,0,0
110,6,1,0,5,0,0,0,0,0,0,255,255,255,46,3660.787,"Pring__",R,13,87,110,-0.332,0.242,0.286,1.532,-0.044,1.992,-36.186,21.774,45,55,0,2,0,-388.094,315.251,30.026,0,0,1,8,1,R,"mungjungh",190,87.235,0.299,3,64,W,Y,3662.129,255,186,100,67,31,145,107,0.456,35.282,0.94,0,0.588,406.135,3.034,441.639,-0.167,-37.257,0,"HalF_HearteD",-0.121,-16.809,0,"ame_3",-21.289,-47.915,94,"_Gosomi",-15.084,-63.405,0,"horisen",18.863,-45.359,0,"alcohol500",10.258,-63.502,0,"si_ho",35.978,-95.944,0,"紅さかな",0.238,-116.498,0,"Pizzallaris",-42.065,-94.94,0,3661.969,-11.683,-35.79,3662.68,2,"ame_3",-17.433,-43.518,0,0,,,,,40,2
111,6,1,0,5,0,1,1,0,0,0,255,255,255,47,3700.976,"Pring__",R,32,86,139,1.605,1.097,0.388,1.49,0.407,2.061,-36.186,41.609,0,100,0,2,0,215.282,-200,-2.719,0,0,1,0,8,R,"Yaksok~",173.3,80,0.332,3,84,W,Y,3702.001,133,134,82,54,20,138,123,31.137,41.904,0.67,0,0.135,231.331,494.545,-206.271,0.039,-36.936,0,"HalF_HearteD",-0.025,-16.795,0,"ame_3",-19.915,-46.707,0,"_Gosomi",-15.319,-62.723,0,"horisen",18.685,-45.778,0,"alcohol500",9.209,-64.825,0,"si_ho",35.5,-95.467,0,"紅さかな",-0.001,-118.445,0,"Pizzallaris",-42.172,-96.931,0,3706.313,-83.472,-93.146,0,0,"",0,0,0,0,,,,,8,3
112,6,1,0,5,0,2,1,0,0,0,255,255,255,48,3726.247,"Pring__",R,3,80,105,-2.839,-0.374,0.186,1.28,-0.352,1.428,-36.186,31.176,0,100,0,1,0,-477.248,5.108,6.616,0,0,0,0,8,R,"Yaksok~",173.3,80,0.332,0,84,W,Y,0,0,0,0,0,0,0,0,0,0,0,0,0,0,0,0,-0.092,-37.608,0,"HalF_HearteD",-0.365,-16.554,0,"ame_3",-20.371,-46.719,0,"_Gosomi",-16.104,-61.309,0,"horisen",18.667,-45.665,0,"alcohol500",8.632,-63.175,0,"si_ho",36.888,-94.64,0,"紅さかな",0.05,-119.716,0,"Pizzallaris",-49.643,-103.806,0,0,0,0,0,0,"",0,0,0,0,3726.813,,,,0,0
113,6,1,0,5,1,2,1,0,0,0,255,255,255,49,3741.855,"Pring__",R,3,73,101,-0.012,0.067,0.571,1.457,0.84,1.848,-36.186,49.844,0,100,0,2,0,-439.396,115.668,-7.081,0,0,1,0,8,R,"Yaksok~",173.3,80,0.332,3,84,W,Y,3743.029,210,95,79,100,55,145,124,26.497,18.248,0.7,0,0.2,154.143,-46.586,27.762,-0.075,-37.12,0,"HalF_HearteD",-0.381,-16.747,0,"ame_3",-20.526,-46.928,0,"_Gosomi",-15.87,-62.194,95,"horisen",18.701,-45.633,0,"alcohol500",8.43,-63.293,85,"si_ho",36.444,-94.785,0,"紅さかな",-3.275,-120.896,110,"Pizzallaris",-49.67,-103.831,0,3747.235,-33.774,-124.407,3748.702,7,"紅さかな",-31.537,-122.644,1,0,,3753.108,,,78,2
114,6,1,0,5,0,0,1,0,1,0,255,8,255,50,3789.015,"Pring__",R,32,86,139,0.421,0.466,0.268,1.396,-0.15,1.723,-36.186,23.637,24,76,0,2,0,250,-200,13.558,0,0,1,1,6,R,"-KYU-",180.7,83,0.433,3,84,W,Y,3790.139,255,133,122,87,0,145,128,29.599,28.863,0.56,0,0.527,226.848,75.451,-11.862,0.025,-37.211,0,"HalF_HearteD",-0.09,-16.926,0,"ame_3",-19.606,-46.497,0,"_Gosomi",-16.147,-61.411,0,"horisen",18.612,-45.265,0,"alcohol500",6.269,-60.751,58,"si_ho",36.935,-96.198,0,"紅さかな",0.383,-119.5,0,"Pizzallaris",-42.344,-102.716,0,3794.757,-53.555,-115.161,3796.602,8,"Pizzallaris",-45.095,-112.52,1,0,,3799.967,3797.776,3802.651,73,2
115,6,1,1,5,0,0,1,0,1,0,255,6,255,51,3823.823,"Pring__",R,0,64,104,4.267,0.897,0.653,1.556,1.839,2.199,-36.186,63.128,35,65,0,1,0,0,0,-8.926,0,0,0,2,0,L,"Kr_Luna",190,95.256,0.499,0,84,W,Y,0,0,0,0,0,0,0,0,0,0,0,0,0,0,0,0,-0.11,-37.586,0,"HalF_HearteD",-0.059,-16.643,0,"ame_3",-19.927,-46.737,0,"_Gosomi",-5.035,-63.244,0,"horisen",18.485,-45.162,0,"alcohol500",9.84,-62.534,0,"si_ho",45.399,-96.793,0,"紅さかな",9.54,-122.086,0,"Pizzallaris",-44.365,-103.542,0,0,0,0,0,0,"",0,0,0,0,3824.38,3826.248,,,0,0
116,6,1,1,5,1,0,1,0,1,0,255,6,255,52,3839.826,"Pring__",R,13,86,109,-1.848,-0.864,0.263,1.298,-0.115,1.487,-36.186,20.045,27,73,0,2,0,-386.885,312.348,27.166,0,0,1,2,0,L,"Kr_Luna",190,95.256,0.499,3,84,W,Y,3840.759,113,87,130,102,66,137,128,-2.425,-21.209,0.32,0,0.128,-352.626,-173.577,-421.504,0.065,-37.316,0,"HalF_HearteD",-0.225,-16.769,0,"ame_3",-19.971,-46.788,0,"_Gosomi",-6.581,-66.04,0,"horisen",18.373,-44.923,85,"alcohol500",10.296,-62.076,0,"si_ho",45.313,-96.732,86,"紅さかな",8.086,-123.85,0,"Pizzallaris",-44.619,-105.82,0,3840.302,3.24,-29.6,3843.558,6,"si_ho",32.173,-95.827,1,0,,,3846.159,,392,2
117,6,1,1,5,0,0,1,1,0,1,0,255,6,53,3870.339,"Pring__",R,13,88,111,-2.046,-0.437,0.233,1.416,-0.208,1.742,-36.186,19.114,39,61,0,4,0,-390.434,312.348,30.373,0,0,1,3,4,R,"HANA_ARASHI",190,90,0.25,0,84,W,Y,0,0,0,0,0,0,0,0,0,0,0,0,0,0,0,0,-0.183,-37.677,0,"HalF_HearteD",-0.265,-16.806,0,"ame_3",-19.145,-44.026,0,"_Gosomi",-15.182,-61.51,0,"horisen",18.115,-43.052,0,"alcohol500",6.217,-60.59,0,"si_ho",36.684,-97.337,0,"紅さかな",-0.974,-116.69,0,"Pizzallaris",-43.223,-104.9,0,0,0,0,0,0,"",0,0,0,0,3871.08,,3870.611,,0,0
118,6,1,1,5,0,1,1,1,0,1,0,255,6,54,3887.424,"Pring__",R,3,80,117,-0.303,-0.245,0.443,1.319,0.664,1.47,-36.186,41.095,0,100,0,2,0,-500,0,-5.571,0,0,1,3,4,R,"HANA_ARASHI",190,90,0.25,3,84,W,Y,3888.522,189,90,132,116,43,145,130,26.148,35.088,0.49,0,0.761,209.695,299.782,276.193,-0.079,-37.133,0,"HalF_HearteD",-0.126,-16.931,0,"ame_3",-19.279,-44.213,0,"_Gosomi",-13.583,-62.296,0,"horisen",18.102,-44.279,0,"alcohol500",8.696,-59.744,0,"si_ho",36.907,-97.382,0,"紅さかな",-3.795,-118.377,0,"Pizzallaris",-43.221,-104.898,0,3892.413,-72.61,-107.249,0,0,"",0,0,0,0,,3893.201,3890.462,3896.394,8,4
119,6,1,4,5,0,0,1,0,0,0,255,255,255,55,3933.63,"Pring__",R,13,80,105,-0.473,-0.328,0.474,1.43,0.54,1.772,-36.186,43.428,5,95,0,2,0,-407.252,260.719,-6.035,0,0,1,4,2,R,"가앤슬_",190,87,0.2,3,84,W,Y,3934.924,228,64,120,91,41,145,130,15.279,-29.009,0.62,0,0.547,-245.923,474.212,-29.296,0.054,-37.014,0,"HalF_HearteD",-0.36,-16.902,0,"ame_3",-20.092,-46.647,0,"_Gosomi",-15.449,-61.817,85,"horisen",18.734,-45.384,0,"alcohol500",8.703,-62.961,0,"si_ho",38.223,-98.551,114,"紅さかな",-0.089,-120.504,0,"Pizzallaris",-43.883,-105.331,0,3937.235,35.43,-100.909,3937.569,6,"si_ho",34.275,-97.689,0,0,,,,,266,1
120,6,1,4,5,0,0,2,0,0,0,255,255,255,56,3963.598,"Pring__",R,1,66,106,5.62,0.699,0.545,1.47,1.869,1.965,-36.186,73.276,6,94,0,3,0,-1.045,2.15,-4.836,1.798,-21.363,0,5,3,R,"crani",167.4,80,0.4,0,84,W,Y,0,0,0,0,0,0,0,0,0,0,0,0,0,0,0,0,-0.121,-37.437,0,"HalF_HearteD",0.425,-16.949,0,"ame_3",-20.004,-46.546,0,"_Gosomi",-15.105,-62.454,0,"horisen",18.886,-45.784,0,"alcohol500",7.979,-61.46,0,"si_ho",37.699,-96.915,0,"紅さかな",-0.735,-115.023,0,"Pizzallaris",-42.098,-101.585,0,0,0,0,0,0,"",0,0,0,0,3967.935,,,,0,6
121,6,1,4,5,0,0,2,1,0,0,3,255,255,57,3997.757,"Pring__",R,26,94,140,-4.435,-0.965,-0.145,1.352,-2.068,0.87,-36.186,9.063,51,49,0,1,0,129.115,-200,56.494,0,0,0,6,5,R,"CVPileMaki",175.2,94,0.397,0,84,W,Y,0,0,0,0,0,0,0,0,0,0,0,0,0,0,0,0,0.177,-37.541,0,"HalF_HearteD",-0.219,-16.908,0,"ame_3",-19.442,-42.757,0,"_Gosomi",-15.372,-62.086,0,"horisen",18.445,-45.036,0,"alcohol500",7.357,-61.561,0,"si_ho",34.779,-96.91,0,"紅さかな",-0.958,-118.796,0,"Pizzallaris",-46.556,-99.449,0,0,0,0,0,0,"",0,0,0,0,3998.369,,,,0,0
122,6,1,4,5,1,0,2,1,0,0,3,255,255,58,4015.078,"Pring__",R,32,94,140,-3.463,-0.404,-0.075,1.444,-1.743,1.193,-36.186,7.039,46,54,0,1,0,204.61,-200,46.306,0,0,0,6,5,R,"CVPileMaki",175.2,94,0.397,0,84,W,Y,0,0,0,0,0,0,0,0,0,0,0,0,0,0,0,0,0.024,-37.671,0,"HalF_HearteD",-0.441,-18.615,0,"ame_3",-19.403,-43.166,0,"_Gosomi",-15.174,-61.79,0,"horisen",18.475,-45.027,0,"alcohol500",8.056,-62.941,0,"si_ho",34.766,-96.869,0,"紅さかな",-0.735,-118.81,0,"Pizzallaris",-46.545,-99.457,0,0,0,0,0,0,"",0,0,0,32,4015.735,4019.762,,,0,0
123,6,0,4,5,0,0,0,0,0,0,255,255,255,63,4213.292,"-KYU-",R,32,86,140,2.041,-0.605,0.353,1.095,0.563,1.278,-36.437,39.475,0,68,32,2,0,237.101,4.295,0.762,0,0,1,0,8,R,"Pizzallaris",175.1,88,0.383,3,84,W,Y,4214.381,179,72,92,86,24,145,86,-15.665,16.723,-0.77,0,0.2,-89.545,-85.827,60.402,0.012,-36.781,0,"mungjungh",0.103,-17.429,0,"가앤슬_",-22.7,-47.665,87,"crani",-13.366,-63.87,85,"Kr_Luna",19.544,-49.207,0,"CVPileMaki",1.458,-67.619,0,"HANA_ARASHI",44.017,-102.005,0,"k@ster",-0.918,-108.755,0,"Yaksok~",-35.594,-89.017,0,4213.613,-0.267,-21.742,4215.813,3,"crani",-10.534,-55.075,0,0,,,,,50,2
124,6,0,4,5,0,0,1,0,0,0,255,255,255,64,4239.184,"-KYU-",R,32,91,140,-1.15,0.769,0.081,1.325,-0.703,2.086,-36.437,13.353,0,72,28,0,0,152.988,20.154,5.834,0,0,0,1,3,R,"_Gosomi",175.3,85.038,0.47,0,84,W,Y,0,0,0,0,0,0,0,0,0,0,0,0,0,0,0,0,-0.084,-37.096,0,"mungjungh",-0.063,-17.264,0,"가앤슬_",-21.961,-47.443,0,"crani",-13.746,-63.808,0,"Kr_Luna",19.191,-46.876,0,"CVPileMaki",2.157,-67.636,0,"HANA_ARASHI",41.495,-103.389,0,"k@ster",-0.039,-114.046,0,"Yaksok~",-34.201,-88.788,0,0,0,0,0,0,"",0,0,0,0,4239.735,,,,0,0
125,6,0,4,5,0,1,1,0,0,0,255,255,255,65,4255.536,"-KYU-",R,3,89,127,-1.284,-0.693,0.251,1.078,0.088,1.219,-36.437,26.813,0,82,18,0,0,-435.598,0,3.83,0,0,1,1,3,R,"_Gosomi",175.3,85.038,0.47,0,84,W,Y,0,0,0,0,0,0,0,0,0,0,0,0,0,0,0,0,-0.152,-37.493,0,"mungjungh",-0.628,-17.439,0,"가앤슬_",-22.565,-47.168,0,"crani",-13.756,-63.773,0,"Kr_Luna",16.525,-50.802,0,"CVPileMaki",2.525,-67.693,0,"HANA_ARASHI",41.626,-102.104,0,"k@ster",-0.077,-113.97,0,"Yaksok~",-34.611,-89.424,0,0,0,0,0,0,"",0,0,0,0,4256.146,,,,0,0
126,6,0,4,5,0,2,1,0,0,0,255,255,255,66,4274.22,"-KYU-",R,3,91,127,-4.2,0.456,-0.013,1.267,-1.137,1.883,-36.437,9.683,0,91,9,1,0,-459.973,0,12.478,0,0,0,1,3,R,"_Gosomi",175.3,85.038,0.47,0,84,W,Y,0,0,0,0,0,0,0,0,0,0,0,0,0,0,0,0,-0.087,-37.35,0,"mungjungh",-1.052,-17.228,0,"가앤슬_",-22.569,-47.176,0,"crani",-13.801,-63.823,0,"Kr_Luna",18.859,-50.842,0,"CVPileMaki",2.036,-67.724,0,"HANA_ARASHI",41.669,-100.26,0,"k@ster",-0.11,-113.89,0,"Yaksok~",-35.668,-90.988,0,0,0,0,0,0,"",0,0,0,0,4274.846,,,,0,0
127,6,0,4,5,1,2,1,0,0,0,255,255,255,67,4292.428,"-KYU-",R,34,94,140,-1.09,-0.449,0.111,1.125,-0.562,1.386,-36.437,9.284,1,53,46,0,0,62.755,23.046,6.283,0,0,0,1,3,R,"_Gosomi",175.3,85.038,0.47,0,84,W,Y,0,0,0,0,0,0,0,0,0,0,0,0,0,0,0,0,0.058,-37.352,0,"mungjungh",-0.299,-17.589,0,"가앤슬_",-22.557,-47.174,0,"crani",-13.639,-64.003,0,"Kr_Luna",19.91,-49.386,0,"CVPileMaki",1.803,-67.871,0,"HANA_ARASHI",40.502,-98.354,0,"k@ster",-0.047,-113.884,0,"Yaksok~",-34.039,-89.247,0,0,0,0,0,0,"",0,0,0,0,4292.98,,,,0,0
128,6,0,4,5,0,0,2,0,0,0,255,255,255,68,4313.764,"-KYU-",R,34,97,140,-1.54,0.937,0.059,1.352,-0.804,2.188,-36.437,4.341,0,63,37,2,0,99.787,31.638,10.714,0,0,1,2,7,R,"紅さかな",173.2,86,0.402,3,84,W,Y,4314.919,192,119,84,65,34,145,106,97.915,-59.329,0.88,0,0.312,-366.963,-109.221,3.595,-0.201,-37.197,0,"mungjungh",-0.152,-17.358,0,"가앤슬_",-23.11,-47.408,0,"crani",-13.61,-64.008,0,"Kr_Luna",19.954,-50.344,0,"CVPileMaki",2.071,-67.708,0,"HANA_ARASHI",39.035,-99.671,0,"k@ster",-0.034,-109.33,0,"Yaksok~",-35.955,-89.898,0,0,0,0,0,0,"",0,0,0,0,,,,,2,3
129,6,0,4,5,0,1,2,0,0,0,255,255,255,69,4332.623,"-KYU-",R,3,85,123,-2.38,0.001,0.176,1.191,-0.258,1.617,-36.437,25.42,0,69,31,4,0,-500,0,4.694,0,0,1,2,7,R,"紅さかな",173.2,86,0.402,0,84,W,Y,0,0,0,0,0,0,0,0,0,0,0,0,0,0,0,0,-0.008,-37.321,0,"mungjungh",-0.462,-17.065,0,"가앤슬_",-23.521,-46.92,0,"crani",-13.754,-63.416,0,"Kr_Luna",17.734,-53.479,0,"CVPileMaki",1.096,-67.881,0,"HANA_ARASHI",39.647,-100.486,0,"k@ster",-0.672,-109.189,0,"Yaksok~",-37.368,-91.309,0,0,0,0,0,0,"",0,0,0,0,4333.257,,,,0,0
130,6,0,4,5,0,2,2,0,0,0,255,255,255,70,4353.249,"-KYU-",R,32,93,140,-1.684,-1.025,0.003,1.019,-1.063,1.005,-36.437,20.616,0,48,52,1,0,246.78,-34.696,9.813,0,0,0,2,7,R,"紅さかな",173.2,86,0.402,0,84,W,Y,0,0,0,0,0,0,0,0,0,0,0,0,0,0,0,0,-0.156,-37.426,0,"mungjungh",0.081,-17.014,0,"가앤슬_",-22.727,-47.245,0,"crani",-13.634,-63.146,0,"Kr_Luna",20.159,-51.059,0,"CVPileMaki",1.394,-67.959,0,"HANA_ARASHI",42.941,-99.943,0,"k@ster",-0.658,-109.357,0,"Yaksok~",-36.665,-90.709,0,0,0,0,0,0,"",0,0,0,0,4353.824,,,,0,0
131,6,0,4,5,1,2,2,0,0,0,255,255,255,71,4370.804,"-KYU-",R,33,84,136,-0.658,-0.305,0.133,1.152,-0.457,1.476,-36.437,7.53,0,71,29,0,0,120.792,28.003,3.406,0,0,1,2,7,R,"紅さかな",173.2,86,0.402,0,84,W,Y,0,0,0,0,0,0,0,0,0,0,0,0,0,0,0,0,0.005,-37.224,0,"mungjungh",-0.236,-17.497,0,"가앤슬_",-23.365,-48.076,0,"crani",-13.674,-63.176,0,"Kr_Luna",19.212,-52.756,0,"CVPileMaki",1.378,-67.981,0,"HANA_ARASHI",41.835,-98.838,0,"k@ster",-0.703,-109.219,0,"Yaksok~",-37.503,-90.57,0,0,0,0,0,0,"",0,0,0,0,4371.391,,,,0,0
132,7,1,4,5,0,0,0,0,0,0,255,255,255,59,4565.002,"ame_3",L,0,92,140,1.926,-0.598,-0.085,1.375,0.842,1.264,-36.78,19.47,42,58,0,2,0,0,0,0,0,0,0,6,5,R,"CVPileMaki",175.2,94,0.397,3,84,W,Y,4566.116,170,23,120,80,41,145,125,-30,39.606,0.71,0,0.286,-374.14,390.405,-30.811,0.217,-37.292,0,"HalF_HearteD",-0.085,-16.765,0,"Pring__",-19.867,-44.919,85,"_Gosomi",-13.769,-63.384,0,"Pugeuk",19.179,-49.019,0,"alcohol500",10.743,-63.586,0,"horisen",41.709,-100.342,0,"紅さかな",0.429,-117.629,0,"Pizzallaris",-43.743,-103.872,0,4565.28,-0.335,-18.985,4566.469,2,"Pring__",-19.03,-41.439,0,0,,,,,40,2
133,7,1,4,5,0,0,1,0,0,0,255,255,255,60,4587.568,"ame_3",L,0,88,140,-0.085,0.14,-0.272,1.492,-0.029,1.675,-36.78,29.547,52,48,0,2,0,0,0,0,0,0,1,7,7,R,"k@ster",160,85.128,0.549,3,84,W,Y,4588.492,255,131,99,44,12,145,96,-7.978,7.664,0.02,0,0.114,-200.503,523.356,-140.724,0.04,-37.092,0,"HalF_HearteD",-0.084,-16.811,0,"Pring__",-19.541,-45.516,0,"_Gosomi",-13.321,-60.941,0,"Pugeuk",18.484,-48.84,0,"alcohol500",8.799,-58.877,77,"horisen",42.653,-101.002,0,"紅さかな",0.084,-118.231,111,"Pizzallaris",-43.816,-101.603,0,4587.713,-0.764,-23.961,4592.757,7,"紅さかな",-6.234,-94.055,1,0,,,,,100,2
134,7,1,4,5,0,0,1,1,0,0,7,255,255,61,4619.226,"ame_3",L,3,83,128,-1.343,0.783,-0.484,1.625,-1.015,2.103,-36.78,49.317,51,49,0,0,0,277.524,0,2.175,0,0,0,8,1,R,"mungjungh",190,87.235,0.299,0,84,W,Y,0,0,0,0,0,0,0,0,0,0,0,0,0,0,0,0,0.131,-37.583,0,"HalF_HearteD",-0.042,-16.618,0,"Pring__",-19.976,-40.098,0,"_Gosomi",-14.825,-62.256,0,"Pugeuk",17.359,-48.818,0,"alcohol500",6.423,-62.025,0,"horisen",41.553,-98.59,0,"紅さかな",0.898,-118.383,0,"Pizzallaris",-42.103,-101.776,0,0,0,0,0,0,"",0,0,0,0,4619.824,,,,0,0
135,7,1,4,5,0,1,1,1,0,0,7,255,255,62,4634.864,"ame_3",L,3,89,128,-1.11,0.357,-0.504,1.543,-1.107,1.836,-36.78,51.368,43,57,0,0,0,411.091,0,2.395,0,0,0,8,1,R,"mungjungh",190,87.235,0.299,0,84,W,Y,0,0,0,0,0,0,0,0,0,0,0,0,0,0,0,0,0.129,-37.215,0,"HalF_HearteD",-0.665,-17.872,0,"Pring__",-19.414,-40.17,0,"_Gosomi",-15.206,-61.724,0,"Pugeuk",18.347,-50.081,0,"alcohol500",6.991,-63.046,0,"horisen",41.537,-98.576,0,"紅さかな",0.386,-118.336,0,"Pizzallaris",-42.14,-102.043,0,0,0,0,0,0,"",0,0,0,0,4635.335,,,,0,0
136,7,1,4,5,0,2,1,1,0,0,7,255,255,63,4651.84,"ame_3",L,0,93,140,0.597,0.064,-0.208,1.487,0.267,1.656,-36.78,22.829,48,52,0,0,0,0,0,0,0,0,1,8,1,R,"mungjungh",190,87.235,0.299,0,84,W,Y,0,0,0,0,0,0,0,0,0,0,0,0,0,0,0,0,0.1,-37.713,0,"HalF_HearteD",-0.602,-17.741,0,"Pring__",-19.545,-39.588,0,"_Gosomi",-16.294,-62.832,0,"Pugeuk",18.32,-50.029,0,"alcohol500",5.377,-63.202,0,"horisen",41.489,-98.536,0,"紅さかな",-4.074,-118.973,0,"Pizzallaris",-42.143,-102.041,0,0,0,0,0,0,"",0,0,0,0,4652.436,,,,0,0
137,7,1,4,5,0,0,2,1,0,0,7,255,255,64,4675.861,"ame_3",L,0,67,120,-7.356,1.228,-0.51,1.711,-3.189,2.304,-36.78,89.236,94,6,0,1,0,0,0,0,-2.083,-6.535,0,0,8,R,"Yaksok~",173.3,80,0.332,0,84,W,Y,0,0,0,0,0,0,0,0,0,0,0,0,0,0,0,0,0.005,-37.569,0,"HalF_HearteD",-0.425,-16.783,0,"Pring__",-18.87,-39.888,0,"_Gosomi",-17.315,-61.66,0,"Pugeuk",19.247,-50.502,0,"alcohol500",5.155,-62.845,0,"horisen",41.526,-98.315,0,"紅さかな",-2.197,-118.827,0,"Pizzallaris",-42.986,-102.037,0,0,0,0,0,0,"",0,0,0,0,4679.558,4682.329,,,0,0
138,7,1,4,5,1,0,2,0,1,0,255,7,255,65,4702.638,"ame_3",L,0,79,129,-1.846,0.937,-0.436,1.623,-0.791,2.139,-36.78,42.265,55,45,0,4,0,0,0,0,0,0,1,0,8,R,"Yaksok~",173.3,80,0.332,0,84,W,Y,0,0,0,0,0,0,0,0,0,0,0,0,0,0,0,0,0.04,-37.162,0,"HalF_HearteD",-0.048,-16.773,0,"Pring__",-19.86,-45.341,0,"_Gosomi",-16.284,-62.481,0,"Pugeuk",19.794,-47.564,0,"alcohol500",5.836,-61.767,0,"horisen",41.822,-99.221,0,"紅さかな",-0.748,-120.036,0,"Pizzallaris",-42.999,-102.03,0,0,0,0,0,0,"",0,0,0,0,4702.991,4705.291,,,0,0
139,7,1,4,5,1,1,2,0,1,0,255,7,255,66,4719.198,"ame_3",L,0,89,140,-2.048,0.651,-0.454,1.578,-0.878,1.98,-36.78,39.593,49,51,0,1,0,0,0,0,0,0,0,0,8,R,"Yaksok~",173.3,80,0.332,0,84,W,Y,0,0,0,0,0,0,0,0,0,0,0,0,0,0,0,0,-0.003,-37.184,0,"HalF_HearteD",-0.033,-16.701,0,"Pring__",-21.123,-46.664,0,"_Gosomi",-16.034,-62.565,0,"Pugeuk",19.948,-47.304,0,"alcohol500",5.119,-62.699,0,"horisen",41.6,-99.424,0,"紅さかな",-2.255,-120.926,0,"Pizzallaris",-42.978,-102.053,0,0,0,0,0,0,"",0,0,0,0,4719.558,4721.827,,,0,0
140,7,1,4,5,2,1,2,0,1,0,255,7,255,67,4734.984,"ame_3",L,0,76,127,-3.35,1.045,-0.516,1.683,-1.444,2.198,-36.78,62.329,92,8,0,1,0,0,0,0,0,0,0,0,8,R,"Yaksok~",173.3,80,0.332,0,84,W,Y,0,0,0,0,0,0,0,0,0,0,0,0,0,0,0,0,0.089,-37.426,0,"HalF_HearteD",-0.07,-16.7,0,"Pring__",-21.141,-46.628,0,"_Gosomi",-15.209,-62.913,0,"Pugeuk",20.663,-47.408,0,"alcohol500",7.398,-61.41,0,"horisen",42.01,-99.898,0,"紅さかな",-1.777,-118.028,0,"Pizzallaris",-42.982,-102.052,0,0,0,0,0,0,"",0,0,0,0,4735.424,4737.799,,,0,0
141,7,1,4,5,3,1,2,0,1,0,255,7,255,68,4756.078,"ame_3",L,0,87,140,0.929,0.193,-0.177,1.505,0.41,1.719,-36.78,22.64,55,45,0,2,0,0,0,0,0,0,1,0,8,R,"Yaksok~",173.3,80,0.332,3,84,W,Y,4757.033,188,77,86,49,6,145,126,-30,44.356,0.41,0,0.148,-360.592,303.681,-145.411,0.017,-37.085,0,"HalF_HearteD",-0.02,-16.844,0,"Pring__",-20.097,-44.554,0,"_Gosomi",-15.163,-62.814,0,"Pugeuk",18.651,-49.311,0,"alcohol500",7.659,-61.535,0,"horisen",41.705,-99.985,0,"紅さかな",-2.093,-118.37,0,"Pizzallaris",-42.99,-102.052,0,4756.202,-1.196,-19.954,4757.402,2,"Pring__",-18.275,-42.166,0,0,,4760.756,,,26,2
142,7,0,4,5,0,0,0,0,0,0,255,255,255,72,4821.467,"-KYU-",R,3,94,127,0.118,0.527,0.378,1.295,0.681,1.955,-36.437,27.149,0,100,0,2,0,-433.835,0,7.457,0,0,0,3,2,L,"Pring__",190,93.089,0.485,3,84,W,Y,4822.367,255,158,120,89,64,145,95,20.92,12.648,-0.61,0,0.552,208.13,-492.295,-60.08,-0.217,-36.704,0,"mungjungh",0.023,-17.176,0,"가앤슬_",-22.492,-48.253,0,"crani",-9.062,-66.009,0,"Kr_Luna",21.111,-48.573,0,"CVPileMaki",13.879,-64.105,83,"HANA_ARASHI",38.782,-91.281,0,"k@ster",-0.297,-119.499,0,"Yaksok~",-34.188,-87.587,0,4825.869,-9.063,-99.748,4826.524,7,"k@ster",-9.013,-102.033,1,0,,,,,194,2
143,7,0,4,5,0,0,0,1,0,0,12,255,255,73,4853.819,"-KYU-",R,33,91,140,1.18,0.398,0.311,1.277,0.367,1.897,-36.437,17.988,0,69,31,2,0,105.246,21.699,6.115,0,0,1,4,1,R,"HalF_HearteD",190,82,0.446,3,84,W,Y,4854.851,209,95,87,74,19,145,127,23.147,39.676,0.27,0,0.262,320.685,42.35,-393.237,0.005,-37.269,0,"mungjungh",0.027,-17.268,0,"가앤슬_",-19.746,-41.629,0,"crani",-13.625,-63.463,0,"Kr_Luna",14.295,-53.13,0,"CVPileMaki",1.751,-66.948,0,"HANA_ARASHI",36.541,-93.614,0,"k@ster",-6.945,-108.476,0,"Yaksok~",-36.123,-86.585,0,4859.18,-76.589,-111.106,0,0,"",0,0,0,0,,4860.104,4865.121,4870.369,2,4
144,7,0,4,7,0,0,0,0,0,0,255,255,255,74,4896.437,"-KYU-",R,3,86,125,0.929,-0.663,0.477,1.064,1.143,1.208,-36.437,41.4,0,68,32,0,0,-500,0,3.477,0,0,0,5,0,L,"ame_3",190,80,0.21,0,84,W,Y,0,0,0,0,0,0,0,0,0,0,0,0,0,0,0,0,0.071,-37.573,0,"mungjungh",-0.116,-17.349,0,"가앤슬_",-23.401,-47.517,0,"crani",-6.837,-66.291,0,"Kr_Luna",19.647,-46.31,0,"CVPileMaki",15.45,-63.08,0,"HANA_ARASHI",42.03,-93.695,0,"k@ster",-0.255,-116.055,0,"Yaksok~",-35.654,-93.046,0,0,0,0,0,0,"",0,0,0,0,4896.857,,,,0,0
145,7,0,4,7,0,1,0,0,0,0,255,255,255,75,4912.079,"-KYU-",R,0,71,123,-0.341,0.007,0.596,1.074,-0.234,1.644,-36.437,53.657,0,76,24,2,0,42.293,10.465,4.753,0,0,1,5,0,L,"ame_3",190,80,0.21,3,84,W,Y,4913.094,255,70,112,84,32,145,97,-2.602,-47.643,0.95,0,0.374,-230.315,-354.607,82.158,0.134,-37.541,0,"mungjungh",0.051,-17.312,0,"가앤슬_",-23.428,-47.523,0,"crani",-6.823,-66.294,0,"Kr_Luna",20.062,-46.664,0,"CVPileMaki",15.398,-63.315,0,"HANA_ARASHI",42.124,-93.286,0,"k@ster",-0.274,-116.109,0,"Yaksok~",-37.188,-92.943,0,4912.68,9.115,-26.928,0,0,"",0,0,0,0,,,,,2,3
146,7,0,4,7,0,2,0,0,0,0,255,255,255,76,4933.697,"-KYU-",R,32,88,140,4.925,-0.78,0.631,1.042,1.856,1.137,-36.437,47.599,0,75,25,1,0,203.393,-4.07,-1.435,0,0,0,5,0,L,"ame_3",190,80,0.21,0,35,W,Y,0,0,0,0,0,0,0,0,0,0,0,0,0,0,0,0,0.013,-37.335,0,"mungjungh",0.142,-17.328,0,"가앤슬_",-22.818,-48.033,0,"crani",-5.812,-66.538,0,"Kr_Luna",20.012,-45.121,0,"CVPileMaki",14.714,-63.626,0,"HANA_ARASHI",40.786,-92.487,0,"k@ster",-0.223,-117.52,0,"Yaksok~",-35.623,-91.101,0,0,0,0,0,0,"",0,0,0,0,4934.024,,,,0,0
147,7,0,4,7,1,2,0,0,0,0,255,255,255,77,4950.365,"-KYU-",R,32,87,140,2.617,-1.446,0.403,0.925,0.796,0.758,-36.437,41.336,0,58,42,1,0,250,37.163,1.281,0,0,0,5,0,L,"ame_3",190,80,0.21,0,35,W,Y,0,0,0,0,0,0,0,0,0,0,0,0,0,0,0,0,0.224,-37.542,0,"mungjungh",0.232,-17.204,0,"가앤슬_",-23.606,-47.847,0,"crani",-5.226,-66.715,0,"Kr_Luna",20.049,-45.138,0,"CVPileMaki",15.694,-63.467,0,"HANA_ARASHI",44.561,-97.18,0,"k@ster",-0.197,-117.414,0,"Yaksok~",-34.06,-90.182,0,0,0,0,0,0,"",0,0,0,0,4950.713,,,,0,0
148,7,0,4,7,2,2,0,0,0,0,255,255,255,78,4966.678,"-KYU-",R,32,86,139,1.795,-1.091,0.326,0.986,0.437,0.956,-36.437,36.161,0,59,41,4,0,250,11.131,4.4,0,0,1,5,0,L,"ame_3",190,80,0.21,0,35,W,Y,0,0,0,0,0,0,0,0,0,0,0,0,0,0,0,0,-0.027,-37.603,0,"mungjungh",-0.118,-16.998,0,"가앤슬_",-23.757,-48.153,0,"crani",-5.168,-66.727,0,"Kr_Luna",20.252,-48.887,0,"CVPileMaki",11.78,-64.954,0,"HANA_ARASHI",43.369,-94.997,0,"k@ster",-0.284,-117.226,0,"Yaksok~",-33.541,-89.099,0,0,0,0,0,0,"",0,0,0,0,4967.102,,,,0,0
149,7,0,4,7,0,0,1,0,0,0,255,255,255,79,4990.821,"-KYU-",R,32,86,139,3.284,-1.2,0.466,1.011,1.087,0.985,-36.437,39.292,0,54,46,4,0,250,54.751,7.675,0,0,1,6,5,L,"alcohol500",175.1,86.32,0.398,0,40,W,Y,0,0,0,0,0,0,0,0,0,0,0,0,0,0,0,0,-0.135,-37.437,0,"mungjungh",0.1,-17.153,0,"가앤슬_",-22.508,-47.876,0,"crani",-5.415,-66.855,0,"Kr_Luna",20.951,-48.049,0,"CVPileMaki",15.502,-63.18,0,"HANA_ARASHI",48.205,-99.518,0,"k@ster",0.056,-105.574,0,"Yaksok~",-33.628,-90.691,0,0,0,0,0,0,"",0,0,0,0,4991.202,,,,0,0
150,7,0,4,7,0,1,1,0,0,0,255,255,255,80,5007.969,"-KYU-",R,5,85,133,-2.935,0.859,0.002,1.333,-1.07,2.115,-36.437,3.295,0,72,28,4,0,-147.89,0,15.762,0,0,1,6,5,L,"alcohol500",175.1,86.32,0.398,0,40,W,Y,0,0,0,0,0,0,0,0,0,0,0,0,0,0,0,0,-0.104,-37.185,0,"mungjungh",-0.207,-17.109,0,"가앤슬_",-21.784,-49.029,0,"crani",-5.426,-66.874,0,"Kr_Luna",18.778,-50.649,0,"CVPileMaki",12.893,-64.597,0,"HANA_ARASHI",47.478,-98.181,0,"k@ster",0.131,-104.908,0,"Yaksok~",-33.112,-85.104,0,0,0,0,0,0,"",0,0,0,0,5008.313,,,,0,0
151,7,0,4,7,0,2,1,0,0,0,255,255,255,81,5026.957,"-KYU-",R,4,48,100,7.172,-2.656,0.769,0.821,3.609,0.008,-36.437,95.559,0,26,74,1,0,-245.97,-5.854,-1.95,1.325,-20.596,0,6,5,L,"alcohol500",175.1,86.32,0.398,0,40,W,Y,0,0,0,0,0,0,0,0,0,0,0,0,0,0,0,0,0.111,-37.144,0,"mungjungh",0.523,-17.099,0,"가앤슬_",-21.893,-47.622,0,"crani",-5.455,-66.94,0,"Kr_Luna",20.594,-47.654,0,"CVPileMaki",15.558,-63.056,0,"HANA_ARASHI",45.634,-95.633,0,"k@ster",0.011,-104.929,0,"Yaksok~",-33.276,-87.881,0,0,0,0,0,0,"",0,0,0,0,5027.558,,,,0,0
152,7,0,4,7,1,2,1,0,0,0,255,255,255,82,5051.263,"-KYU-",R,33,91,140,12.599,10.335,0.212,1.388,-0.094,2.307,-36.437,28.277,0,76,24,2,0,147.964,8.717,10.278,0,0,1,6,5,L,"alcohol500",175.1,86.32,0.398,3,40,W,Y,5052.17,140,20,97,74,22,142,115,20.807,-14.597,0.77,0,0.196,371.937,-470.716,-9.417,-0.273,-36.818,0,"mungjungh",-0.103,-17.111,0,"가앤슬_",-21.851,-47.607,0,"crani",-5.437,-66.846,79,"Kr_Luna",20.198,-47.813,0,"CVPileMaki",11.304,-65.26,0,"HANA_ARASHI",42.718,-94.014,130,"k@ster",0.574,-104.39,0,"Yaksok~",-34.192,-89.459,0,5056.191,36.904,-117.492,5058.168,6,"HANA_ARASHI",37.982,-119.524,1,0,,5061.589,,,42,2
153,7,0,4,7,0,0,1,0,1,0,255,15,255,83,5087.449,"-KYU-",R,33,84,136,-1.59,-0.119,0.046,1.179,-0.865,1.576,-36.437,18.291,0,78,22,2,0,126.22,23.145,9.103,0,0,1,7,6,L,"horisen",175.7,94.856,0.448,3,83,W,Y,5088.55,154,22,54,35,21,132,125,-30,-39.756,0.63,0,0.199,-275.885,-295.796,198.348,-0.029,-37.58,0,"mungjungh",-0.083,-17.275,0,"가앤슬_",-23.041,-47.6,73,"crani",-4.274,-66.724,0,"Kr_Luna",19.016,-46.291,97,"CVPileMaki",14.478,-63.275,0,"HANA_ARASHI",44.337,-95.903,0,"k@ster",0.709,-105.878,0,"Yaksok~",-34.032,-89.693,0,5087.724,0.744,-19.874,5089.135,4,"Kr_Luna",18.903,-41.531,0,128,,5091.372,,,22,2
154,7,0,4,7,0,0,2,0,1,0,255,15,255,84,5115.986,"-KYU-",R,32,92,140,2.331,0.648,0.386,1.323,0.717,2.045,-36.437,20.537,0,70,30,2,0,250,15.251,10.368,0,0,1,8,4,R,"Pugeuk",190,86.201,0.347,3,83,W,Y,5117.086,129,41,74,28,14,136,99,-52.384,51.104,-0.07,0,0.446,-459.278,207.267,-325.736,-1.564,-37.691,0,"mungjungh",0.021,-17.425,0,"가앤슬_",-21.908,-47.97,0,"crani",-12.678,-65.165,0,"Kr_Luna",19.396,-44.889,0,"CVPileMaki",2.543,-67.007,0,"HANA_ARASHI",40.41,-93.456,0,"k@ster",-0.856,-117.207,0,"Yaksok~",-40.321,-91.309,0,5116.213,-0.664,-20.372,5118.602,2,"가앤슬_",-17.108,-42.696,0,0,,,5122.25,,56,2
155,8,1,4,7,0,1,0,0,0,0,255,255,255,69,5182.757,"ame_3",L,0,89,140,0.849,-0.056,-0.185,1.464,0.375,1.579,-36.78,23.465,40,60,0,2,0,0,0,0,0,0,1,1,0,R,"-KYU-",180.7,83,0.433,3,83,W,Y,5183.807,255,82,110,27,0,145,108,25.406,38.928,0.07,0,0.569,200.843,495.474,-30.64,0.1,-37.132,0,"HalF_HearteD",-0.035,-16.901,0,"Pring__",-20.344,-45.246,0,"_Gosomi",-12.724,-64.25,0,"Pugeuk",18.54,-49.084,0,"alcohol500",8.612,-64.146,0,"horisen",41.19,-99.025,0,"紅さかな",0.429,-117.605,0,"Pizzallaris",-44.357,-101.94,91,5187.769,-69.53,-88.022,5190.158,8,"Pizzallaris",-70.515,-87.746,0,0,,,,,33,2
156,8,1,4,7,0,2,0,0,0,0,255,255,255,70,5207.627,"ame_3",L,3,85,128,-0.98,0.822,-0.464,1.617,-0.924,2.098,-36.78,48.133,47,53,0,0,0,328.575,0,-1.621,0,0,0,1,0,R,"-KYU-",180.7,83,0.433,0,83,W,Y,0,0,0,0,0,0,0,0,0,0,0,0,0,0,0,0,0.076,-37.453,0,"HalF_HearteD",-0.043,-16.662,0,"Pring__",-20.152,-45.468,0,"_Gosomi",-16.324,-62.882,0,"Pugeuk",19.518,-49.534,0,"alcohol500",4.898,-64.159,0,"horisen",41.504,-98.771,0,"紅さかな",-4.183,-121.411,0,"Pizzallaris",-46.371,-103.878,0,0,0,0,0,0,"",0,0,0,0,5208.158,,,,0,0
157,8,1,4,7,0,0,1,0,0,0,255,255,255,71,5230.182,"ame_3",L,0,81,132,-3.264,0.563,-0.496,1.639,-1.407,1.964,-36.78,56.243,51,49,0,1,0,0,0,0,0,0,0,2,4,L,"Kr_Luna",190,95.256,0.499,0,83,W,Y,0,0,0,0,0,0,0,0,0,0,0,0,0,0,0,0,-0.17,-37.192,0,"HalF_HearteD",-0.248,-16.802,0,"Pring__",-20.268,-45.604,0,"_Gosomi",-9.673,-65.441,0,"Pugeuk",21.357,-49.209,0,"alcohol500",10.64,-63.337,0,"horisen",41.514,-98.74,0,"紅さかな",2.27,-123.316,0,"Pizzallaris",-45.047,-102.968,0,0,0,0,0,0,"",0,0,0,0,5230.491,,,,0,0
158,8,1,4,7,1,0,1,0,0,0,255,255,255,72,5247.897,"ame_3",L,3,85,128,-1.143,0.516,-0.494,1.573,-1.063,1.935,-36.78,46.504,48,52,0,0,0,373.245,0,1.055,0,0,0,2,4,L,"Kr_Luna",190,95.256,0.499,0,83,W,Y,0,0,0,0,0,0,0,0,0,0,0,0,0,0,0,0,0.094,-37.37,0,"HalF_HearteD",-0.145,-16.847,0,"Pring__",-21.571,-47.067,0,"_Gosomi",-8.832,-65.781,0,"Pugeuk",21.395,-49.407,0,"alcohol500",11.916,-62.26,0,"horisen",41.491,-98.746,0,"紅さかな",9.941,-123.76,0,"Pizzallaris",-45.062,-102.992,0,0,0,0,0,0,"",0,0,0,0,5248.191,,,,0,0
159,8,1,4,7,1,1,1,0,0,0,255,255,255,73,5265.431,"ame_3",L,0,79,129,-2.72,0.611,-0.508,1.637,-1.17,1.993,-36.78,57.553,47,53,0,2,0,0,0,0,0,0,1,2,4,L,"Kr_Luna",190,95.256,0.499,3,83,W,Y,5266.337,239,92,109,76,31,145,92,-74.212,70.159,-0.75,0,0.137,3.005,-118.985,251.336,-0.254,-37.022,0,"HalF_HearteD",-0.19,-16.965,0,"Pring__",-20.681,-44.918,0,"_Gosomi",-8.376,-66.28,0,"Pugeuk",21.349,-49.519,0,"alcohol500",10.844,-63.801,0,"horisen",41.516,-98.715,0,"紅さかな",9.83,-123.861,0,"Pizzallaris",-43.996,-103.647,0,5265.48,-1.251,-20.772,0,0,"",0,0,0,0,,,,,32,3
160,8,1,4,7,1,2,1,0,0,0,255,255,255,74,5285.685,"ame_3",L,0,91,140,1.472,0.086,-0.127,1.491,0.645,1.67,-36.78,17.415,40,60,0,1,0,0,0,0,0,0,0,2,4,L,"Kr_Luna",190,95.256,0.499,0,83,W,Y,0,0,0,0,0,0,0,0,0,0,0,0,0,0,0,0,0.124,-37.356,0,"HalF_HearteD",-0.116,-16.901,0,"Pring__",-21.253,-46.919,0,"_Gosomi",-9.421,-65.592,0,"Pugeuk",20.704,-48.64,0,"alcohol500",11.651,-62.296,0,"horisen",41.47,-99.337,0,"紅さかな",4.546,-122.798,0,"Pizzallaris",-45.184,-102.876,0,0,0,0,0,0,"",0,0,0,0,5285.936,,,,0,0
161,8,1,4,7,2,2,1,0,0,0,255,255,255,75,5303.509,"ame_3",L,0,89,140,0.573,-0.212,-0.211,1.434,0.256,1.484,-36.78,22.595,39,61,0,0,0,0,0,0,0,0,1,2,4,L,"Kr_Luna",190,95.256,0.499,0,83,W,Y,0,0,0,0,0,0,0,0,0,0,0,0,0,0,0,0,0.09,-37.505,0,"HalF_HearteD",-0.146,-16.858,0,"Pring__",-19.609,-42.141,0,"_Gosomi",-9.415,-65.611,0,"Pugeuk",20.813,-48.604,0,"alcohol500",12.524,-61.745,0,"horisen",41.412,-99.313,0,"紅さかな",5.291,-122.766,0,"Pizzallaris",-45.186,-102.892,0,0,0,0,0,0,"",0,0,0,0,5303.691,,,,0,0
162,8,1,4,7,0,0,2,0,0,0,255,255,255,76,5324.449,"ame_3",L,3,85,125,-3.564,0.978,-0.619,1.647,-2.263,2.224,-36.78,74.173,93,7,0,1,0,441.566,0,-0.572,0,0,0,3,6,R,"HANA_ARASHI",190,90,0.25,0,82,W,Y,0,0,0,0,0,0,0,0,0,0,0,0,0,0,0,0,0.021,-37.178,0,"HalF_HearteD",-0.069,-16.814,0,"Pring__",-21.175,-47.112,0,"_Gosomi",-13.387,-64.562,0,"Pugeuk",19.915,-49.169,0,"alcohol500",8.057,-63.284,0,"horisen",41.656,-99.108,0,"紅さかな",-0.365,-122.737,0,"Pizzallaris",-45.297,-102.811,0,0,0,0,0,0,"",0,0,0,0,5324.958,,,,0,0
163,8,1,4,7,1,0,2,0,0,0,255,255,255,77,5341.138,"ame_3",L,0,99,140,2.792,-0.9,-0.004,1.301,1.217,1.053,-36.78,15.122,37,63,0,2,0,0,0,0,0,0,1,3,6,R,"HANA_ARASHI",190,90,0.25,3,82,W,Y,5342.196,160,65,101,83,44,145,119,-15.468,-34.755,0.14,0,0.523,-176.429,-343.668,33.991,0.175,-37.15,0,"HalF_HearteD",-0.022,-17.035,0,"Pring__",-20.601,-45.497,0,"_Gosomi",-13.312,-64.313,0,"Pugeuk",20.052,-49.135,120,"alcohol500",8.781,-63.178,0,"horisen",41.727,-99.145,0,"紅さかな",-0.634,-122.787,0,"Pizzallaris",-45.312,-102.819,0,5341.269,1.888,-21.193,5342.713,4,"Pugeuk",19.104,-45.792,0,0,5423.702,,,,344,2
164,8,0,4,7,0,0,0,0,0,0,255,255,255,85,5480.148,"HANA_ARASHI",R,26,89,140,-0.529,0.143,0.411,1.947,-0.412,1.482,-36.538,19.647,48,52,0,0,0,124.945,-200,13.343,0,0,0,0,8,R,"Pizzallaris",175.1,88,0.383,0,82,W,Y,0,0,0,0,0,0,0,0,0,0,0,0,0,0,0,0,0.161,-37.096,0,"mungjungh",0.051,-17.417,0,"가앤슬_",-22.285,-48.695,0,"crani",-13.508,-63.366,0,"Kr_Luna",18.92,-48.094,0,"CVPileMaki",1.419,-67.811,0,"si_ho",35.837,-97.764,0,"k@ster",-5.968,-110.655,0,"Yaksok~",-39.679,-92.679,0,0,0,0,0,0,"",0,0,0,0,5480.513,,,,0,0
165,8,0,4,7,0,1,0,0,0,0,255,255,255,86,5494.74,"HANA_ARASHI",R,13,78,115,-0.504,-0.187,0.711,2.098,0.432,1.898,-36.538,58.909,72,28,0,0,0,-387.77,315.65,11.277,0,0,0,0,8,R,"Pizzallaris",175.1,88,0.383,0,82,W,Y,0,0,0,0,0,0,0,0,0,0,0,0,0,0,0,0,0.087,-37.199,0,"mungjungh",-0.284,-17.258,0,"가앤슬_",-22.336,-48.797,0,"crani",-13.396,-63.648,0,"Kr_Luna",19.011,-48.01,0,"CVPileMaki",1.604,-67.885,0,"si_ho",35.822,-97.824,0,"k@ster",-5.988,-111.375,0,"Yaksok~",-35.692,-90.016,0,0,0,0,0,0,"",0,0,0,0,5495.213,,,,0,0
166,8,0,4,7,0,2,0,0,0,0,255,255,255,87,5510.199,"HANA_ARASHI",R,10,79,119,-0.479,1.554,0.469,2.349,-0.222,2.985,-36.538,56.431,100,0,0,1,0,0,400,-29.874,0,0,0,0,8,R,"Pizzallaris",175.1,88,0.383,0,82,W,Y,0,0,0,0,0,0,0,0,0,0,0,0,0,0,0,0,0.363,-36.899,0,"mungjungh",0.069,-17.183,0,"가앤슬_",-22.31,-48.673,0,"crani",-13.387,-63.702,0,"Kr_Luna",19.015,-48.272,0,"CVPileMaki",1.541,-67.932,0,"si_ho",38.407,-96.291,0,"k@ster",-3.708,-113.453,0,"Yaksok~",-35.944,-91.846,0,0,0,0,0,0,"",0,0,0,0,5510.658,,,,0,0
167,8,0,4,7,1,2,0,0,0,0,255,255,255,88,5525.952,"HANA_ARASHI",R,10,87,128,2.34,-1.465,0.715,1.965,0.998,1.191,-36.538,40.797,92,8,0,2,0,0,400,-6.823,0,0,1,0,8,R,"Pizzallaris",175.1,88,0.383,3,82,W,Y,5527.081,124,138,76,81,58,137,127,-30,-42.551,0.56,0,0.259,-130.725,-188.489,13.278,0.135,-36.876,0,"mungjungh",0.002,-17.408,0,"가앤슬_",-22.73,-49.481,0,"crani",-13.397,-63.624,0,"Kr_Luna",15.346,-51.962,0,"CVPileMaki",1.608,-67.882,85,"si_ho",34.15,-98.338,100,"k@ster",-5.018,-111.744,0,"Yaksok~",-35.264,-91.298,0,5526.058,0.642,-19.082,5533.013,6,"si_ho",68.879,-95.814,1,0,,5536.942,,,74,2
168,8,0,4,7,0,0,0,0,1,0,255,18,255,89,5564.323,"HANA_ARASHI",R,13,71,112,-1.01,-1.245,0.47,2.03,-0.14,1.422,-36.538,27.824,94,6,0,4,0,-173.068,400,6.255,0,0,1,1,3,R,"_Gosomi",175.3,85.038,0.47,0,82,W,Y,0,0,0,0,0,0,0,0,0,0,0,0,0,0,0,0,0.204,-37.242,120,"mungjungh",-0.432,-17.31,0,"가앤슬_",-22.9,-49.036,0,"crani",-12.562,-64.603,0,"Kr_Luna",18.559,-44.107,0,"CVPileMaki",1.493,-64.966,0,"si_ho",37.41,-96.994,0,"k@ster",-3.107,-114.143,0,"Yaksok~",-39.15,-91.011,0,0,0,0,0,0,"",0,0,0,0,5564.857,5567.547,5582.352,,0,0
169,8,0,4,7,0,1,0,0,0,1,255,255,18,90,5599.138,"HANA_ARASHI",R,14,77,115,1.73,-0.294,0.517,2.033,0.078,1.845,-36.538,34.122,100,0,0,2,0,381.38,323.341,-3.137,0,0,1,1,3,R,"_Gosomi",175.3,85.038,0.47,3,47,W,Y,5600.215,255,68,83,138,64,145,85,-25.807,-36.015,-0.81,0,0.367,-112.322,-45.879,-21.687,0.208,-36.934,0,"mungjungh",0.108,-17.143,0,"가앤슬_",-23.437,-49.779,88,"crani",-12.56,-64.572,0,"Kr_Luna",17.959,-44.984,96,"CVPileMaki",5.183,-66.428,0,"si_ho",41.031,-96.661,0,"k@ster",-1.644,-114.352,0,"Yaksok~",-36.43,-90.68,0,5599.335,1.47,-22.199,5601.013,4,"Kr_Luna",15.673,-40.291,0,3,,,5603.753,,28,2
170,8,0,4,7,0,0,2,0,0,0,255,255,255,91,5629.076,"HANA_ARASHI",R,32,78,129,1.766,0.993,0.592,2.069,0.426,1.948,-36.538,49.605,67,33,0,1,0,216.102,-200,-5.131,0,0,0,2,7,R,"紅さかな",173.2,86,0.402,0,81,W,Y,0,0,0,0,0,0,0,0,0,0,0,0,0,0,0,0,0.143,-37.068,0,"mungjungh",0.03,-17.239,0,"가앤슬_",-23.189,-47.466,0,"crani",-13.566,-64.834,0,"Kr_Luna",18.718,-45.929,0,"CVPileMaki",2.682,-67.604,0,"si_ho",36.475,-94.063,0,"k@ster",-2.194,-108.751,0,"Yaksok~",-36.889,-91.994,0,0,0,0,0,0,"",0,0,0,0,5629.48,,,,0,0
171,8,0,4,7,1,0,2,0,0,0,255,255,255,92,5645.259,"HANA_ARASHI",R,10,90,128,1.264,-0.192,0.614,2.065,0.532,1.935,-36.538,42.714,80,20,0,0,0,0,400,-7.794,0,0,0,2,7,R,"紅さかな",173.2,86,0.402,0,81,W,Y,0,0,0,0,0,0,0,0,0,0,0,0,0,0,0,0,0.182,-37.017,0,"mungjungh",0.03,-17.064,0,"가앤슬_",-23.213,-47.481,0,"crani",-6.725,-66.775,0,"Kr_Luna",18.225,-46.461,0,"CVPileMaki",12.353,-64.118,0,"si_ho",39.323,-96.759,0,"k@ster",1.24,-111.678,0,"Yaksok~",-35.267,-90.516,0,0,0,0,0,0,"",0,0,0,0,5645.724,,,,0,0
172,8,0,4,7,1,1,2,0,0,0,255,255,255,93,5659.828,"HANA_ARASHI",R,10,63,108,1.645,-0.764,0.65,2.12,0.698,1.737,-36.538,53.386,82,18,0,1,0,0,400,-5.2,0,0,0,2,7,R,"紅さかな",173.2,86,0.402,0,81,W,Y,0,0,0,0,0,0,0,0,0,0,0,0,0,0,0,0,0.102,-37.073,0,"mungjungh",0.044,-16.879,0,"가앤슬_",-23.455,-49.241,0,"crani",-6.679,-66.895,0,"Kr_Luna",19.701,-46.811,0,"CVPileMaki",14.487,-63.491,0,"si_ho",39.599,-95.498,0,"k@ster",-0.436,-112.037,0,"Yaksok~",-33.837,-93.242,0,0,0,0,0,0,"",0,0,0,0,5660.369,,,,0,0
173,8,0,4,7,2,1,2,0,0,0,255,255,255,94,5677.372,"HANA_ARASHI",R,14,78,115,0.437,0.554,0.401,2.292,-0.462,2.347,-36.538,44.572,92,8,0,2,0,369.878,336.438,-6.908,0,0,1,2,7,R,"紅さかな",173.2,86,0.402,3,81,W,Y,5678.568,109,92,76,65,22,136,126,6.455,40.231,0.46,0,0.263,265.673,387.821,156.23,0.19,-36.846,0,"mungjungh",0.054,-16.938,0,"가앤슬_",-23.383,-49.304,120,"crani",-3.043,-65.994,0,"Kr_Luna",19.709,-46.888,0,"CVPileMaki",13.6,-63.761,0,"si_ho",38.503,-96.101,0,"k@ster",-0.871,-111.491,0,"Yaksok~",-36.26,-91.899,0,0,0,0,5679.168,2,"가앤슬_",-23.113,-44.931,0,0,,,,,48,1
174,9,1,4,7,0,0,0,0,0,0,255,255,255,78,5722.525,"ame_3",L,0,88,140,0.134,0.121,-0.251,1.498,0.066,1.692,-36.78,29.79,39,61,0,2,0,0,0,0,0,0,1,4,2,R,"가앤슬_",190,87,0.2,3,81,W,Y,5723.67,152,28,104,60,21,145,93,-15.318,56.02,0.97,0,0.34,-37.05,294.282,13.045,0.039,-37.057,0,"HalF_HearteD",-0.055,-16.875,0,"Pring__",-19.67,-44.782,0,"_Gosomi",-13.275,-63.879,0,"Pugeuk",20.145,-48.201,0,"alcohol500",10.934,-63.123,0,"horisen",41.761,-100.025,0,"紅さかな",-0.036,-122.007,0,"Pizzallaris",-42.535,-98.289,0,5722.869,-4.239,-21.232,0,0,"",0,0,0,0,,,,,32,3
175,9,1,4,7,0,1,0,0,0,0,255,255,255,79,5746.033,"ame_3",L,0,75,126,-1.712,0.813,-0.423,1.63,-0.733,2.12,-36.78,56.238,52,48,0,2,0,0,0,0,0,0,1,4,2,R,"가앤슬_",190,87,0.2,3,81,W,Y,5747.211,137,37,91,65,40,140,96,29.325,54.94,0.94,0,0.416,105.374,152.402,-20.021,-0.007,-37.015,0,"HalF_HearteD",-0.071,-16.871,0,"Pring__",-21.111,-44.512,0,"_Gosomi",-12.584,-64.423,0,"Pugeuk",20.26,-48.377,0,"alcohol500",10.474,-64.144,0,"horisen",41.83,-99.316,0,"紅さかな",-0.134,-120.239,0,"Pizzallaris",-46.268,-100.157,0,5749.958,-62.309,-59.273,0,0,"",0,0,0,0,,,,,40,3
176,9,1,4,7,0,2,0,0,0,0,255,255,255,80,5769.724,"ame_3",L,0,67,106,-3.765,0.822,-0.432,1.768,-1.72,2.139,-36.78,91.254,92,8,0,2,0,46.785,0,-0.137,0,0,1,4,2,R,"가앤슬_",190,87,0.2,3,81,W,Y,5770.95,238,136,80,130,74,145,87,9.57,62.23,1,0,0.927,44.886,-366.485,30.704,-0.04,-37.032,0,"HalF_HearteD",-0.131,-16.822,0,"Pring__",-21.445,-45.845,0,"_Gosomi",-14.345,-64.005,0,"Pugeuk",20.347,-47.854,0,"alcohol500",9.239,-64.199,0,"horisen",41.895,-99.064,0,"紅さかな",-3.543,-120.103,0,"Pizzallaris",-46.872,-99.951,0,5771.235,-25.802,-35.038,0,0,"",0,0,0,0,,,,,32,3
177,9,1,4,7,0,2,0,0,0,0,255,255,255,81,5791.48,"ame_3",L,13,93,115,2.791,-0.868,-0.092,1.413,0.539,1.495,-36.78,18.905,39,61,0,2,0,375.807,329.802,-30.341,0,0,1,4,2,R,"가앤슬_",190,87,0.2,3,81,W,Y,5792.752,57,28,97,51,46,85,67,-66.1,-46.662,-0.57,0,0.303,-403.267,219.4,345.319,0.237,-37.194,0,"HalF_HearteD",-0.001,-16.894,0,"Pring__",-20.337,-44.678,0,"_Gosomi",-15.134,-63.435,0,"Pugeuk",19.598,-49.028,85,"alcohol500",8.923,-65.288,0,"horisen",38.917,-99.752,0,"紅さかな",-6.526,-124.402,0,"Pizzallaris",-47.45,-99.905,0,5791.735,0.827,-19.742,5795.78,4,"Pugeuk",20.34,-38.602,0,0,,,,,288,2
178,9,1,4,7,0,2,0,0,0,0,255,255,255,82,5825.068,"ame_3",L,3,88,114,7.699,-2.529,-0.464,1.7,-0.615,2.115,-36.78,47.332,92,8,0,2,0,378.301,0,1.179,0,0,1,4,2,R,"가앤슬_",190,87,0.2,3,81,W,Y,5826.267,151,64,122,84,53,145,100,101.648,44.505,-0.36,0,0.503,542.554,241.748,84.81,-0.047,-37.172,0,"HalF_HearteD",-0.095,-16.811,0,"Pring__",-21.301,-46.21,0,"_Gosomi",-14.908,-63.41,0,"Pugeuk",19.106,-49.054,0,"alcohol500",10.375,-63.951,0,"horisen",41.889,-100.361,0,"紅さかな",-2.7,-122.235,0,"Pizzallaris",-47.375,-99.984,0,5832.058,23.542,9.275,0,0,"",0,0,0,0,,,,,32,3
179,9,1,4,7,0,2,0,0,0,0,255,255,255,83,5847.751,"ame_3",L,0,93,140,-2.053,0.369,-0.455,1.546,-0.88,1.847,-36.78,30.398,52,48,0,2,0,0,0,0,0,0,1,4,2,R,"가앤슬_",190,87,0.2,3,81,W,Y,5848.876,129,10,96,55,27,138,89,16.909,27.907,0.97,0,0.296,46.183,558.586,-190.954,-0.066,-37.175,0,"HalF_HearteD",-0.924,-16.836,0,"Pring__",-17.284,-40.966,0,"_Gosomi",-15.489,-63.264,0,"Pugeuk",20.232,-50.393,0,"alcohol500",11.136,-64.167,81,"horisen",42.381,-100.924,0,"紅さかな",0.62,-120.497,0,"Pizzallaris",-47.128,-100.553,98,5851.035,-33.434,-70.218,5852.491,8,"Pizzallaris",-42.577,-81.79,1,0,,,,,97,2
180,9,1,4,7,0,0,0,1,0,0,2,255,255,84,5879.558,"ame_3",L,0,76,127,-1.368,0.769,-0.391,1.587,-0.584,2.024,-36.78,38.419,55,45,0,0,0,0,0,0,0,0,0,5,3,R,"crani",167.4,80,0.4,0,81,W,Y,0,0,0,0,0,0,0,0,0,0,0,0,0,0,0,0,0.078,-37.325,0,"HalF_HearteD",-0.047,-16.571,0,"Pring__",-19.28,-39.928,0,"_Gosomi",-15.135,-63.733,0,"Pugeuk",19.573,-48.573,0,"alcohol500",5.078,-62.079,0,"horisen",41.033,-97.114,0,"紅さかな",-0.447,-116.814,0,"Pizzallaris",-44.535,-97.855,0,0,0,0,0,0,"",0,0,0,0,5879.924,,,,0,0
181,9,1,4,7,0,1,0,1,0,0,2,255,255,85,5896.992,"ame_3",L,0,94,140,3.648,-2.846,0.072,1.024,1.569,-0.047,-36.78,35.889,41,12,47,3,0,0,0,0,0.664,-20.499,0,5,3,R,"crani",167.4,80,0.4,0,81,W,Y,0,0,0,0,0,0,0,0,0,0,0,0,0,0,0,0,0.173,-37.718,0,"HalF_HearteD",0.055,-16.652,0,"Pring__",-19.285,-40.147,0,"_Gosomi",-15.318,-62.906,0,"Pugeuk",19.183,-48.788,0,"alcohol500",6.172,-62.926,0,"horisen",41.086,-97.173,0,"紅さかな",0.779,-115.833,0,"Pizzallaris",-44.416,-98.281,0,0,0,0,0,0,"",0,0,0,0,5901.269,5925.873,,,0,6
182,9,1,4,7,0,0,0,1,1,0,3,2,255,86,5929.743,"ame_3",L,0,81,132,-0.15,0.125,-0.278,1.493,-0.057,1.678,-36.78,31.868,55,45,0,0,0,0,0,0,0,0,1,6,5,R,"CVPileMaki",175.2,94,0.397,0,81,W,Y,0,0,0,0,0,0,0,0,0,0,0,0,0,0,0,0,0.039,-37.449,0,"HalF_HearteD",-0.009,-16.633,0,"Pring__",-19.384,-39.912,0,"_Gosomi",-15.144,-62.647,0,"Pugeuk",19.018,-46.729,0,"alcohol500",6.251,-61.864,0,"horisen",41.133,-97.042,0,"紅さかな",1.856,-116.532,0,"Pizzallaris",-46.31,-103.134,0,0,0,0,0,0,"",0,0,0,0,5930.102,5932.328,,,0,0
183,9,1,4,7,0,1,0,1,1,0,3,2,255,87,5951.498,"ame_3",L,5,78,125,-5.215,1.239,-0.651,1.688,-2.491,2.317,-36.78,69.346,92,8,0,1,0,149.805,0,-1.769,0,0,0,6,5,R,"CVPileMaki",175.2,94,0.397,0,81,W,Y,0,0,0,0,0,0,0,0,0,0,0,0,0,0,0,0,0.09,-37.399,0,"HalF_HearteD",-0.562,-16.802,0,"Pring__",-19.057,-39.226,0,"_Gosomi",-14.677,-63.087,0,"Pugeuk",19.146,-46.785,0,"alcohol500",5.45,-61.768,0,"horisen",41.433,-97.54,0,"紅さかな",-0.316,-117.187,0,"Pizzallaris",-46.296,-103.168,0,0,0,0,0,0,"",0,0,0,0,5951.902,5954.351,,,0,0
184,9,1,4,7,1,1,0,1,1,0,3,2,255,88,5972.857,"ame_3",L,0,82,134,-1.943,0.723,-0.445,1.592,-0.833,2.024,-36.78,40.645,49,51,0,4,0,0,0,0,0,0,1,6,5,R,"CVPileMaki",175.2,94,0.397,0,81,W,Y,0,0,0,0,0,0,0,0,0,0,0,0,0,0,0,0,0.027,-37.284,0,"HalF_HearteD",-0.132,-16.61,0,"Pring__",-19.363,-39.253,0,"_Gosomi",-14.598,-62.807,0,"Pugeuk",19.868,-45.706,0,"alcohol500",5.582,-62.113,0,"horisen",41.424,-97.55,0,"紅さかな",-0.593,-117.198,0,"Pizzallaris",-46.295,-103.163,0,0,0,0,0,0,"",0,0,0,0,5973.191,5976.06,,,0,0
185,9,1,4,7,1,2,0,1,1,0,3,2,255,89,5993.513,"ame_3",L,3,81,109,-0.015,0.775,-0.52,1.659,-0.718,2.067,-36.78,53.869,92,8,0,0,0,380.489,0,0.744,0,0,0,6,5,R,"CVPileMaki",175.2,94,0.397,0,81,W,Y,0,0,0,0,0,0,0,0,0,0,0,0,0,0,0,0,0.135,-37.327,0,"HalF_HearteD",-0.111,-16.672,0,"Pring__",-19.003,-39.517,0,"_Gosomi",-15.761,-62.728,0,"Pugeuk",19.434,-44.97,0,"alcohol500",4.263,-61.472,0,"horisen",41.429,-97.623,0,"紅さかな",-0.068,-117.282,0,"Pizzallaris",-46.389,-102.907,0,0,0,0,0,0,"",0,0,0,0,5994.002,5996.685,,,0,0
186,9,1,4,7,0,0,1,1,1,0,3,2,255,90,6035.14,"ame_3",L,0,92,140,2.721,-2.195,-0.011,1.173,1.186,0.448,-36.78,22.805,43,57,0,1,0,0,0,0,0,0,0,7,7,R,"k@ster",160,85.128,0.549,0,87,W,Y,0,0,0,0,0,0,0,0,0,0,0,0,0,0,0,0,0.153,-37.418,0,"HalF_HearteD",-0.047,-16.673,0,"Pring__",-19.454,-39.651,0,"_Gosomi",-15.35,-62.605,0,"Pugeuk",19.905,-46.126,0,"alcohol500",5.83,-59.339,0,"horisen",41.409,-97.542,0,"紅さかな",0.168,-112.21,0,"Pizzallaris",-46.012,-102.233,0,0,0,0,0,0,"",0,0,0,0,6035.335,6037.511,,,0,0
187,9,1,4,7,1,0,1,1,1,0,3,2,255,91,6054.6,"ame_3",L,0,86,140,-1.98,0.746,-0.448,1.575,-0.849,1.994,-36.78,48.127,45,55,0,2,0,0,0,0,0,0,1,7,7,R,"k@ster",160,85.128,0.549,3,87,W,Y,6055.554,222,128,70,59,27,140,104,26.764,22.591,0.8,0,0.134,79.096,-114.333,26.914,0.191,-37.008,0,"HalF_HearteD",-0.165,-16.837,0,"Pring__",-17.868,-43.145,0,"_Gosomi",-15.19,-61.634,0,"Pugeuk",18.808,-47.608,0,"alcohol500",6.736,-60.188,85,"horisen",41.546,-97.606,0,"紅さかな",-0.558,-112.101,0,"Pizzallaris",-46.008,-102.245,105,6059.158,-32.861,-102.147,6059.302,8,"Pizzallaris",-31.856,-99.359,0,0,,6061.707,,,97,1
188,9,1,4,7,0,0,2,1,1,0,3,2,255,92,6084.677,"ame_3",L,0,87,140,0.033,0.07,-0.261,1.488,0.022,1.66,-36.78,24.782,53,47,0,0,0,0,0,0,0,0,0,8,1,R,"mungjungh",190,87.235,0.299,0,63,W,Y,0,0,0,0,0,0,0,0,0,0,0,0,0,0,0,0,0.143,-37.308,0,"HalF_HearteD",-0.027,-16.703,0,"Pring__",-19.96,-40.535,0,"_Gosomi",-15.092,-61.618,0,"Pugeuk",19.707,-48.334,0,"alcohol500",5.99,-60.253,0,"horisen",41.461,-97.629,0,"紅さかな",1.054,-120.336,0,"Pizzallaris",-41.739,-96.859,0,0,0,0,0,0,"",0,0,0,0,6084.913,6087.657,,,0,0
189,9,1,4,7,0,1,2,1,1,0,3,2,255,93,6103.115,"ame_3",L,5,73,109,-2.674,0.956,-0.529,1.752,-1.353,2.221,-36.78,75.597,95,5,0,4,0,107.006,0,-1.95,0,0,1,8,1,R,"mungjungh",190,87.235,0.299,0,63,W,Y,0,0,0,0,0,0,0,0,0,0,0,0,0,0,0,0,0.096,-37.233,0,"HalF_HearteD",-0.101,-16.725,0,"Pring__",-19.577,-40.291,0,"_Gosomi",-15.215,-61.915,0,"Pugeuk",20.363,-48.011,0,"alcohol500",5.466,-61.554,0,"horisen",41.488,-97.658,0,"紅さかな",0.821,-122.455,0,"Pizzallaris",-41.731,-96.867,0,0,0,0,0,0,"",0,0,0,0,6103.569,6105.911,,,0,0
190,9,1,4,7,0,2,2,1,1,0,3,2,255,94,6122.383,"ame_3",L,5,66,103,-4.025,0.871,-0.473,1.725,-2.027,2.175,-36.78,93.843,92,8,0,1,0,139.733,0,-3.522,0,0,0,8,1,R,"mungjungh",190,87.235,0.299,0,63,W,Y,0,0,0,0,0,0,0,0,0,0,0,0,0,0,0,0,0.132,-37.332,0,"HalF_HearteD",-0.286,-16.756,0,"Pring__",-19.53,-39.965,0,"_Gosomi",-14.938,-61.845,0,"Pugeuk",20.048,-47.157,0,"alcohol500",7.85,-61.747,0,"horisen",41.306,-98.359,0,"紅さかな",1.394,-122.631,0,"Pizzallaris",-41.723,-96.867,0,0,0,0,0,0,"",0,0,0,0,6122.891,6126.351,,,0,0
191,9,1,4,7,1,2,2,1,1,0,3,2,255,95,6142.643,"ame_3",L,33,88,140,-1.252,0.624,-0.35,1.573,-0.391,1.933,-36.78,36.024,45,55,0,0,0,-103.704,-85.174,7.506,-0.108,-17.991,1,8,1,R,"mungjungh",190,87.235,0.299,0,63,W,Y,0,0,0,0,0,0,0,0,0,0,0,0,0,0,0,0,-0.06,-36.986,0,"HalF_HearteD",-0.189,-17.169,0,"Pring__",-20.221,-42.572,0,"_Gosomi",-15.189,-62.365,0,"Pugeuk",19.864,-48.682,0,"alcohol500",8.318,-60.581,0,"horisen",41.878,-98.522,0,"紅さかな",-0.942,-120.98,0,"Pizzallaris",-41.729,-96.869,0,0,0,0,0,0,"",0,0,0,256,6144.48,,6149.564,,0,0
